{"type":"FeatureCollection","features":[{"type":"Feature","properties":{"id":"boetzingen","name":"Bötzingen"},"geometry":{"type":"Polygon","coordinates":[[[7.74611,48.06167],[7.74611,48.06169],[7.74644,48.06211],[7.74657,48.06221],[7.74685,48.06229],[7.74711,48.06241],[7.74732,48.06297],[7.74717,48.06296],[7.74699,48.06311],[7.74701,48.06349],[7.74693,48.06353],[7.74656,48.06355],[7.74651,48.06375],[7.74609,48.06381],[7.74607,48.06384],[7.74615,48.064],[7.74609,48.06423],[7.74588,48.06432],[7.74568,48.06458],[7.7454,48.06465],[7.74493,48.06448],[7.74463,48.06452],[7.74438,48.06468],[7.74472,48.06551],[7.74487,48.06761],[7.74534,48.06784],[7.7457,48.06793],[7.74596,48.06827],[7.74598,48.06853],[7.74604,48.06872],[7.74598,48.06879],[7.74697,48.06852],[7.74743,48.06842],[7.74768,48.06832],[7.74859,48.06773],[7.74941,48.06878],[7.75091,48.06833],[7.75131,48.06837],[7.75279,48.06881],[7.75271,48.06899],[7.75278,48.06904],[7.7527,48.06918],[7.75262,48.06949],[7.75285,48.07093],[7.75244,48.07321],[7.75277,48.07324],[7.75229,48.07387],[7.75116,48.07402],[7.75114,48.07397],[7.75072,48.07403],[7.7474,48.07445],[7.74654,48.07452],[7.74635,48.07456],[7.74579,48.07463],[7.74541,48.07465],[7.7446,48.07473],[7.74454,48.07477],[7.74448,48.07485],[7.74448,48.07499],[7.74462,48.07511],[7.74482,48.07519],[7.74504,48.0753],[7.74529,48.0755],[7.74557,48.07575],[7.74596,48.07618],[7.7465,48.07665],[7.7467,48.0769],[7.74683,48.07711],[7.74717,48.0775],[7.74725,48.07757],[7.74736,48.07774],[7.7474,48.07802],[7.7475,48.07814],[7.74763,48.07835],[7.74756,48.07838],[7.74501,48.0804],[7.74415,48.08071],[7.74372,48.08089],[7.74361,48.08097],[7.74349,48.08109],[7.74301,48.0817],[7.74302,48.08194],[7.74319,48.08235],[7.74128,48.08262],[7.7413,48.08266],[7.74131,48.08274],[7.74124,48.08302],[7.74127,48.08312],[7.74133,48.08317],[7.74169,48.0832],[7.74175,48.08322],[7.74178,48.08325],[7.74177,48.08331],[7.7416,48.08359],[7.74163,48.08367],[7.74201,48.08388],[7.74229,48.084],[7.7424,48.08407],[7.73985,48.08516],[7.73961,48.08489],[7.73949,48.08473],[7.73945,48.08492],[7.73939,48.08505],[7.73954,48.08515],[7.7393,48.08533],[7.739,48.0852],[7.73878,48.08512],[7.73845,48.08504],[7.7383,48.08499],[7.73774,48.08478],[7.73755,48.08473],[7.73732,48.08468],[7.73684,48.08465],[7.73647,48.08464],[7.73625,48.08463],[7.7361,48.08465],[7.73591,48.08468],[7.73561,48.08471],[7.7353,48.08476],[7.73517,48.08477],[7.73483,48.08475],[7.73436,48.0847],[7.73395,48.08464],[7.73359,48.08461],[7.73356,48.0847],[7.73332,48.0847],[7.73321,48.08472],[7.73275,48.08489],[7.7326,48.0849],[7.73249,48.08488],[7.73255,48.08474],[7.73242,48.08472],[7.73213,48.08464],[7.73207,48.08463],[7.73207,48.08485],[7.73187,48.08506],[7.73183,48.08514],[7.73184,48.0852],[7.73182,48.08526],[7.73169,48.08518],[7.73158,48.08512],[7.73145,48.08507],[7.73121,48.08501],[7.73102,48.085],[7.73092,48.08498],[7.73057,48.08497],[7.73027,48.08499],[7.7301,48.08502],[7.72983,48.08512],[7.72964,48.08519],[7.72956,48.08525],[7.72954,48.08529],[7.72923,48.08528],[7.72904,48.08526],[7.72896,48.08524],[7.72885,48.08524],[7.72875,48.08526],[7.72857,48.08534],[7.72851,48.08536],[7.72837,48.08537],[7.72805,48.08537],[7.72746,48.08526],[7.72736,48.08508],[7.72715,48.08515],[7.72682,48.08519],[7.72677,48.08534],[7.72659,48.08553],[7.72636,48.0855],[7.72615,48.0854],[7.72577,48.08512],[7.7257,48.08514],[7.72542,48.08515],[7.72539,48.08505],[7.72532,48.08497],[7.72504,48.08475],[7.72492,48.08463],[7.72484,48.08445],[7.72477,48.08436],[7.72468,48.08431],[7.72457,48.0843],[7.72441,48.08431],[7.7243,48.08433],[7.72422,48.08437],[7.72414,48.08445],[7.72409,48.08453],[7.72407,48.08464],[7.72398,48.08491],[7.724,48.08504],[7.72396,48.08515],[7.72393,48.0852],[7.72365,48.08534],[7.72353,48.08541],[7.72341,48.0855],[7.7235,48.08567],[7.72357,48.08577],[7.72363,48.08582],[7.72331,48.08592],[7.72318,48.08595],[7.72306,48.08595],[7.72288,48.08594],[7.72276,48.0859],[7.72262,48.08584],[7.72249,48.08574],[7.7223,48.08555],[7.72218,48.08541],[7.72214,48.08531],[7.72213,48.0852],[7.72223,48.08459],[7.72184,48.08463],[7.72166,48.08464],[7.72092,48.08461],[7.7207,48.08463],[7.72064,48.08464],[7.72069,48.08496],[7.72071,48.08538],[7.72077,48.08563],[7.72058,48.08568],[7.72033,48.08577],[7.72012,48.08583],[7.71992,48.08584],[7.71935,48.0858],[7.71928,48.08589],[7.71843,48.08615],[7.71803,48.08628],[7.71769,48.08638],[7.7174,48.08645],[7.71714,48.0865],[7.71695,48.08653],[7.71679,48.08653],[7.71646,48.08652],[7.71529,48.08644],[7.71487,48.08647],[7.7147,48.08647],[7.7145,48.08646],[7.71431,48.08643],[7.71405,48.08639],[7.71358,48.08634],[7.71349,48.08635],[7.71339,48.08638],[7.71312,48.08643],[7.71271,48.08649],[7.7126,48.08653],[7.71231,48.08671],[7.7121,48.0869],[7.71204,48.08692],[7.71198,48.08698],[7.71184,48.08716],[7.71168,48.0874],[7.71155,48.08767],[7.7112,48.08728],[7.71087,48.08742],[7.7105,48.08753],[7.71023,48.08759],[7.71034,48.08777],[7.71041,48.08792],[7.70964,48.08825],[7.70966,48.08844],[7.7094,48.08861],[7.70926,48.08866],[7.70911,48.08869],[7.70884,48.08872],[7.70866,48.08876],[7.70852,48.08881],[7.70841,48.08887],[7.70824,48.089],[7.70814,48.0891],[7.70796,48.08933],[7.70767,48.08922],[7.70756,48.08939],[7.70736,48.08989],[7.70722,48.08988],[7.70695,48.08992],[7.70677,48.08968],[7.70574,48.08998],[7.70538,48.09012],[7.70473,48.09048],[7.70492,48.09092],[7.7047,48.09101],[7.7045,48.09087],[7.70426,48.09091],[7.70424,48.09081],[7.70385,48.09078],[7.70351,48.0909],[7.70305,48.09103],[7.70282,48.09112],[7.70271,48.09127],[7.70274,48.09141],[7.70261,48.09147],[7.70238,48.09125],[7.70221,48.09128],[7.70206,48.09116],[7.70178,48.09122],[7.70084,48.09139],[7.69959,48.09158],[7.69866,48.09171],[7.69771,48.09181],[7.69709,48.09188],[7.69654,48.09196],[7.69587,48.09205],[7.69405,48.09065],[7.69315,48.08973],[7.69098,48.08725],[7.69075,48.08686],[7.6905,48.08643],[7.68871,48.08562],[7.68725,48.08528],[7.68645,48.08494],[7.68524,48.08401],[7.68477,48.08389],[7.68463,48.08385],[7.68585,48.08315],[7.68626,48.0828],[7.68706,48.082],[7.68728,48.08182],[7.68749,48.08158],[7.68816,48.08026],[7.68807,48.07978],[7.68806,48.07951],[7.68814,48.07932],[7.68823,48.07917],[7.68824,48.07907],[7.68822,48.07896],[7.68818,48.07862],[7.68816,48.07827],[7.68812,48.07811],[7.68806,48.07797],[7.68808,48.07782],[7.68806,48.07766],[7.688,48.0775],[7.68796,48.07735],[7.68786,48.07712],[7.68772,48.07681],[7.68756,48.07659],[7.68746,48.07633],[7.68743,48.07609],[7.68737,48.07585],[7.68731,48.07534],[7.68727,48.07488],[7.68724,48.0747],[7.68679,48.07366],[7.68674,48.07327],[7.68669,48.07302],[7.68661,48.07272],[7.68659,48.07256],[7.6866,48.07234],[7.68659,48.07218],[7.6866,48.07209],[7.68656,48.07148],[7.68666,48.0713],[7.68668,48.07058],[7.68657,48.06845],[7.68739,48.06733],[7.68752,48.06685],[7.6872,48.06532],[7.6872,48.06517],[7.68734,48.06487],[7.68735,48.06481],[7.68735,48.06478],[7.68716,48.0646],[7.68701,48.06436],[7.68706,48.06408],[7.68743,48.06409],[7.68753,48.06409],[7.68761,48.06409],[7.6878,48.06399],[7.68803,48.064],[7.6884,48.06406],[7.68876,48.06405],[7.68945,48.06392],[7.69028,48.06356],[7.69046,48.06353],[7.69077,48.06347],[7.69122,48.06348],[7.69158,48.06333],[7.69186,48.0633],[7.69197,48.06358],[7.69215,48.06353],[7.69231,48.06361],[7.6933,48.06382],[7.69337,48.06372],[7.69364,48.06372],[7.69404,48.06373],[7.69417,48.06339],[7.69458,48.06344],[7.69498,48.06348],[7.69512,48.06347],[7.69558,48.06341],[7.69705,48.06339],[7.69707,48.0629],[7.69712,48.06273],[7.69725,48.06257],[7.69741,48.06248],[7.69757,48.06245],[7.69782,48.06244],[7.69805,48.06236],[7.6983,48.06222],[7.69858,48.06228],[7.69897,48.06157],[7.70039,48.06193],[7.70065,48.06156],[7.70055,48.06132],[7.70047,48.06112],[7.70037,48.06093],[7.70028,48.0608],[7.70019,48.0607],[7.70024,48.06065],[7.70049,48.06044],[7.70065,48.06034],[7.70111,48.0601],[7.70199,48.05959],[7.70204,48.05952],[7.70241,48.05932],[7.70263,48.05921],[7.7076,48.05638],[7.7102,48.05495],[7.71553,48.05917],[7.71729,48.05976],[7.71791,48.06007],[7.71845,48.06027],[7.7185,48.06035],[7.71922,48.06042],[7.72024,48.0604],[7.72046,48.06039],[7.72144,48.06027],[7.72157,48.06022],[7.72189,48.05993],[7.72207,48.05983],[7.72249,48.05975],[7.72301,48.05978],[7.72382,48.05962],[7.72429,48.05959],[7.72429,48.05987],[7.72441,48.06065],[7.72492,48.06053],[7.7253,48.06074],[7.72527,48.06067],[7.72533,48.06038],[7.7253,48.06022],[7.72548,48.05999],[7.72568,48.0599],[7.72572,48.05984],[7.72564,48.0596],[7.72651,48.05987],[7.72672,48.05938],[7.72663,48.05929],[7.72669,48.05923],[7.72776,48.06025],[7.73469,48.06331],[7.73625,48.06357],[7.7369,48.06359],[7.74459,48.06199],[7.74611,48.06167]]]}},{"type":"Feature","properties":{"id":"eichstetten","name":"Eichstetten am Kaiserstuhl"},"geometry":{"type":"Polygon","coordinates":[[[7.75728,48.08265],[7.75783,48.08445],[7.75658,48.08443],[7.75485,48.08442],[7.75458,48.08574],[7.75416,48.08809],[7.75432,48.08838],[7.7546,48.08875],[7.75507,48.08954],[7.75531,48.08975],[7.75542,48.08993],[7.75542,48.09012],[7.75529,48.09014],[7.75571,48.09082],[7.75623,48.09158],[7.75889,48.0952],[7.75939,48.09594],[7.75986,48.0967],[7.76026,48.09749],[7.76079,48.09867],[7.7615,48.10068],[7.75993,48.10142],[7.76011,48.10171],[7.75885,48.10182],[7.75894,48.10575],[7.75839,48.10758],[7.75818,48.10785],[7.75802,48.10797],[7.75722,48.10852],[7.7549,48.1101],[7.75195,48.11211],[7.75172,48.11225],[7.75148,48.11239],[7.75004,48.11312],[7.74943,48.11259],[7.74898,48.11172],[7.74599,48.11158],[7.74619,48.11104],[7.74557,48.11082],[7.74545,48.11081],[7.74544,48.11083],[7.74474,48.11076],[7.74474,48.11068],[7.74473,48.11062],[7.7447,48.11059],[7.74447,48.1105],[7.74453,48.11045],[7.74458,48.11036],[7.74433,48.11029],[7.74444,48.1101],[7.74429,48.11006],[7.74416,48.11008],[7.74398,48.11008],[7.74393,48.11005],[7.7437,48.10998],[7.74311,48.10985],[7.743,48.10977],[7.74291,48.10974],[7.74269,48.1097],[7.74228,48.10954],[7.74209,48.10946],[7.74192,48.1094],[7.74184,48.1094],[7.74168,48.10942],[7.74154,48.10943],[7.74127,48.10938],[7.74115,48.10931],[7.74111,48.10931],[7.74084,48.10928],[7.74056,48.10927],[7.7402,48.1093],[7.7395,48.10941],[7.7385,48.10949],[7.73839,48.10949],[7.73825,48.10947],[7.73698,48.10908],[7.73711,48.10858],[7.73718,48.10844],[7.73654,48.10838],[7.73599,48.1083],[7.73571,48.10825],[7.73532,48.10815],[7.73493,48.10804],[7.7347,48.10796],[7.7343,48.10777],[7.73409,48.10765],[7.73396,48.10755],[7.73377,48.10738],[7.73349,48.10745],[7.73345,48.10744],[7.73222,48.10751],[7.73104,48.10772],[7.731,48.10773],[7.73097,48.10776],[7.73099,48.10782],[7.7314,48.1083],[7.73151,48.10843],[7.73159,48.10854],[7.73164,48.10858],[7.73167,48.10859],[7.7312,48.10862],[7.73093,48.10859],[7.73088,48.1086],[7.73072,48.10864],[7.73069,48.10864],[7.73034,48.10872],[7.73,48.10882],[7.72933,48.10907],[7.72898,48.10923],[7.72874,48.10937],[7.72864,48.10949],[7.72843,48.10964],[7.72827,48.10973],[7.72807,48.10982],[7.72738,48.1101],[7.72695,48.11024],[7.72661,48.11024],[7.72659,48.11027],[7.72655,48.1103],[7.72645,48.11032],[7.72449,48.11059],[7.72407,48.11062],[7.72388,48.11062],[7.72367,48.11061],[7.7228,48.11055],[7.72165,48.11055],[7.72125,48.11054],[7.72076,48.11045],[7.7203,48.11042],[7.71919,48.11036],[7.71804,48.1105],[7.71783,48.11052],[7.7172,48.11038],[7.71622,48.1101],[7.7148,48.10962],[7.7139,48.10935],[7.71336,48.10916],[7.71295,48.10882],[7.71255,48.10854],[7.71224,48.10835],[7.71197,48.10817],[7.71163,48.10801],[7.71141,48.10797],[7.711,48.10793],[7.71063,48.1079],[7.71014,48.10788],[7.70979,48.10788],[7.70953,48.10782],[7.70933,48.10779],[7.70882,48.10776],[7.70882,48.10775],[7.70839,48.1077],[7.70769,48.10756],[7.70737,48.10748],[7.70693,48.10733],[7.70636,48.10705],[7.70597,48.10661],[7.70587,48.10653],[7.70574,48.10647],[7.70562,48.10645],[7.70521,48.10649],[7.70499,48.10647],[7.70465,48.10635],[7.70449,48.10632],[7.7044,48.10634],[7.70427,48.10639],[7.70396,48.10658],[7.70377,48.10663],[7.70395,48.10647],[7.7026,48.10637],[7.70116,48.1064],[7.70014,48.10648],[7.69929,48.10549],[7.69862,48.10492],[7.69797,48.10404],[7.69786,48.10383],[7.69762,48.10335],[7.6972,48.10134],[7.69704,48.10094],[7.69698,48.1008],[7.69665,48.09932],[7.69659,48.09805],[7.69689,48.09706],[7.69694,48.09687],[7.69717,48.09566],[7.69671,48.09471],[7.69606,48.09386],[7.6957,48.09276],[7.69587,48.09205],[7.69654,48.09196],[7.69709,48.09188],[7.69771,48.09181],[7.69866,48.09171],[7.69959,48.09158],[7.70084,48.09139],[7.70178,48.09122],[7.70206,48.09116],[7.70221,48.09128],[7.70238,48.09125],[7.70261,48.09147],[7.70274,48.09141],[7.70271,48.09127],[7.70282,48.09112],[7.70305,48.09103],[7.70351,48.0909],[7.70385,48.09078],[7.70424,48.09081],[7.70426,48.09091],[7.7045,48.09087],[7.7047,48.09101],[7.70492,48.09092],[7.70473,48.09048],[7.70538,48.09012],[7.70574,48.08998],[7.70677,48.08968],[7.70695,48.08992],[7.70722,48.08988],[7.70736,48.08989],[7.70756,48.08939],[7.70767,48.08922],[7.70796,48.08933],[7.70814,48.0891],[7.70824,48.089],[7.70841,48.08887],[7.70852,48.08881],[7.70866,48.08876],[7.70884,48.08872],[7.70911,48.08869],[7.70926,48.08866],[7.7094,48.08861],[7.70966,48.08844],[7.70964,48.08825],[7.71041,48.08792],[7.71034,48.08777],[7.71023,48.08759],[7.7105,48.08753],[7.71087,48.08742],[7.7112,48.08728],[7.71155,48.08767],[7.71168,48.0874],[7.71184,48.08716],[7.71198,48.08698],[7.71204,48.08692],[7.7121,48.0869],[7.71231,48.08671],[7.7126,48.08653],[7.71271,48.08649],[7.71312,48.08643],[7.71339,48.08638],[7.71349,48.08635],[7.71358,48.08634],[7.71405,48.08639],[7.71431,48.08643],[7.7145,48.08646],[7.7147,48.08647],[7.71487,48.08647],[7.71529,48.08644],[7.71646,48.08652],[7.71679,48.08653],[7.71695,48.08653],[7.71714,48.0865],[7.7174,48.08645],[7.71769,48.08638],[7.71803,48.08628],[7.71843,48.08615],[7.71928,48.08589],[7.71935,48.0858],[7.71992,48.08584],[7.72012,48.08583],[7.72033,48.08577],[7.72058,48.08568],[7.72077,48.08563],[7.72071,48.08538],[7.72069,48.08496],[7.72064,48.08464],[7.7207,48.08463],[7.72092,48.08461],[7.72166,48.08464],[7.72184,48.08463],[7.72223,48.08459],[7.72213,48.0852],[7.72214,48.08531],[7.72218,48.08541],[7.7223,48.08555],[7.72249,48.08574],[7.72262,48.08584],[7.72276,48.0859],[7.72288,48.08594],[7.72306,48.08595],[7.72318,48.08595],[7.72331,48.08592],[7.72363,48.08582],[7.72357,48.08577],[7.7235,48.08567],[7.72341,48.0855],[7.72353,48.08541],[7.72365,48.08534],[7.72393,48.0852],[7.72396,48.08515],[7.724,48.08504],[7.72398,48.08491],[7.72407,48.08464],[7.72409,48.08453],[7.72414,48.08445],[7.72422,48.08437],[7.7243,48.08433],[7.72441,48.08431],[7.72457,48.0843],[7.72468,48.08431],[7.72477,48.08436],[7.72484,48.08445],[7.72492,48.08463],[7.72504,48.08475],[7.72532,48.08497],[7.72539,48.08505],[7.72542,48.08515],[7.7257,48.08514],[7.72577,48.08512],[7.72615,48.0854],[7.72636,48.0855],[7.72659,48.08553],[7.72677,48.08534],[7.72682,48.08519],[7.72715,48.08515],[7.72736,48.08508],[7.72746,48.08526],[7.72805,48.08537],[7.72837,48.08537],[7.72851,48.08536],[7.72857,48.08534],[7.72875,48.08526],[7.72885,48.08524],[7.72896,48.08524],[7.72904,48.08526],[7.72923,48.08528],[7.72954,48.08529],[7.72956,48.08525],[7.72964,48.08519],[7.72983,48.08512],[7.7301,48.08502],[7.73027,48.08499],[7.73057,48.08497],[7.73092,48.08498],[7.73102,48.085],[7.73121,48.08501],[7.73145,48.08507],[7.73158,48.08512],[7.73169,48.08518],[7.73182,48.08526],[7.73184,48.0852],[7.73183,48.08514],[7.73187,48.08506],[7.73207,48.08485],[7.73207,48.08463],[7.73213,48.08464],[7.73242,48.08472],[7.73255,48.08474],[7.73249,48.08488],[7.7326,48.0849],[7.73275,48.08489],[7.73321,48.08472],[7.73332,48.0847],[7.73356,48.0847],[7.73359,48.08461],[7.73395,48.08464],[7.73436,48.0847],[7.73483,48.08475],[7.73517,48.08477],[7.7353,48.08476],[7.73561,48.08471],[7.73591,48.08468],[7.7361,48.08465],[7.73625,48.08463],[7.73647,48.08464],[7.73684,48.08465],[7.73732,48.08468],[7.73755,48.08473],[7.73774,48.08478],[7.7383,48.08499],[7.73845,48.08504],[7.73878,48.08512],[7.739,48.0852],[7.7393,48.08533],[7.73954,48.08515],[7.73939,48.08505],[7.73945,48.08492],[7.73949,48.08473],[7.73961,48.08489],[7.73985,48.08516],[7.7424,48.08407],[7.74229,48.084],[7.74201,48.08388],[7.74163,48.08367],[7.7416,48.08359],[7.74177,48.08331],[7.74178,48.08325],[7.74175,48.08322],[7.74169,48.0832],[7.74133,48.08317],[7.74127,48.08312],[7.74124,48.08302],[7.74131,48.08274],[7.7413,48.08266],[7.74128,48.08262],[7.74319,48.08235],[7.74302,48.08194],[7.74301,48.0817],[7.74349,48.08109],[7.74361,48.08097],[7.74372,48.08089],[7.74415,48.08071],[7.74501,48.0804],[7.74756,48.07838],[7.74763,48.07835],[7.7475,48.07814],[7.7474,48.07802],[7.74736,48.07774],[7.74725,48.07757],[7.74717,48.0775],[7.74683,48.07711],[7.7467,48.0769],[7.7465,48.07665],[7.74596,48.07618],[7.74557,48.07575],[7.74529,48.0755],[7.74504,48.0753],[7.74482,48.07519],[7.74462,48.07511],[7.74448,48.07499],[7.74448,48.07485],[7.74454,48.07477],[7.7446,48.07473],[7.74541,48.07465],[7.74579,48.07463],[7.74635,48.07456],[7.74654,48.07452],[7.7474,48.07445],[7.75072,48.07403],[7.75114,48.07397],[7.75116,48.07402],[7.75229,48.07387],[7.75233,48.07387],[7.75224,48.07402],[7.75218,48.07414],[7.7521,48.0744],[7.75207,48.07454],[7.75204,48.07472],[7.7521,48.07627],[7.75224,48.07662],[7.75227,48.07675],[7.75231,48.07693],[7.75235,48.07706],[7.75243,48.0772],[7.75246,48.07724],[7.75273,48.07743],[7.75285,48.07753],[7.75293,48.07761],[7.75297,48.07769],[7.753,48.07777],[7.75302,48.07809],[7.75307,48.07855],[7.7531,48.07906],[7.75308,48.07917],[7.75298,48.07942],[7.75298,48.07951],[7.75305,48.0798],[7.75307,48.08002],[7.75433,48.08091],[7.75455,48.08109],[7.75451,48.08112],[7.75449,48.08116],[7.75449,48.08121],[7.7548,48.08202],[7.75486,48.08205],[7.75627,48.08196],[7.7571,48.08202],[7.75711,48.08206],[7.75728,48.08265]]]}},{"type":"Feature","properties":{"id":"breisach","name":"Breisach am Rhein"},"geometry":{"type":"Polygon","coordinates":[[[7.63285,47.95983],[7.63293,47.96028],[7.63441,47.95951],[7.63665,47.95874],[7.63686,47.95903],[7.63701,47.95923],[7.64071,47.95804],[7.64082,47.95821],[7.64122,47.95807],[7.64159,47.95797],[7.64208,47.9583],[7.64367,47.95794],[7.6437,47.95793],[7.64377,47.95791],[7.64373,47.95828],[7.64372,47.95849],[7.64377,47.95892],[7.64378,47.95896],[7.64418,47.96105],[7.64416,47.96158],[7.64649,47.96135],[7.64652,47.96178],[7.64661,47.96178],[7.64672,47.96177],[7.64676,47.96194],[7.64704,47.96308],[7.64943,47.96266],[7.6497,47.9638],[7.64985,47.96378],[7.65042,47.96366],[7.65146,47.96341],[7.65137,47.96399],[7.65191,47.96421],[7.65194,47.96422],[7.65313,47.96385],[7.65389,47.96501],[7.65371,47.96508],[7.65502,47.96706],[7.65552,47.96687],[7.65555,47.96692],[7.65556,47.96694],[7.6566,47.96851],[7.65669,47.96848],[7.6573,47.96776],[7.65745,47.96775],[7.65753,47.96776],[7.65759,47.96775],[7.65781,47.96772],[7.65802,47.96769],[7.66092,47.96702],[7.66096,47.96701],[7.66099,47.96701],[7.66102,47.967],[7.66104,47.967],[7.66279,47.96663],[7.66304,47.96698],[7.66327,47.96747],[7.66371,47.9674],[7.66389,47.96776],[7.66391,47.96781],[7.66393,47.96783],[7.66373,47.96786],[7.66406,47.96866],[7.66433,47.96864],[7.66472,47.97006],[7.66493,47.97004],[7.66531,47.96997],[7.66533,47.96999],[7.66535,47.97001],[7.66563,47.97033],[7.66544,47.97041],[7.66586,47.9709],[7.66609,47.97128],[7.66654,47.97122],[7.66658,47.97139],[7.66662,47.97154],[7.66679,47.97197],[7.66676,47.9721],[7.66669,47.9723],[7.66687,47.97233],[7.66695,47.97256],[7.66711,47.97286],[7.66713,47.97289],[7.66756,47.97361],[7.66757,47.97363],[7.66907,47.97326],[7.66922,47.97322],[7.66936,47.97318],[7.66928,47.9733],[7.66909,47.97355],[7.67009,47.97396],[7.67028,47.97377],[7.6714,47.97386],[7.67125,47.97407],[7.67129,47.97407],[7.67246,47.97412],[7.67348,47.97424],[7.67365,47.97433],[7.67393,47.97433],[7.67462,47.97438],[7.6747,47.97437],[7.67476,47.97437],[7.67481,47.97437],[7.67506,47.97435],[7.67531,47.97424],[7.6755,47.97427],[7.67557,47.97429],[7.67584,47.97437],[7.67588,47.97439],[7.676,47.97442],[7.67645,47.97457],[7.67645,47.97457],[7.67658,47.97462],[7.6766,47.97465],[7.67691,47.97488],[7.67707,47.97482],[7.67717,47.97474],[7.6773,47.97476],[7.67771,47.97483],[7.6778,47.97484],[7.67788,47.97487],[7.67801,47.97491],[7.67802,47.97492],[7.67808,47.97493],[7.67815,47.97496],[7.67828,47.975],[7.67842,47.97504],[7.67848,47.97506],[7.67842,47.97509],[7.67813,47.97523],[7.67782,47.97546],[7.67763,47.97567],[7.67805,47.97578],[7.67812,47.9758],[7.67851,47.97591],[7.67853,47.97591],[7.6784,47.97609],[7.67835,47.97615],[7.67827,47.97632],[7.67826,47.97643],[7.67825,47.97656],[7.67828,47.97671],[7.6783,47.97678],[7.67837,47.97681],[7.67842,47.97681],[7.67856,47.97682],[7.67866,47.97682],[7.67881,47.97682],[7.67879,47.97689],[7.67877,47.97694],[7.67879,47.97708],[7.67884,47.9772],[7.67889,47.97732],[7.67909,47.97781],[7.67908,47.97781],[7.67895,47.97803],[7.67894,47.97805],[7.67849,47.97822],[7.67812,47.97835],[7.67816,47.97863],[7.67826,47.97902],[7.67842,47.9794],[7.67859,47.9797],[7.67891,47.98018],[7.67919,47.98048],[7.67927,47.98061],[7.67943,47.98081],[7.67956,47.9807],[7.67959,47.98076],[7.67986,47.98145],[7.67992,47.98157],[7.68017,47.98211],[7.68019,47.98229],[7.68016,47.98249],[7.68017,47.98263],[7.68014,47.98276],[7.68013,47.98293],[7.68014,47.98299],[7.68022,47.98321],[7.68027,47.98326],[7.68051,47.98342],[7.68066,47.98347],[7.68071,47.98349],[7.68089,47.98356],[7.68115,47.98348],[7.68138,47.9834],[7.68172,47.98329],[7.68181,47.98326],[7.68182,47.98328],[7.68187,47.98332],[7.68191,47.98337],[7.68199,47.98332],[7.68217,47.98325],[7.68227,47.9833],[7.6824,47.98337],[7.68248,47.98341],[7.68251,47.98342],[7.68265,47.98359],[7.68283,47.98375],[7.68286,47.98382],[7.68292,47.98393],[7.68312,47.98432],[7.68334,47.98466],[7.68285,47.98477],[7.68282,47.98478],[7.68294,47.98502],[7.68312,47.98541],[7.68325,47.98578],[7.6833,47.98594],[7.68346,47.9863],[7.68341,47.98635],[7.68349,47.98657],[7.68357,47.98676],[7.68366,47.98692],[7.68368,47.98705],[7.68387,47.98704],[7.68436,47.98752],[7.68454,47.98775],[7.68477,47.98796],[7.68488,47.98807],[7.68444,47.98825],[7.68427,47.98823],[7.68408,47.98833],[7.68376,47.98849],[7.68376,47.9885],[7.68372,47.98851],[7.68401,47.98886],[7.68343,47.98912],[7.68353,47.98924],[7.68363,47.98933],[7.683,47.98957],[7.68274,47.98964],[7.68243,47.98941],[7.68213,47.98918],[7.68139,47.98975],[7.6809,47.98994],[7.68144,47.99046],[7.6812,47.99059],[7.68116,47.99063],[7.68062,47.99093],[7.68049,47.99101],[7.68036,47.99107],[7.6798,47.99126],[7.67966,47.99131],[7.67967,47.99135],[7.67972,47.99147],[7.67946,47.99152],[7.67897,47.99163],[7.67879,47.99166],[7.67912,47.99214],[7.67925,47.99256],[7.67939,47.99288],[7.67969,47.99301],[7.67914,47.99341],[7.67852,47.99404],[7.67831,47.99472],[7.67829,47.99474],[7.67837,47.99488],[7.6784,47.99497],[7.67848,47.99524],[7.67873,47.99555],[7.67891,47.99581],[7.67851,47.99584],[7.67781,47.99583],[7.67681,47.9958],[7.67532,47.99575],[7.67546,47.997],[7.67558,47.99758],[7.67533,47.99812],[7.67505,47.99871],[7.67504,47.99879],[7.67504,47.9989],[7.67509,47.99906],[7.67517,47.99924],[7.67496,47.99924],[7.674,47.99927],[7.67366,47.99936],[7.67352,47.99983],[7.67348,48.0002],[7.67354,48.0008],[7.67349,48.00099],[7.67308,48.00096],[7.67282,48.001],[7.67249,48.00092],[7.67234,48.00098],[7.67235,48.00136],[7.67226,48.0017],[7.67228,48.00196],[7.67241,48.00221],[7.67261,48.00242],[7.67214,48.00256],[7.67192,48.00275],[7.6719,48.00277],[7.67149,48.00284],[7.67145,48.00285],[7.6712,48.00295],[7.6712,48.00307],[7.67106,48.00308],[7.67101,48.00317],[7.67075,48.00294],[7.67089,48.00291],[7.67084,48.00275],[7.67047,48.00279],[7.67045,48.00266],[7.67054,48.00266],[7.67041,48.00247],[7.67056,48.00244],[7.67048,48.00226],[7.67027,48.00229],[7.66943,48.00225],[7.66935,48.00225],[7.66933,48.0027],[7.66868,48.0025],[7.66873,48.00305],[7.66885,48.00348],[7.66895,48.0039],[7.6691,48.00456],[7.66914,48.00483],[7.66914,48.00504],[7.66918,48.00534],[7.66914,48.00556],[7.66908,48.0058],[7.66883,48.00625],[7.66855,48.00657],[7.66845,48.00669],[7.66838,48.00678],[7.66814,48.00716],[7.66806,48.00737],[7.66649,48.00807],[7.66571,48.00813],[7.66562,48.00817],[7.66502,48.0089],[7.66493,48.00955],[7.66515,48.01014],[7.66518,48.01051],[7.66508,48.01089],[7.66511,48.0111],[7.66504,48.01176],[7.66493,48.01192],[7.66483,48.01205],[7.66435,48.01238],[7.66417,48.01264],[7.66408,48.01287],[7.66398,48.01306],[7.66394,48.01328],[7.66385,48.01352],[7.6637,48.01372],[7.66351,48.01384],[7.6633,48.01392],[7.66302,48.01397],[7.66269,48.014],[7.66237,48.01405],[7.6621,48.01411],[7.66186,48.01422],[7.66177,48.01428],[7.66168,48.01434],[7.66154,48.01446],[7.66151,48.01453],[7.66144,48.01461],[7.66133,48.01468],[7.66102,48.0148],[7.66088,48.01488],[7.66081,48.01498],[7.66078,48.01509],[7.66079,48.01518],[7.66078,48.01537],[7.66046,48.01595],[7.66023,48.01641],[7.66012,48.01657],[7.66001,48.01668],[7.65985,48.01678],[7.65891,48.01794],[7.65879,48.01812],[7.65871,48.0182],[7.6586,48.0184],[7.65847,48.01862],[7.65836,48.01877],[7.65833,48.01891],[7.65805,48.01911],[7.65789,48.01937],[7.65784,48.01953],[7.65778,48.01961],[7.65771,48.01972],[7.65753,48.01987],[7.65741,48.01999],[7.65733,48.02011],[7.6572,48.02028],[7.65709,48.02046],[7.65688,48.02064],[7.65682,48.02079],[7.65689,48.02093],[7.65834,48.02223],[7.65905,48.0228],[7.65955,48.02378],[7.66136,48.02741],[7.66144,48.02756],[7.66156,48.02783],[7.66162,48.02812],[7.66164,48.02841],[7.65862,48.02896],[7.65857,48.02912],[7.65769,48.02928],[7.6575,48.02943],[7.65627,48.0296],[7.65492,48.03004],[7.65467,48.03003],[7.65464,48.03003],[7.65338,48.03031],[7.65293,48.03037],[7.65262,48.03041],[7.65225,48.03046],[7.65219,48.03047],[7.65182,48.03053],[7.65153,48.03057],[7.65072,48.03073],[7.65059,48.03076],[7.6496,48.03095],[7.64886,48.0311],[7.64843,48.03119],[7.64803,48.03126],[7.64795,48.03128],[7.64783,48.0313],[7.64761,48.0313],[7.64753,48.03131],[7.64733,48.03139],[7.64687,48.03147],[7.64669,48.03151],[7.64655,48.03156],[7.64642,48.03165],[7.64637,48.03164],[7.64633,48.03164],[7.64624,48.03164],[7.64615,48.03166],[7.64602,48.03169],[7.64509,48.03197],[7.64373,48.03241],[7.64352,48.03247],[7.64345,48.0325],[7.64315,48.03259],[7.64248,48.03281],[7.64238,48.03285],[7.64097,48.03327],[7.64045,48.03344],[7.63832,48.03411],[7.63818,48.03416],[7.63768,48.03432],[7.6373,48.03447],[7.63657,48.03468],[7.63594,48.03488],[7.63577,48.03463],[7.63549,48.03467],[7.63368,48.03516],[7.62878,48.03636],[7.62877,48.03637],[7.62718,48.03676],[7.62711,48.03678],[7.62703,48.0368],[7.62269,48.03802],[7.62253,48.03807],[7.62287,48.03829],[7.62292,48.03845],[7.62212,48.03852],[7.61905,48.039],[7.61888,48.03848],[7.61838,48.0385],[7.61826,48.03749],[7.617,48.03755],[7.61671,48.03756],[7.61572,48.03744],[7.61595,48.03947],[7.61592,48.03954],[7.61584,48.03965],[7.61555,48.03967],[7.61544,48.03967],[7.61537,48.03967],[7.61522,48.03969],[7.61509,48.03976],[7.61427,48.04168],[7.61405,48.04204],[7.61377,48.04228],[7.61359,48.04249],[7.61333,48.04275],[7.61297,48.04309],[7.61252,48.04349],[7.61293,48.04371],[7.61269,48.04393],[7.61241,48.04421],[7.61221,48.04464],[7.61189,48.04526],[7.61122,48.04677],[7.61123,48.04706],[7.61131,48.04756],[7.61154,48.04849],[7.61179,48.04967],[7.61185,48.05018],[7.61183,48.05044],[7.61161,48.05193],[7.61164,48.05194],[7.61537,48.05209],[7.61524,48.05227],[7.6145,48.05325],[7.61153,48.05314],[7.61136,48.05316],[7.60663,48.05345],[7.60623,48.05335],[7.60599,48.05325],[7.60458,48.05533],[7.60362,48.05668],[7.60298,48.05806],[7.60278,48.05842],[7.60175,48.05981],[7.60136,48.06055],[7.60121,48.06102],[7.60054,48.06255],[7.60048,48.06279],[7.60049,48.06305],[7.60132,48.06545],[7.59861,48.06585],[7.5986,48.06576],[7.59587,48.0661],[7.59516,48.06618],[7.59544,48.06739],[7.59528,48.0675],[7.59511,48.0677],[7.59587,48.06939],[7.59593,48.06938],[7.59927,48.08331],[7.59936,48.08347],[7.59975,48.08359],[7.60101,48.08475],[7.60061,48.08538],[7.60045,48.08558],[7.59994,48.0862],[7.59919,48.087],[7.59917,48.08752],[7.59909,48.08773],[7.59895,48.08793],[7.59883,48.08785],[7.59818,48.08816],[7.59773,48.08858],[7.59656,48.08929],[7.59636,48.08956],[7.59614,48.09008],[7.59608,48.0905],[7.59611,48.09079],[7.59498,48.08978],[7.5943,48.08965],[7.59321,48.0892],[7.59086,48.08718],[7.59027,48.08694],[7.58929,48.08672],[7.58729,48.08674],[7.58694,48.08664],[7.57356,48.09108],[7.57284,48.09029],[7.57188,48.08876],[7.57101,48.08723],[7.57002,48.08495],[7.56972,48.08409],[7.56954,48.08325],[7.56941,48.08234],[7.56927,48.08119],[7.56924,48.08057],[7.56923,48.07913],[7.56931,48.07836],[7.5698,48.07555],[7.57035,48.0732],[7.57107,48.06973],[7.57202,48.06588],[7.57269,48.06308],[7.57339,48.05982],[7.57358,48.05874],[7.57381,48.0572],[7.57393,48.05452],[7.5739,48.05327],[7.57382,48.05198],[7.57372,48.05127],[7.57363,48.05058],[7.57322,48.04867],[7.57295,48.04759],[7.57289,48.04733],[7.57272,48.04685],[7.57259,48.04643],[7.5723,48.04548],[7.57169,48.04405],[7.57156,48.0438],[7.57101,48.04266],[7.56964,48.0401],[7.56927,48.03917],[7.56897,48.03824],[7.56876,48.0371],[7.56869,48.03622],[7.56873,48.03541],[7.5689,48.03457],[7.56927,48.03358],[7.56987,48.03245],[7.57045,48.03163],[7.5714,48.03058],[7.57301,48.02919],[7.57568,48.02712],[7.57846,48.02507],[7.58155,48.02265],[7.58167,48.02256],[7.58171,48.02253],[7.58175,48.02251],[7.58415,48.02057],[7.59562,48.01146],[7.6,48.00795],[7.6002,48.00779],[7.60033,48.00768],[7.60152,48.0068],[7.60268,48.00585],[7.60474,48.00408],[7.60767,48.00133],[7.609,48.0001],[7.6101,47.99889],[7.6121,47.99649],[7.61519,47.99211],[7.61629,47.99021],[7.61755,47.98785],[7.61846,47.98597],[7.61919,47.98421],[7.62032,47.98105],[7.62123,47.97848],[7.62182,47.97655],[7.62201,47.9739],[7.6219,47.9725],[7.62165,47.97127],[7.62145,47.97046],[7.62103,47.96927],[7.62063,47.96849],[7.61993,47.96723],[7.61899,47.96592],[7.61526,47.9611],[7.61416,47.95961],[7.61306,47.95818],[7.61372,47.95799],[7.61434,47.95781],[7.61444,47.95779],[7.61543,47.95749],[7.6158,47.9574],[7.61993,47.95633],[7.62543,47.9549],[7.62567,47.95484],[7.62702,47.9545],[7.62855,47.95417],[7.62883,47.95444],[7.62921,47.95459],[7.62965,47.95466],[7.63019,47.95465],[7.63158,47.95611],[7.63211,47.957],[7.63219,47.95727],[7.63241,47.95809],[7.63278,47.95969],[7.63285,47.95983]]]}},{"type":"Feature","properties":{"id":"ihringen","name":"Ihringen"},"geometry":{"type":"Polygon","coordinates":[[[7.68463,48.08385],[7.68344,48.08415],[7.68232,48.0844],[7.68167,48.08451],[7.68138,48.08416],[7.68049,48.08367],[7.6798,48.08323],[7.67938,48.08264],[7.67874,48.08243],[7.6781,48.08215],[7.67699,48.08189],[7.67657,48.08169],[7.67618,48.0814],[7.67587,48.08122],[7.67517,48.08119],[7.67444,48.08118],[7.67377,48.08112],[7.67307,48.08094],[7.67282,48.08099],[7.67228,48.08094],[7.67179,48.08104],[7.67127,48.0811],[7.67057,48.08121],[7.66969,48.08086],[7.66976,48.08038],[7.66982,48.08004],[7.66989,48.08002],[7.66956,48.07893],[7.66911,48.07844],[7.66851,48.07798],[7.66794,48.07719],[7.66538,48.076],[7.66421,48.07506],[7.66383,48.07368],[7.66339,48.07255],[7.6627,48.07163],[7.6615,48.07069],[7.66048,48.07017],[7.65956,48.06961],[7.65926,48.06909],[7.65901,48.06867],[7.65788,48.06777],[7.6563,48.06773],[7.65527,48.06745],[7.65419,48.06758],[7.65379,48.06846],[7.65392,48.06939],[7.65185,48.06988],[7.65145,48.07001],[7.65135,48.06984],[7.65059,48.07015],[7.65075,48.07046],[7.6499,48.07075],[7.64992,48.07079],[7.64923,48.0709],[7.64778,48.07122],[7.64736,48.07129],[7.64664,48.07134],[7.64661,48.07117],[7.6455,48.07132],[7.64545,48.07117],[7.64384,48.0717],[7.64168,48.07217],[7.64171,48.07264],[7.64028,48.07284],[7.6393,48.07305],[7.63826,48.07323],[7.63837,48.07294],[7.63837,48.07287],[7.63828,48.0728],[7.63804,48.07218],[7.63799,48.0719],[7.63792,48.07171],[7.63777,48.07149],[7.63784,48.07153],[7.63851,48.07166],[7.63846,48.07161],[7.63833,48.07003],[7.63832,48.06925],[7.63843,48.06726],[7.6385,48.06721],[7.63821,48.06723],[7.63808,48.06721],[7.6381,48.06717],[7.6379,48.06699],[7.63794,48.06697],[7.63807,48.06646],[7.63698,48.06635],[7.63748,48.06458],[7.63747,48.06452],[7.63767,48.06442],[7.63738,48.06434],[7.63698,48.06429],[7.63623,48.06423],[7.63593,48.06427],[7.63594,48.06418],[7.636,48.06407],[7.63591,48.06403],[7.63573,48.06404],[7.63566,48.06402],[7.63566,48.06397],[7.63596,48.06375],[7.63592,48.06373],[7.63561,48.06307],[7.63561,48.06299],[7.634,48.06326],[7.63356,48.06312],[7.6327,48.06307],[7.63209,48.06271],[7.63123,48.06232],[7.63011,48.06193],[7.62886,48.06158],[7.62706,48.06148],[7.6251,48.05965],[7.62277,48.05962],[7.61949,48.05988],[7.61775,48.05945],[7.61699,48.05917],[7.61629,48.05894],[7.61629,48.05892],[7.61533,48.05857],[7.61547,48.05816],[7.61568,48.05791],[7.61567,48.05744],[7.61572,48.05729],[7.61585,48.05712],[7.61572,48.05693],[7.61568,48.05665],[7.61509,48.05659],[7.61521,48.05627],[7.61502,48.05625],[7.61497,48.0559],[7.6145,48.05562],[7.61448,48.05557],[7.61489,48.05354],[7.6144,48.05339],[7.6145,48.05325],[7.61524,48.05227],[7.61537,48.05209],[7.61164,48.05194],[7.61161,48.05193],[7.61183,48.05044],[7.61185,48.05018],[7.61179,48.04967],[7.61154,48.04849],[7.61131,48.04756],[7.61123,48.04706],[7.61122,48.04677],[7.61189,48.04526],[7.61221,48.04464],[7.61241,48.04421],[7.61269,48.04393],[7.61293,48.04371],[7.61252,48.04349],[7.61297,48.04309],[7.61333,48.04275],[7.61359,48.04249],[7.61377,48.04228],[7.61405,48.04204],[7.61427,48.04168],[7.61509,48.03976],[7.61522,48.03969],[7.61537,48.03967],[7.61544,48.03967],[7.61555,48.03967],[7.61584,48.03965],[7.61592,48.03954],[7.61595,48.03947],[7.61572,48.03744],[7.61671,48.03756],[7.617,48.03755],[7.61826,48.03749],[7.61838,48.0385],[7.61888,48.03848],[7.61905,48.039],[7.62212,48.03852],[7.62292,48.03845],[7.62287,48.03829],[7.62253,48.03807],[7.62269,48.03802],[7.62703,48.0368],[7.62711,48.03678],[7.62718,48.03676],[7.62877,48.03637],[7.62878,48.03636],[7.63368,48.03516],[7.63549,48.03467],[7.63577,48.03463],[7.63594,48.03488],[7.63657,48.03468],[7.6373,48.03447],[7.63768,48.03432],[7.63818,48.03416],[7.63832,48.03411],[7.64045,48.03344],[7.64097,48.03327],[7.64238,48.03285],[7.64248,48.03281],[7.64315,48.03259],[7.64345,48.0325],[7.64352,48.03247],[7.64373,48.03241],[7.64509,48.03197],[7.64602,48.03169],[7.64615,48.03166],[7.64624,48.03164],[7.64633,48.03164],[7.64637,48.03164],[7.64642,48.03165],[7.64655,48.03156],[7.64669,48.03151],[7.64687,48.03147],[7.64733,48.03139],[7.64753,48.03131],[7.64761,48.0313],[7.64783,48.0313],[7.64795,48.03128],[7.64803,48.03126],[7.64843,48.03119],[7.64886,48.0311],[7.6496,48.03095],[7.65059,48.03076],[7.65072,48.03073],[7.65153,48.03057],[7.65182,48.03053],[7.65219,48.03047],[7.65225,48.03046],[7.65262,48.03041],[7.65293,48.03037],[7.65338,48.03031],[7.65464,48.03003],[7.65467,48.03003],[7.65492,48.03004],[7.65627,48.0296],[7.6575,48.02943],[7.65769,48.02928],[7.65857,48.02912],[7.65862,48.02896],[7.66164,48.02841],[7.66164,48.02852],[7.66164,48.02858],[7.66165,48.02901],[7.66165,48.02903],[7.66166,48.02906],[7.66165,48.02914],[7.66167,48.0293],[7.66172,48.02962],[7.66273,48.03345],[7.66438,48.03705],[7.66469,48.0375],[7.66502,48.03797],[7.66639,48.03995],[7.66843,48.04069],[7.66919,48.04088],[7.68468,48.0443],[7.68796,48.04487],[7.68839,48.04495],[7.68843,48.04496],[7.69576,48.04656],[7.69654,48.04704],[7.69724,48.04746],[7.69727,48.04747],[7.69846,48.04844],[7.69908,48.04898],[7.70096,48.05059],[7.70198,48.05148],[7.7076,48.05638],[7.70263,48.05921],[7.70241,48.05932],[7.70204,48.05952],[7.70199,48.05959],[7.70111,48.0601],[7.70065,48.06034],[7.70049,48.06044],[7.70024,48.06065],[7.70019,48.0607],[7.70028,48.0608],[7.70037,48.06093],[7.70047,48.06112],[7.70055,48.06132],[7.70065,48.06156],[7.70039,48.06193],[7.69897,48.06157],[7.69858,48.06228],[7.6983,48.06222],[7.69805,48.06236],[7.69782,48.06244],[7.69757,48.06245],[7.69741,48.06248],[7.69725,48.06257],[7.69712,48.06273],[7.69707,48.0629],[7.69705,48.06339],[7.69558,48.06341],[7.69512,48.06347],[7.69498,48.06348],[7.69458,48.06344],[7.69417,48.06339],[7.69404,48.06373],[7.69364,48.06372],[7.69337,48.06372],[7.6933,48.06382],[7.69231,48.06361],[7.69215,48.06353],[7.69197,48.06358],[7.69186,48.0633],[7.69158,48.06333],[7.69122,48.06348],[7.69077,48.06347],[7.69046,48.06353],[7.69028,48.06356],[7.68945,48.06392],[7.68876,48.06405],[7.6884,48.06406],[7.68803,48.064],[7.6878,48.06399],[7.68761,48.06409],[7.68753,48.06409],[7.68743,48.06409],[7.68706,48.06408],[7.68701,48.06436],[7.68716,48.0646],[7.68735,48.06478],[7.68735,48.06481],[7.68734,48.06487],[7.6872,48.06517],[7.6872,48.06532],[7.68752,48.06685],[7.68739,48.06733],[7.68657,48.06845],[7.68668,48.07058],[7.68666,48.0713],[7.68656,48.07148],[7.6866,48.07209],[7.68659,48.07218],[7.6866,48.07234],[7.68659,48.07256],[7.68661,48.07272],[7.68669,48.07302],[7.68674,48.07327],[7.68679,48.07366],[7.68724,48.0747],[7.68727,48.07488],[7.68731,48.07534],[7.68737,48.07585],[7.68743,48.07609],[7.68746,48.07633],[7.68756,48.07659],[7.68772,48.07681],[7.68786,48.07712],[7.68796,48.07735],[7.688,48.0775],[7.68806,48.07766],[7.68808,48.07782],[7.68806,48.07797],[7.68812,48.07811],[7.68816,48.07827],[7.68818,48.07862],[7.68822,48.07896],[7.68824,48.07907],[7.68823,48.07917],[7.68814,48.07932],[7.68806,48.07951],[7.68807,48.07978],[7.68816,48.08026],[7.68749,48.08158],[7.68728,48.08182],[7.68706,48.082],[7.68626,48.0828],[7.68585,48.08315],[7.68463,48.08385]]]}},{"type":"Feature","properties":{"id":"vogtsburg","name":"Vogtsburg im Kaiserstuhl"},"geometry":{"type":"Polygon","coordinates":[[[7.70014,48.10648],[7.70032,48.10709],[7.70018,48.10802],[7.70019,48.10856],[7.70036,48.10916],[7.70035,48.10954],[7.70047,48.11024],[7.70047,48.11088],[7.70021,48.1112],[7.69916,48.11196],[7.699,48.11246],[7.69893,48.11268],[7.6987,48.11273],[7.69779,48.11289],[7.69674,48.11259],[7.69608,48.11216],[7.69491,48.11245],[7.69374,48.11257],[7.69257,48.11293],[7.69208,48.11301],[7.69135,48.11318],[7.69052,48.11411],[7.68962,48.11499],[7.6895,48.11592],[7.68902,48.11679],[7.68817,48.11654],[7.68607,48.11594],[7.68531,48.11562],[7.68461,48.11557],[7.6826,48.11574],[7.68143,48.11549],[7.68114,48.11507],[7.68109,48.11496],[7.6809,48.11453],[7.68,48.11416],[7.67865,48.11396],[7.67616,48.11258],[7.67553,48.11175],[7.67422,48.11105],[7.6735,48.11048],[7.6716,48.11092],[7.67034,48.11135],[7.66923,48.11162],[7.6685,48.11081],[7.66783,48.10996],[7.6676,48.10971],[7.66687,48.10964],[7.66565,48.10954],[7.6652,48.10957],[7.66377,48.10967],[7.66249,48.10986],[7.66166,48.10991],[7.65897,48.10938],[7.657,48.10997],[7.65562,48.11015],[7.65421,48.1103],[7.6504,48.10922],[7.64987,48.10862],[7.64915,48.10804],[7.64862,48.10762],[7.64741,48.10866],[7.6465,48.10952],[7.64668,48.10982],[7.64564,48.1102],[7.64557,48.11],[7.6449,48.11017],[7.64498,48.11049],[7.64474,48.11059],[7.64425,48.11064],[7.64401,48.11077],[7.64429,48.11125],[7.64349,48.11183],[7.64323,48.11196],[7.6434,48.11216],[7.64325,48.11226],[7.64289,48.11237],[7.64289,48.11241],[7.64252,48.11248],[7.64247,48.11264],[7.64237,48.11268],[7.64142,48.11261],[7.64094,48.11261],[7.64072,48.11264],[7.64044,48.11275],[7.64007,48.11295],[7.63976,48.11322],[7.63961,48.11264],[7.63848,48.1117],[7.63792,48.11155],[7.63768,48.11159],[7.63771,48.11175],[7.63711,48.1118],[7.63654,48.11204],[7.63645,48.11198],[7.63579,48.112],[7.63499,48.11208],[7.63459,48.11221],[7.63415,48.11236],[7.63385,48.11229],[7.63335,48.11225],[7.63148,48.11165],[7.63047,48.11129],[7.62996,48.11129],[7.62951,48.11138],[7.62923,48.11095],[7.6289,48.11105],[7.62863,48.1112],[7.62717,48.11141],[7.62686,48.11142],[7.62667,48.1114],[7.62654,48.11136],[7.6264,48.11126],[7.62644,48.11152],[7.62598,48.11138],[7.62481,48.11077],[7.62436,48.11062],[7.62404,48.11055],[7.62388,48.11064],[7.6229,48.11069],[7.62224,48.11063],[7.62128,48.1107],[7.62111,48.11049],[7.62098,48.11017],[7.62038,48.11054],[7.61864,48.10956],[7.61806,48.10998],[7.61712,48.109],[7.61688,48.1088],[7.6167,48.10884],[7.61662,48.10856],[7.61556,48.10877],[7.61541,48.10837],[7.61528,48.10814],[7.61511,48.10792],[7.61429,48.10702],[7.61399,48.1067],[7.61224,48.10708],[7.61212,48.10673],[7.6112,48.10595],[7.61091,48.10616],[7.61038,48.10647],[7.61058,48.10677],[7.60983,48.10704],[7.60996,48.10719],[7.60957,48.10731],[7.60766,48.10769],[7.60768,48.10781],[7.60716,48.10801],[7.60706,48.10798],[7.60648,48.10793],[7.60616,48.10795],[7.60546,48.1081],[7.60492,48.10829],[7.60462,48.10877],[7.60443,48.10895],[7.60431,48.10903],[7.60373,48.10916],[7.60347,48.10969],[7.60334,48.10987],[7.60324,48.11014],[7.60314,48.11017],[7.60237,48.1103],[7.60228,48.11029],[7.60209,48.11012],[7.60182,48.1101],[7.60182,48.11012],[7.60079,48.10988],[7.60017,48.10992],[7.59893,48.10987],[7.59852,48.10987],[7.59812,48.10996],[7.59705,48.1101],[7.59675,48.11009],[7.59579,48.10959],[7.59387,48.1087],[7.5913,48.10809],[7.59051,48.10849],[7.57892,48.11477],[7.57735,48.11564],[7.57914,48.10902],[7.57936,48.10811],[7.57955,48.10701],[7.57958,48.10683],[7.57968,48.10572],[7.57972,48.1048],[7.57969,48.10369],[7.57958,48.10259],[7.57943,48.10167],[7.57919,48.10058],[7.57887,48.09949],[7.57855,48.09859],[7.57818,48.0977],[7.57767,48.09665],[7.57709,48.09562],[7.57655,48.09477],[7.57596,48.09393],[7.57533,48.09311],[7.57356,48.09108],[7.58694,48.08664],[7.58729,48.08674],[7.58929,48.08672],[7.59027,48.08694],[7.59086,48.08718],[7.59321,48.0892],[7.5943,48.08965],[7.59498,48.08978],[7.59611,48.09079],[7.59608,48.0905],[7.59614,48.09008],[7.59636,48.08956],[7.59656,48.08929],[7.59773,48.08858],[7.59818,48.08816],[7.59883,48.08785],[7.59895,48.08793],[7.59909,48.08773],[7.59917,48.08752],[7.59919,48.087],[7.59994,48.0862],[7.60045,48.08558],[7.60061,48.08538],[7.60101,48.08475],[7.59975,48.08359],[7.59936,48.08347],[7.59927,48.08331],[7.59593,48.06938],[7.59587,48.06939],[7.59511,48.0677],[7.59528,48.0675],[7.59544,48.06739],[7.59516,48.06618],[7.59587,48.0661],[7.5986,48.06576],[7.59861,48.06585],[7.60132,48.06545],[7.60049,48.06305],[7.60048,48.06279],[7.60054,48.06255],[7.60121,48.06102],[7.60136,48.06055],[7.60175,48.05981],[7.60278,48.05842],[7.60298,48.05806],[7.60362,48.05668],[7.60458,48.05533],[7.60599,48.05325],[7.60623,48.05335],[7.60663,48.05345],[7.61136,48.05316],[7.61153,48.05314],[7.6145,48.05325],[7.6144,48.05339],[7.61489,48.05354],[7.61448,48.05557],[7.6145,48.05562],[7.61497,48.0559],[7.61502,48.05625],[7.61521,48.05627],[7.61509,48.05659],[7.61568,48.05665],[7.61572,48.05693],[7.61585,48.05712],[7.61572,48.05729],[7.61567,48.05744],[7.61568,48.05791],[7.61547,48.05816],[7.61533,48.05857],[7.61629,48.05892],[7.61629,48.05894],[7.61699,48.05917],[7.61775,48.05945],[7.61949,48.05988],[7.62277,48.05962],[7.6251,48.05965],[7.62706,48.06148],[7.62886,48.06158],[7.63011,48.06193],[7.63123,48.06232],[7.63209,48.06271],[7.6327,48.06307],[7.63356,48.06312],[7.634,48.06326],[7.63561,48.06299],[7.63561,48.06307],[7.63592,48.06373],[7.63596,48.06375],[7.63566,48.06397],[7.63566,48.06402],[7.63573,48.06404],[7.63591,48.06403],[7.636,48.06407],[7.63594,48.06418],[7.63593,48.06427],[7.63623,48.06423],[7.63698,48.06429],[7.63738,48.06434],[7.63767,48.06442],[7.63747,48.06452],[7.63748,48.06458],[7.63698,48.06635],[7.63807,48.06646],[7.63794,48.06697],[7.6379,48.06699],[7.6381,48.06717],[7.63808,48.06721],[7.63821,48.06723],[7.6385,48.06721],[7.63843,48.06726],[7.63832,48.06925],[7.63833,48.07003],[7.63846,48.07161],[7.63851,48.07166],[7.63784,48.07153],[7.63777,48.07149],[7.63792,48.07171],[7.63799,48.0719],[7.63804,48.07218],[7.63828,48.0728],[7.63837,48.07287],[7.63837,48.07294],[7.63826,48.07323],[7.6393,48.07305],[7.64028,48.07284],[7.64171,48.07264],[7.64168,48.07217],[7.64384,48.0717],[7.64545,48.07117],[7.6455,48.07132],[7.64661,48.07117],[7.64664,48.07134],[7.64736,48.07129],[7.64778,48.07122],[7.64923,48.0709],[7.64992,48.07079],[7.6499,48.07075],[7.65075,48.07046],[7.65059,48.07015],[7.65135,48.06984],[7.65145,48.07001],[7.65185,48.06988],[7.65392,48.06939],[7.65379,48.06846],[7.65419,48.06758],[7.65527,48.06745],[7.6563,48.06773],[7.65788,48.06777],[7.65901,48.06867],[7.65926,48.06909],[7.65956,48.06961],[7.66048,48.07017],[7.6615,48.07069],[7.6627,48.07163],[7.66339,48.07255],[7.66383,48.07368],[7.66421,48.07506],[7.66538,48.076],[7.66794,48.07719],[7.66851,48.07798],[7.66911,48.07844],[7.66956,48.07893],[7.66989,48.08002],[7.66982,48.08004],[7.66976,48.08038],[7.66969,48.08086],[7.67057,48.08121],[7.67127,48.0811],[7.67179,48.08104],[7.67228,48.08094],[7.67282,48.08099],[7.67307,48.08094],[7.67377,48.08112],[7.67444,48.08118],[7.67517,48.08119],[7.67587,48.08122],[7.67618,48.0814],[7.67657,48.08169],[7.67699,48.08189],[7.6781,48.08215],[7.67874,48.08243],[7.67938,48.08264],[7.6798,48.08323],[7.68049,48.08367],[7.68138,48.08416],[7.68167,48.08451],[7.68232,48.0844],[7.68344,48.08415],[7.68463,48.08385],[7.68477,48.08389],[7.68524,48.08401],[7.68645,48.08494],[7.68725,48.08528],[7.68871,48.08562],[7.6905,48.08643],[7.69075,48.08686],[7.69098,48.08725],[7.69315,48.08973],[7.69405,48.09065],[7.69587,48.09205],[7.6957,48.09276],[7.69606,48.09386],[7.69671,48.09471],[7.69717,48.09566],[7.69694,48.09687],[7.69689,48.09706],[7.69659,48.09805],[7.69665,48.09932],[7.69698,48.1008],[7.69704,48.10094],[7.6972,48.10134],[7.69762,48.10335],[7.69786,48.10383],[7.69797,48.10404],[7.69862,48.10492],[7.69929,48.10549],[7.70014,48.10648]]]}},{"type":"Feature","properties":{"id":"merdingen","name":"Merdingen"},"geometry":{"type":"Polygon","coordinates":[[[7.66868,48.0025],[7.66933,48.0027],[7.66935,48.00225],[7.66943,48.00225],[7.67027,48.00229],[7.67048,48.00226],[7.67056,48.00244],[7.67041,48.00247],[7.67054,48.00266],[7.67045,48.00266],[7.67047,48.00279],[7.67084,48.00275],[7.67089,48.00291],[7.67075,48.00294],[7.67101,48.00317],[7.67106,48.00308],[7.6712,48.00307],[7.6712,48.00295],[7.67145,48.00285],[7.67149,48.00284],[7.6719,48.00277],[7.67192,48.00275],[7.67214,48.00256],[7.67261,48.00242],[7.67241,48.00221],[7.67228,48.00196],[7.67226,48.0017],[7.67235,48.00136],[7.67234,48.00098],[7.67249,48.00092],[7.67282,48.001],[7.67308,48.00096],[7.67349,48.00099],[7.67354,48.0008],[7.67348,48.0002],[7.67352,47.99983],[7.67366,47.99936],[7.674,47.99927],[7.67496,47.99924],[7.67517,47.99924],[7.67509,47.99906],[7.67504,47.9989],[7.67504,47.99879],[7.67505,47.99871],[7.67533,47.99812],[7.67558,47.99758],[7.67546,47.997],[7.67532,47.99575],[7.67681,47.9958],[7.67781,47.99583],[7.67851,47.99584],[7.67891,47.99581],[7.67897,47.99579],[7.67915,47.99606],[7.67966,47.99654],[7.67962,47.99659],[7.67991,47.99685],[7.68038,47.99727],[7.68041,47.99726],[7.68104,47.99779],[7.68099,47.99781],[7.68154,47.99821],[7.68177,47.99835],[7.68179,47.99834],[7.68181,47.99832],[7.6821,47.99848],[7.68227,47.99857],[7.68246,47.99863],[7.68273,47.99872],[7.68272,47.99876],[7.68357,47.9991],[7.68462,47.99951],[7.68513,47.99971],[7.68517,47.99967],[7.68549,47.99982],[7.68583,47.99998],[7.68612,48.00012],[7.68638,48.00028],[7.68667,48.00046],[7.68713,48.00083],[7.68734,48.00102],[7.68761,48.00119],[7.68789,48.00137],[7.68815,48.00156],[7.68835,48.00171],[7.68876,48.00195],[7.68895,48.00204],[7.68899,48.00209],[7.68931,48.00224],[7.68978,48.00246],[7.69119,48.00301],[7.6917,48.00322],[7.69221,48.0034],[7.6928,48.00364],[7.69323,48.00378],[7.69344,48.00382],[7.69372,48.00386],[7.69374,48.00389],[7.69384,48.0041],[7.69386,48.00414],[7.69395,48.00431],[7.69397,48.00435],[7.69337,48.00443],[7.69321,48.00445],[7.69327,48.00469],[7.69389,48.00463],[7.69403,48.00493],[7.69404,48.005],[7.69408,48.00508],[7.69426,48.00537],[7.69431,48.00548],[7.69451,48.00548],[7.69485,48.0056],[7.69491,48.00565],[7.69502,48.00575],[7.69527,48.00601],[7.69537,48.00613],[7.69581,48.00654],[7.69636,48.0069],[7.69707,48.00728],[7.69919,48.00847],[7.6997,48.00805],[7.70082,48.00853],[7.70205,48.00902],[7.70212,48.009],[7.70514,48.00992],[7.70525,48.00996],[7.70771,48.0108],[7.70841,48.01103],[7.70842,48.01113],[7.70838,48.01118],[7.70828,48.0112],[7.70821,48.01122],[7.70816,48.01124],[7.70815,48.01124],[7.70789,48.0112],[7.70748,48.01122],[7.70684,48.01139],[7.70601,48.01161],[7.70487,48.0118],[7.7047,48.01183],[7.70488,48.01223],[7.70529,48.01308],[7.70575,48.01404],[7.70556,48.01412],[7.70533,48.01431],[7.70543,48.01454],[7.70552,48.01482],[7.70553,48.01506],[7.70566,48.01519],[7.70537,48.01529],[7.70512,48.01544],[7.70602,48.01626],[7.70586,48.01631],[7.70422,48.01669],[7.70425,48.01672],[7.70428,48.01675],[7.70495,48.01752],[7.70499,48.01756],[7.704,48.01784],[7.70401,48.01785],[7.70401,48.01786],[7.70454,48.01852],[7.70456,48.01854],[7.7036,48.01865],[7.70361,48.01869],[7.70362,48.01909],[7.70381,48.01909],[7.70382,48.01912],[7.70422,48.01971],[7.70453,48.02028],[7.70458,48.02038],[7.70375,48.0205],[7.70396,48.02134],[7.70399,48.0214],[7.704,48.02143],[7.70391,48.02143],[7.70343,48.02143],[7.70309,48.02144],[7.70296,48.02145],[7.70294,48.02146],[7.70305,48.0216],[7.70325,48.02192],[7.70325,48.02192],[7.70401,48.02312],[7.70329,48.02333],[7.7033,48.02334],[7.70333,48.02337],[7.7035,48.02356],[7.70361,48.02374],[7.70369,48.0239],[7.7037,48.02395],[7.70371,48.02399],[7.70372,48.02403],[7.70376,48.02494],[7.70376,48.02499],[7.70377,48.02513],[7.70357,48.0253],[7.70344,48.02596],[7.70335,48.02601],[7.70302,48.02608],[7.70244,48.02602],[7.70243,48.02611],[7.70196,48.02616],[7.70176,48.02629],[7.70163,48.02655],[7.70168,48.02676],[7.70183,48.0269],[7.70238,48.02689],[7.70295,48.02703],[7.703,48.0271],[7.70273,48.02753],[7.70226,48.02753],[7.70217,48.02777],[7.70234,48.02788],[7.70258,48.0281],[7.70292,48.02829],[7.70354,48.02881],[7.704,48.02889],[7.70418,48.02891],[7.70424,48.02912],[7.7042,48.02925],[7.70471,48.02971],[7.70474,48.02984],[7.70478,48.02994],[7.70479,48.02997],[7.70494,48.03028],[7.70516,48.0306],[7.70524,48.03067],[7.70487,48.03078],[7.70478,48.03081],[7.70479,48.03081],[7.70555,48.0317],[7.7063,48.03236],[7.70666,48.03277],[7.70692,48.03309],[7.70672,48.03319],[7.70755,48.03422],[7.70722,48.03439],[7.70772,48.03473],[7.70792,48.0349],[7.70841,48.0353],[7.70805,48.0355],[7.70803,48.03551],[7.70765,48.03572],[7.70761,48.03573],[7.70757,48.03573],[7.70756,48.03573],[7.70798,48.03611],[7.70775,48.03621],[7.70716,48.03645],[7.70747,48.03671],[7.70753,48.03681],[7.70761,48.0369],[7.70723,48.03714],[7.70837,48.03803],[7.70803,48.03832],[7.70733,48.03885],[7.70735,48.03885],[7.70737,48.03887],[7.7075,48.03894],[7.70774,48.03904],[7.70738,48.03945],[7.70712,48.03965],[7.70683,48.04006],[7.7067,48.04021],[7.70631,48.0406],[7.70587,48.04096],[7.70532,48.04118],[7.70459,48.04182],[7.70172,48.04432],[7.70168,48.04435],[7.70163,48.04439],[7.70162,48.0444],[7.69742,48.04736],[7.69727,48.04747],[7.69724,48.04746],[7.69654,48.04704],[7.69576,48.04656],[7.68843,48.04496],[7.68839,48.04495],[7.68796,48.04487],[7.68468,48.0443],[7.66919,48.04088],[7.66843,48.04069],[7.66639,48.03995],[7.66502,48.03797],[7.66469,48.0375],[7.66438,48.03705],[7.66273,48.03345],[7.66172,48.02962],[7.66167,48.0293],[7.66165,48.02914],[7.66166,48.02906],[7.66165,48.02903],[7.66165,48.02901],[7.66164,48.02858],[7.66164,48.02852],[7.66164,48.02841],[7.66162,48.02812],[7.66156,48.02783],[7.66144,48.02756],[7.66136,48.02741],[7.65955,48.02378],[7.65905,48.0228],[7.65834,48.02223],[7.65689,48.02093],[7.65682,48.02079],[7.65688,48.02064],[7.65709,48.02046],[7.6572,48.02028],[7.65733,48.02011],[7.65741,48.01999],[7.65753,48.01987],[7.65771,48.01972],[7.65778,48.01961],[7.65784,48.01953],[7.65789,48.01937],[7.65805,48.01911],[7.65833,48.01891],[7.65836,48.01877],[7.65847,48.01862],[7.6586,48.0184],[7.65871,48.0182],[7.65879,48.01812],[7.65891,48.01794],[7.65985,48.01678],[7.66001,48.01668],[7.66012,48.01657],[7.66023,48.01641],[7.66046,48.01595],[7.66078,48.01537],[7.66079,48.01518],[7.66078,48.01509],[7.66081,48.01498],[7.66088,48.01488],[7.66102,48.0148],[7.66133,48.01468],[7.66144,48.01461],[7.66151,48.01453],[7.66154,48.01446],[7.66168,48.01434],[7.66177,48.01428],[7.66186,48.01422],[7.6621,48.01411],[7.66237,48.01405],[7.66269,48.014],[7.66302,48.01397],[7.6633,48.01392],[7.66351,48.01384],[7.6637,48.01372],[7.66385,48.01352],[7.66394,48.01328],[7.66398,48.01306],[7.66408,48.01287],[7.66417,48.01264],[7.66435,48.01238],[7.66483,48.01205],[7.66493,48.01192],[7.66504,48.01176],[7.66511,48.0111],[7.66508,48.01089],[7.66518,48.01051],[7.66515,48.01014],[7.66493,48.00955],[7.66502,48.0089],[7.66562,48.00817],[7.66571,48.00813],[7.66649,48.00807],[7.66806,48.00737],[7.66814,48.00716],[7.66838,48.00678],[7.66845,48.00669],[7.66855,48.00657],[7.66883,48.00625],[7.66908,48.0058],[7.66914,48.00556],[7.66918,48.00534],[7.66914,48.00504],[7.66914,48.00483],[7.6691,48.00456],[7.66895,48.0039],[7.66885,48.00348],[7.66873,48.00305],[7.66868,48.0025]]]}},{"type":"Feature","properties":{"id":"heuweiler","name":"Heuweiler"},"geometry":{"type":"Polygon","coordinates":[[[7.89189,48.04033],[7.89322,48.03977],[7.89394,48.03956],[7.89499,48.03925],[7.8955,48.03908],[7.89598,48.03846],[7.89639,48.03811],[7.89676,48.03773],[7.8971,48.03744],[7.89757,48.03691],[7.89829,48.03635],[7.89861,48.03596],[7.89875,48.03579],[7.89909,48.03569],[7.89936,48.03568],[7.9,48.03568],[7.9003,48.0357],[7.90159,48.03588],[7.90263,48.03611],[7.90369,48.03659],[7.90406,48.03686],[7.90479,48.03683],[7.90667,48.03651],[7.90729,48.03648],[7.90815,48.03637],[7.90866,48.03626],[7.90923,48.03614],[7.90989,48.03586],[7.91022,48.03567],[7.91094,48.03532],[7.91145,48.03518],[7.91194,48.03509],[7.91274,48.03506],[7.91345,48.03503],[7.91418,48.03504],[7.91506,48.03508],[7.91611,48.0351],[7.91603,48.03559],[7.91622,48.03642],[7.91644,48.03699],[7.91666,48.03769],[7.91685,48.03802],[7.91653,48.03927],[7.91655,48.04008],[7.91649,48.04042],[7.91677,48.04129],[7.91692,48.04188],[7.91721,48.04228],[7.91745,48.04282],[7.91745,48.04385],[7.91756,48.04409],[7.91805,48.04487],[7.91821,48.04544],[7.91796,48.04607],[7.91763,48.04667],[7.9175,48.0469],[7.91706,48.04715],[7.91656,48.04744],[7.91641,48.04753],[7.91423,48.0486],[7.91311,48.04879],[7.91237,48.04875],[7.9119,48.04954],[7.91174,48.04965],[7.91173,48.04986],[7.91097,48.05064],[7.91058,48.05111],[7.9104,48.05139],[7.91016,48.05184],[7.9105,48.05209],[7.91063,48.0524],[7.91081,48.05281],[7.9108,48.05308],[7.91102,48.05317],[7.91135,48.05331],[7.91183,48.05353],[7.91227,48.05378],[7.91285,48.05408],[7.91267,48.05465],[7.91274,48.05476],[7.91292,48.05482],[7.91297,48.05483],[7.91268,48.05492],[7.91248,48.05504],[7.91236,48.05511],[7.91206,48.05537],[7.91178,48.05555],[7.91141,48.05565],[7.91084,48.05575],[7.91031,48.05577],[7.90951,48.05581],[7.90921,48.05584],[7.90846,48.05592],[7.90732,48.056],[7.90611,48.05617],[7.9057,48.05627],[7.9042,48.05662],[7.90313,48.05703],[7.90239,48.05732],[7.90234,48.05732],[7.90225,48.05731],[7.90206,48.05731],[7.90198,48.05731],[7.90144,48.05716],[7.89995,48.05662],[7.89955,48.05647],[7.89888,48.05627],[7.89757,48.05609],[7.89623,48.05586],[7.89542,48.05572],[7.89459,48.05556],[7.89417,48.05543],[7.89307,48.0548],[7.89311,48.05476],[7.89273,48.05387],[7.89269,48.05387],[7.89269,48.05385],[7.89265,48.05376],[7.89262,48.05374],[7.89253,48.05362],[7.89245,48.05356],[7.89239,48.05355],[7.89192,48.05356],[7.89084,48.05362],[7.89056,48.05361],[7.8905,48.05359],[7.89032,48.05358],[7.89027,48.05359],[7.89013,48.05357],[7.89009,48.05356],[7.89003,48.05356],[7.88996,48.05357],[7.88989,48.05354],[7.88985,48.05352],[7.88976,48.05352],[7.88965,48.05349],[7.88957,48.05348],[7.88922,48.05342],[7.88912,48.05343],[7.88903,48.05341],[7.88896,48.05339],[7.88892,48.05339],[7.88882,48.05339],[7.8887,48.05337],[7.88868,48.05335],[7.88827,48.05328],[7.88823,48.05327],[7.88789,48.05319],[7.8875,48.0531],[7.88712,48.0531],[7.88689,48.05314],[7.8868,48.05313],[7.88671,48.05313],[7.88646,48.05311],[7.8864,48.05312],[7.88631,48.05317],[7.88628,48.05315],[7.8859,48.053],[7.88503,48.05292],[7.88449,48.05286],[7.88448,48.05219],[7.88447,48.0515],[7.88447,48.05149],[7.88413,48.05153],[7.88336,48.05153],[7.8832,48.05106],[7.8832,48.05105],[7.8831,48.05069],[7.88309,48.05034],[7.88316,48.04999],[7.88315,48.04997],[7.88314,48.04994],[7.88316,48.04991],[7.88317,48.04989],[7.88319,48.04979],[7.88327,48.04947],[7.88336,48.04922],[7.88343,48.0491],[7.88377,48.04865],[7.88404,48.04824],[7.8842,48.04815],[7.88432,48.04809],[7.88451,48.0481],[7.88471,48.04813],[7.88485,48.04812],[7.88494,48.04808],[7.88508,48.04802],[7.88526,48.04808],[7.8855,48.04831],[7.88555,48.04843],[7.88561,48.04856],[7.88563,48.04869],[7.88564,48.04883],[7.88564,48.04898],[7.88561,48.0491],[7.88558,48.04924],[7.88553,48.04937],[7.8855,48.04948],[7.88548,48.04963],[7.88549,48.04971],[7.88552,48.04979],[7.88632,48.04993],[7.88695,48.05006],[7.88762,48.05023],[7.88815,48.05038],[7.88858,48.05047],[7.8889,48.05051],[7.8893,48.05051],[7.88957,48.05047],[7.89002,48.05034],[7.89049,48.05026],[7.89091,48.05018],[7.89129,48.05001],[7.89111,48.04988],[7.89096,48.04978],[7.89061,48.04955],[7.89022,48.04908],[7.88998,48.04843],[7.88987,48.04807],[7.88986,48.04805],[7.88968,48.04756],[7.88977,48.04701],[7.88989,48.04624],[7.89002,48.04584],[7.8903,48.04546],[7.89053,48.04514],[7.89065,48.04476],[7.89069,48.04438],[7.89098,48.04403],[7.8912,48.04373],[7.89126,48.04328],[7.89132,48.0429],[7.89133,48.04285],[7.89167,48.04245],[7.89181,48.04215],[7.89181,48.04146],[7.89193,48.04085],[7.89189,48.04033]]]}},{"type":"Feature","properties":{"id":"glottertal","name":"Glottertal"},"geometry":{"type":"Polygon","coordinates":[[[7.98356,48.02396],[7.98483,48.02358],[7.98582,48.02359],[7.98706,48.02306],[7.98831,48.02271],[7.99145,48.02334],[7.99177,48.02339],[7.99341,48.02231],[7.99423,48.02209],[7.99518,48.02204],[7.99511,48.02255],[7.9949,48.02279],[7.99503,48.02327],[7.99509,48.02367],[7.9954,48.02434],[7.99556,48.02478],[7.99619,48.02565],[7.99669,48.02587],[7.99742,48.02604],[7.9975,48.02637],[7.99773,48.02676],[7.99822,48.02686],[7.99904,48.02654],[7.99928,48.02685],[7.99969,48.02729],[8.00007,48.02738],[8.00064,48.02705],[8.0009,48.02729],[8.00131,48.02752],[8.00187,48.02772],[8.00172,48.02828],[8.00158,48.02867],[8.00149,48.0291],[8.00202,48.02909],[8.00266,48.02904],[8.00304,48.02895],[8.00341,48.02873],[8.00365,48.02852],[8.00377,48.02833],[8.00416,48.02813],[8.0041,48.02799],[8.00357,48.02751],[8.00405,48.0272],[8.00422,48.02695],[8.00459,48.02664],[8.00482,48.02649],[8.00533,48.02633],[8.00578,48.02635],[8.0063,48.02629],[8.0068,48.02621],[8.00726,48.02606],[8.00753,48.02604],[8.00817,48.02539],[8.00855,48.02571],[8.00934,48.02702],[8.00992,48.02777],[8.01001,48.02792],[8.01008,48.02803],[8.01002,48.02809],[8.00971,48.02817],[8.00954,48.02828],[8.00942,48.02832],[8.00939,48.02833],[8.00953,48.02851],[8.00921,48.02872],[8.00896,48.02901],[8.00901,48.02951],[8.00889,48.02985],[8.00799,48.03015],[8.00785,48.03098],[8.00734,48.03223],[8.00707,48.03365],[8.00698,48.03424],[8.00699,48.03465],[8.00689,48.03528],[8.00696,48.03599],[8.00681,48.03661],[8.00643,48.03684],[8.00634,48.03735],[8.00492,48.03751],[8.00532,48.03804],[8.0059,48.03916],[8.00619,48.03947],[8.00639,48.03972],[8.00653,48.04004],[8.00657,48.04074],[8.00707,48.04061],[8.00763,48.04095],[8.00951,48.04174],[8.01027,48.04209],[8.01057,48.04271],[8.01059,48.04339],[8.01022,48.04409],[8.00998,48.04463],[8.01039,48.04551],[8.01108,48.04614],[8.01167,48.04682],[8.01258,48.04736],[8.0134,48.04775],[8.01425,48.04802],[8.01477,48.04834],[8.01517,48.04887],[8.01513,48.04979],[8.01494,48.05103],[8.01468,48.052],[8.01459,48.05279],[8.01526,48.05423],[8.01479,48.05514],[8.01451,48.05613],[8.01452,48.05681],[8.01398,48.05763],[8.01361,48.05866],[8.01341,48.05983],[8.01342,48.06059],[8.01317,48.06098],[8.01307,48.06183],[8.01282,48.06241],[8.01271,48.06263],[8.01185,48.06254],[8.01077,48.06205],[8.00979,48.06153],[8.00926,48.06127],[8.00677,48.06017],[8.00427,48.05935],[8.00313,48.05984],[8.00057,48.06077],[7.99939,48.06094],[7.99905,48.06114],[7.99839,48.06181],[7.99725,48.06265],[7.99628,48.06268],[7.99548,48.06262],[7.99325,48.0624],[7.99233,48.06222],[7.99174,48.06269],[7.99127,48.06298],[7.99054,48.0631],[7.98877,48.06324],[7.98806,48.06332],[7.98731,48.06342],[7.98661,48.06333],[7.98575,48.06319],[7.98476,48.06313],[7.98423,48.06323],[7.98314,48.06323],[7.9823,48.06305],[7.98163,48.06258],[7.98047,48.06237],[7.97993,48.06215],[7.97959,48.06198],[7.97889,48.06185],[7.97828,48.0617],[7.97756,48.06162],[7.97638,48.0619],[7.97585,48.06199],[7.97418,48.06194],[7.97384,48.0621],[7.97292,48.06261],[7.97193,48.06328],[7.97165,48.06343],[7.97103,48.06337],[7.97028,48.06335],[7.96953,48.06337],[7.969,48.06345],[7.96641,48.06307],[7.96542,48.06277],[7.96502,48.06258],[7.96365,48.06209],[7.9633,48.06194],[7.96263,48.06207],[7.96195,48.0623],[7.96122,48.06283],[7.96059,48.06321],[7.95971,48.06356],[7.95889,48.06377],[7.95846,48.06378],[7.95759,48.06384],[7.95708,48.06385],[7.95664,48.06379],[7.95626,48.06361],[7.95577,48.06328],[7.95528,48.06264],[7.95516,48.06183],[7.954,48.06096],[7.95352,48.06075],[7.95293,48.06042],[7.95234,48.05995],[7.95222,48.05966],[7.95208,48.05911],[7.95177,48.05834],[7.95144,48.05779],[7.95109,48.0574],[7.95047,48.0574],[7.94975,48.05731],[7.94892,48.05743],[7.94717,48.05779],[7.94613,48.05813],[7.9458,48.05833],[7.94536,48.05873],[7.94513,48.05902],[7.94451,48.05942],[7.94356,48.05978],[7.94272,48.06035],[7.94235,48.06045],[7.942,48.06049],[7.94171,48.06056],[7.94108,48.06046],[7.94071,48.06051],[7.93979,48.06077],[7.93794,48.06119],[7.93741,48.06133],[7.9371,48.06128],[7.93666,48.06111],[7.93615,48.06101],[7.93562,48.06095],[7.93509,48.06108],[7.93451,48.06142],[7.93285,48.06165],[7.9319,48.06202],[7.93083,48.06277],[7.92911,48.06374],[7.92857,48.06391],[7.92831,48.06392],[7.92731,48.0637],[7.9268,48.06373],[7.92563,48.06373],[7.92475,48.06375],[7.92447,48.06374],[7.924,48.06378],[7.92376,48.06385],[7.9227,48.06443],[7.92216,48.06499],[7.92198,48.06517],[7.92182,48.06528],[7.92124,48.06494],[7.92087,48.06465],[7.92049,48.0644],[7.92018,48.06411],[7.92004,48.06352],[7.92001,48.06319],[7.91944,48.06239],[7.91941,48.0618],[7.91955,48.06132],[7.91974,48.06085],[7.91974,48.06052],[7.91971,48.06009],[7.92012,48.0599],[7.91999,48.05974],[7.9191,48.05812],[7.91927,48.05742],[7.91924,48.05725],[7.91915,48.05725],[7.91873,48.0574],[7.91856,48.05749],[7.91838,48.05763],[7.91806,48.05798],[7.9181,48.05783],[7.91807,48.05745],[7.91792,48.05721],[7.91895,48.05686],[7.9191,48.05674],[7.91963,48.05617],[7.9194,48.05605],[7.91921,48.05584],[7.91994,48.05531],[7.92017,48.05506],[7.92006,48.05483],[7.92015,48.05464],[7.92046,48.05465],[7.92047,48.05448],[7.92091,48.05443],[7.921,48.05435],[7.92122,48.05425],[7.92069,48.05403],[7.92056,48.05382],[7.92052,48.05366],[7.9206,48.05358],[7.92042,48.05309],[7.92019,48.05198],[7.92026,48.05147],[7.92046,48.05075],[7.92002,48.04999],[7.91968,48.04969],[7.91921,48.04935],[7.91902,48.04931],[7.91837,48.04834],[7.91814,48.0476],[7.9175,48.0469],[7.91763,48.04667],[7.91796,48.04607],[7.91821,48.04544],[7.91805,48.04487],[7.91756,48.04409],[7.91745,48.04385],[7.91745,48.04282],[7.91721,48.04228],[7.91692,48.04188],[7.91677,48.04129],[7.91649,48.04042],[7.91655,48.04008],[7.91653,48.03927],[7.91685,48.03802],[7.91666,48.03769],[7.91644,48.03699],[7.91622,48.03642],[7.91603,48.03559],[7.91611,48.0351],[7.91671,48.03439],[7.91769,48.0331],[7.91784,48.03259],[7.91781,48.03199],[7.91764,48.03172],[7.91726,48.03141],[7.91699,48.0311],[7.91673,48.03072],[7.91665,48.0303],[7.91691,48.02942],[7.91755,48.02812],[7.91781,48.02736],[7.9181,48.02686],[7.91833,48.02655],[7.91863,48.0263],[7.91908,48.02613],[7.91953,48.02588],[7.91968,48.02572],[7.91989,48.02535],[7.92039,48.02477],[7.92048,48.02383],[7.92086,48.02233],[7.92122,48.0211],[7.92125,48.02008],[7.92123,48.01991],[7.92154,48.01899],[7.92188,48.01848],[7.92194,48.01813],[7.922,48.01728],[7.92209,48.01668],[7.92201,48.01616],[7.92188,48.01563],[7.9224,48.0153],[7.92298,48.01508],[7.92344,48.01476],[7.92388,48.01434],[7.92455,48.01406],[7.92546,48.0139],[7.92627,48.01381],[7.92739,48.01436],[7.92812,48.01469],[7.92849,48.01481],[7.92916,48.01498],[7.92992,48.01526],[7.93007,48.01528],[7.93133,48.01558],[7.93351,48.01685],[7.93392,48.01692],[7.93455,48.01697],[7.93564,48.01699],[7.93624,48.01716],[7.93737,48.01738],[7.93772,48.01756],[7.93834,48.01798],[7.93913,48.01844],[7.93956,48.01848],[7.9398,48.01854],[7.94041,48.01859],[7.94104,48.01875],[7.94218,48.01889],[7.94283,48.01927],[7.94357,48.01933],[7.94399,48.01918],[7.94479,48.01904],[7.94522,48.01887],[7.94546,48.0188],[7.94613,48.01873],[7.94671,48.0186],[7.94734,48.01853],[7.94767,48.01847],[7.94818,48.01841],[7.94973,48.01835],[7.95084,48.01838],[7.95161,48.01846],[7.95187,48.01887],[7.95222,48.01927],[7.95237,48.01957],[7.95241,48.01979],[7.95219,48.02018],[7.95251,48.02038],[7.95273,48.0206],[7.95314,48.02124],[7.95344,48.02163],[7.95397,48.02193],[7.95528,48.02182],[7.95672,48.02145],[7.95827,48.02135],[7.95868,48.02134],[7.95946,48.02136],[7.95993,48.02151],[7.96113,48.02219],[7.96184,48.02246],[7.964,48.02306],[7.96474,48.02317],[7.96653,48.02346],[7.96707,48.02359],[7.96732,48.02356],[7.96899,48.02337],[7.9697,48.02358],[7.97001,48.02373],[7.97059,48.02395],[7.97126,48.0242],[7.97262,48.02489],[7.97279,48.02497],[7.97311,48.02502],[7.97342,48.02502],[7.97373,48.02504],[7.97412,48.02513],[7.97454,48.02529],[7.97519,48.02559],[7.97613,48.02531],[7.97645,48.02514],[7.97686,48.02488],[7.97721,48.02478],[7.97753,48.0246],[7.97785,48.02435],[7.97842,48.02401],[7.97866,48.02392],[7.9793,48.02375],[7.97996,48.0236],[7.98061,48.02338],[7.9807,48.02339],[7.98135,48.02356],[7.98246,48.02378],[7.98356,48.02396]],[[8.00451,48.02911],[8.00418,48.02819],[8.00383,48.02837],[8.00374,48.02855],[8.0035,48.02877],[8.00309,48.02901],[8.00268,48.0291],[8.00203,48.02916],[8.00148,48.02917],[8.00144,48.02936],[8.00089,48.02929],[8.00039,48.02918],[7.99995,48.02903],[7.99952,48.03075],[8.00021,48.03075],[8.00071,48.03079],[8.00121,48.03068],[8.00136,48.03068],[8.0016,48.03073],[8.00184,48.03073],[8.00204,48.03065],[8.00246,48.03051],[8.00254,48.03046],[8.00281,48.03044],[8.003,48.03044],[8.00308,48.03046],[8.00331,48.03045],[8.00382,48.03034],[8.00445,48.02993],[8.00461,48.02979],[8.00474,48.02957],[8.00451,48.02911]]]}},{"type":"Feature","properties":{"id":"muenstertal","name":"Münstertal/Schwarzwald"},"geometry":{"type":"Polygon","coordinates":[[[7.84342,47.89321],[7.84312,47.89255],[7.84302,47.89164],[7.84247,47.89099],[7.84229,47.89067],[7.84203,47.8898],[7.8416,47.88973],[7.84117,47.88968],[7.84087,47.88962],[7.84067,47.88952],[7.84042,47.8894],[7.84021,47.88927],[7.83999,47.88911],[7.83973,47.88891],[7.83954,47.8888],[7.83842,47.88848],[7.83812,47.88847],[7.83778,47.88845],[7.83701,47.8886],[7.83603,47.88848],[7.83529,47.88817],[7.83483,47.88798],[7.83369,47.88731],[7.83365,47.88723],[7.83343,47.88714],[7.83315,47.88702],[7.8323,47.88662],[7.83158,47.88626],[7.83151,47.88622],[7.83045,47.88565],[7.8303,47.88563],[7.8302,47.88558],[7.82905,47.88504],[7.82811,47.88518],[7.82715,47.88533],[7.82615,47.88518],[7.82515,47.88504],[7.82408,47.8852],[7.82289,47.88549],[7.82192,47.88506],[7.82117,47.88482],[7.82071,47.88463],[7.81986,47.88457],[7.81941,47.8845],[7.81907,47.88445],[7.81854,47.88421],[7.81804,47.88427],[7.81715,47.88419],[7.81703,47.88418],[7.81613,47.88383],[7.81608,47.88381],[7.81573,47.88356],[7.81508,47.88251],[7.81507,47.8825],[7.81409,47.8821],[7.81326,47.88165],[7.81244,47.88138],[7.81194,47.88112],[7.81143,47.88084],[7.81048,47.88057],[7.80952,47.88028],[7.80827,47.88038],[7.80736,47.88047],[7.80579,47.88052],[7.80471,47.88017],[7.80394,47.88053],[7.80373,47.88035],[7.80364,47.88024],[7.80326,47.88008],[7.80254,47.87995],[7.80155,47.87985],[7.80124,47.88003],[7.80096,47.87988],[7.80086,47.87908],[7.80058,47.87832],[7.80025,47.87758],[7.79988,47.87706],[7.79957,47.87693],[7.79867,47.87657],[7.7978,47.87642],[7.79744,47.87602],[7.79679,47.87575],[7.7961,47.87554],[7.79585,47.87536],[7.79528,47.87495],[7.79483,47.8747],[7.79449,47.87478],[7.79387,47.87504],[7.7932,47.87529],[7.79193,47.87554],[7.79152,47.87565],[7.79066,47.87607],[7.79032,47.87626],[7.78984,47.87651],[7.7897,47.87674],[7.78905,47.87718],[7.78836,47.87762],[7.78784,47.87817],[7.78683,47.87825],[7.78613,47.87835],[7.78525,47.87832],[7.78355,47.87794],[7.78264,47.87789],[7.78171,47.87773],[7.78112,47.87698],[7.78047,47.87658],[7.77961,47.87632],[7.7794,47.87625],[7.77806,47.87563],[7.77714,47.87498],[7.77644,47.87435],[7.77562,47.87403],[7.77494,47.87403],[7.77394,47.87444],[7.77285,47.87525],[7.77244,47.87558],[7.7715,47.87581],[7.77029,47.87627],[7.7694,47.87666],[7.76909,47.87679],[7.7686,47.87703],[7.76812,47.87666],[7.76665,47.87546],[7.76561,47.87426],[7.7652,47.8736],[7.7649,47.87284],[7.76477,47.87239],[7.76477,47.87181],[7.76474,47.87149],[7.76464,47.87115],[7.76443,47.87091],[7.76421,47.87071],[7.76412,47.87048],[7.76413,47.86995],[7.764,47.86966],[7.76379,47.86941],[7.76301,47.86863],[7.7626,47.86823],[7.76229,47.86797],[7.76215,47.8678],[7.76189,47.86765],[7.76142,47.86735],[7.76089,47.8667],[7.76072,47.86649],[7.76072,47.86619],[7.76054,47.86586],[7.75951,47.86436],[7.75972,47.86426],[7.75963,47.86377],[7.75817,47.86209],[7.75802,47.86191],[7.75764,47.86183],[7.75702,47.86169],[7.75621,47.86114],[7.75702,47.8607],[7.75689,47.86054],[7.75633,47.85988],[7.75587,47.85931],[7.75544,47.85881],[7.75506,47.85831],[7.7554,47.85743],[7.7557,47.85669],[7.75602,47.85598],[7.75679,47.85567],[7.75754,47.85537],[7.75786,47.85512],[7.75858,47.85483],[7.75921,47.8539],[7.75943,47.85324],[7.75894,47.85245],[7.75878,47.8516],[7.75805,47.85124],[7.75802,47.85064],[7.75836,47.85028],[7.75871,47.84989],[7.75921,47.84921],[7.75971,47.84821],[7.76001,47.8477],[7.76032,47.8472],[7.76046,47.84681],[7.76079,47.84598],[7.76096,47.84506],[7.761,47.84439],[7.76132,47.84402],[7.76167,47.84367],[7.76214,47.84316],[7.76274,47.84268],[7.76333,47.84222],[7.76388,47.84199],[7.76494,47.84174],[7.76494,47.8413],[7.76514,47.84055],[7.76522,47.83998],[7.76521,47.83946],[7.76504,47.83912],[7.7648,47.83881],[7.76464,47.83836],[7.76451,47.83781],[7.76455,47.83735],[7.76491,47.83668],[7.76527,47.83605],[7.76506,47.83587],[7.76495,47.83564],[7.76461,47.83529],[7.76338,47.83482],[7.76257,47.83429],[7.76185,47.83388],[7.76152,47.83359],[7.76111,47.83334],[7.7606,47.83315],[7.75942,47.83312],[7.7588,47.83297],[7.7581,47.83267],[7.75745,47.83255],[7.75705,47.83226],[7.75673,47.83189],[7.75712,47.83167],[7.75726,47.83161],[7.7576,47.83128],[7.75786,47.83094],[7.7584,47.83051],[7.75946,47.83035],[7.76015,47.83028],[7.76063,47.83012],[7.76054,47.82967],[7.76071,47.8294],[7.76102,47.82919],[7.76137,47.82903],[7.7619,47.82865],[7.76235,47.82836],[7.76251,47.82814],[7.76286,47.82798],[7.76344,47.82789],[7.76385,47.82788],[7.76446,47.82774],[7.76493,47.82753],[7.76533,47.82738],[7.76595,47.82709],[7.7664,47.82694],[7.76686,47.82687],[7.76713,47.82685],[7.76706,47.82665],[7.76697,47.82645],[7.76672,47.82585],[7.7666,47.82532],[7.76641,47.82505],[7.76636,47.82437],[7.76651,47.8236],[7.76638,47.82321],[7.76609,47.82305],[7.76553,47.82256],[7.76545,47.82222],[7.76571,47.82185],[7.76589,47.82147],[7.76587,47.82106],[7.7657,47.82028],[7.76557,47.81994],[7.76557,47.81975],[7.76547,47.81954],[7.7654,47.81928],[7.76552,47.81883],[7.76562,47.8186],[7.76609,47.81821],[7.7663,47.81788],[7.76601,47.81745],[7.7659,47.81707],[7.7658,47.81642],[7.7661,47.81579],[7.76626,47.81546],[7.76584,47.81488],[7.76531,47.8141],[7.76488,47.81343],[7.76468,47.81285],[7.76368,47.81195],[7.76369,47.81178],[7.76472,47.80949],[7.76476,47.80862],[7.76461,47.80783],[7.76461,47.80741],[7.76586,47.80589],[7.76601,47.8055],[7.7661,47.805],[7.76609,47.80463],[7.76597,47.80421],[7.76602,47.80398],[7.76651,47.80318],[7.76672,47.8029],[7.76752,47.80204],[7.76776,47.80196],[7.76893,47.80208],[7.76973,47.80219],[7.76988,47.80224],[7.77093,47.80251],[7.77117,47.80257],[7.77341,47.80244],[7.77417,47.80246],[7.7772,47.80299],[7.77806,47.8034],[7.77883,47.80304],[7.78205,47.80213],[7.78268,47.80187],[7.7846,47.80147],[7.78489,47.80157],[7.78502,47.80161],[7.7852,47.80157],[7.78536,47.80147],[7.78544,47.80136],[7.78568,47.80128],[7.78667,47.80136],[7.78894,47.80199],[7.78961,47.8021],[7.79102,47.80279],[7.79241,47.80329],[7.79266,47.8034],[7.7927,47.80348],[7.79303,47.80425],[7.79433,47.80449],[7.79625,47.80503],[7.7976,47.80504],[7.79869,47.80496],[7.79991,47.80504],[7.80068,47.80525],[7.80152,47.80534],[7.80207,47.80549],[7.80273,47.80517],[7.80288,47.80525],[7.80221,47.80572],[7.80238,47.8069],[7.80332,47.80794],[7.80282,47.80984],[7.80534,47.81145],[7.80665,47.81166],[7.80804,47.81181],[7.80862,47.8118],[7.80924,47.8117],[7.80933,47.81165],[7.80974,47.81146],[7.81052,47.81177],[7.8116,47.81208],[7.81264,47.81215],[7.81382,47.81218],[7.81481,47.81215],[7.81604,47.81222],[7.81705,47.8121],[7.81806,47.81202],[7.81925,47.81203],[7.81991,47.81275],[7.82055,47.81351],[7.82169,47.81438],[7.82189,47.81461],[7.82201,47.81472],[7.82247,47.81556],[7.82258,47.81603],[7.82257,47.81768],[7.82208,47.81863],[7.82189,47.819],[7.82329,47.81966],[7.82407,47.82],[7.82465,47.82032],[7.82499,47.8205],[7.8252,47.82062],[7.82685,47.82152],[7.82896,47.82128],[7.82899,47.82129],[7.83205,47.8224],[7.83294,47.8225],[7.83323,47.82251],[7.8351,47.82247],[7.83588,47.82245],[7.83615,47.82253],[7.83657,47.82266],[7.83716,47.82287],[7.83736,47.82301],[7.83794,47.82344],[7.83848,47.82384],[7.83924,47.82451],[7.83967,47.82482],[7.84008,47.82521],[7.84088,47.8254],[7.8421,47.82574],[7.84289,47.82625],[7.84334,47.82721],[7.84475,47.82714],[7.84568,47.8269],[7.8464,47.82724],[7.84729,47.82776],[7.8479,47.82825],[7.84835,47.82861],[7.84885,47.82927],[7.84898,47.82972],[7.84908,47.83017],[7.84909,47.83179],[7.84695,47.83275],[7.84549,47.83343],[7.84468,47.83395],[7.84393,47.83426],[7.84295,47.835],[7.84254,47.83555],[7.8422,47.83601],[7.84276,47.83632],[7.84343,47.83696],[7.84444,47.83787],[7.84452,47.83789],[7.84555,47.83822],[7.8457,47.83826],[7.84682,47.83852],[7.84739,47.83865],[7.849,47.83872],[7.84995,47.83888],[7.85045,47.83896],[7.85119,47.83894],[7.85208,47.8389],[7.85346,47.83879],[7.85411,47.83868],[7.85474,47.83856],[7.85475,47.83856],[7.85513,47.83847],[7.8557,47.83866],[7.85715,47.83916],[7.85809,47.83984],[7.85896,47.84046],[7.85951,47.84076],[7.86048,47.84129],[7.86069,47.84142],[7.86233,47.84243],[7.86379,47.84328],[7.86557,47.84443],[7.86672,47.84491],[7.86693,47.845],[7.86771,47.84564],[7.86786,47.84576],[7.86864,47.8464],[7.86879,47.84654],[7.86992,47.84756],[7.87068,47.84795],[7.87564,47.84878],[7.87657,47.84897],[7.87768,47.84966],[7.87858,47.85039],[7.87886,47.85082],[7.87876,47.85189],[7.87848,47.85275],[7.87799,47.85316],[7.87786,47.85351],[7.878,47.8544],[7.87784,47.85515],[7.87695,47.85673],[7.87906,47.8577],[7.87932,47.85789],[7.88016,47.85819],[7.88016,47.85916],[7.88017,47.85928],[7.88027,47.86],[7.88086,47.86038],[7.88197,47.86114],[7.8824,47.86165],[7.88274,47.86239],[7.88275,47.86353],[7.88275,47.86354],[7.88394,47.86458],[7.88464,47.8651],[7.88518,47.8655],[7.88591,47.866],[7.88681,47.86673],[7.88731,47.8671],[7.88793,47.86755],[7.88803,47.86782],[7.88635,47.86902],[7.88634,47.86906],[7.88646,47.86963],[7.88687,47.87025],[7.8879,47.87109],[7.88946,47.8722],[7.88964,47.87267],[7.88945,47.87319],[7.88912,47.87423],[7.88889,47.87508],[7.88895,47.87534],[7.88918,47.87677],[7.88984,47.87833],[7.89019,47.87889],[7.89044,47.88205],[7.8904,47.88221],[7.89015,47.8832],[7.88993,47.88403],[7.88992,47.88461],[7.88989,47.88472],[7.88984,47.8848],[7.88964,47.88511],[7.88915,47.88566],[7.88889,47.88617],[7.88876,47.8866],[7.88871,47.88707],[7.8889,47.88735],[7.88949,47.8882],[7.88973,47.88853],[7.88997,47.88883],[7.89047,47.89005],[7.89089,47.89115],[7.89159,47.89196],[7.89145,47.89304],[7.8912,47.89358],[7.89115,47.89405],[7.89116,47.89473],[7.89176,47.89578],[7.89045,47.89689],[7.88967,47.89746],[7.88684,47.89938],[7.8865,47.90059],[7.88643,47.9008],[7.88598,47.90193],[7.88544,47.90263],[7.8853,47.90285],[7.88507,47.90352],[7.88487,47.9041],[7.88446,47.90396],[7.88398,47.90409],[7.88335,47.9042],[7.88323,47.90422],[7.8831,47.90424],[7.88269,47.90427],[7.88243,47.90428],[7.88216,47.90429],[7.88129,47.9042],[7.88038,47.90409],[7.87978,47.90402],[7.87925,47.90399],[7.87857,47.90398],[7.87764,47.90386],[7.87731,47.90381],[7.87503,47.90361],[7.87498,47.90358],[7.87391,47.90295],[7.87332,47.90273],[7.87267,47.90251],[7.87175,47.90225],[7.8711,47.90206],[7.87075,47.90199],[7.87013,47.90191],[7.86942,47.90186],[7.86893,47.9018],[7.86854,47.90167],[7.8678,47.90137],[7.86737,47.90123],[7.86712,47.90115],[7.86685,47.90112],[7.86677,47.90112],[7.8657,47.90099],[7.86472,47.9008],[7.86337,47.90058],[7.86287,47.90045],[7.86255,47.90036],[7.86151,47.90006],[7.8608,47.89985],[7.86013,47.89962],[7.85968,47.89946],[7.85936,47.89944],[7.85885,47.89936],[7.85817,47.89926],[7.85772,47.89916],[7.8572,47.89898],[7.85618,47.8987],[7.85528,47.89866],[7.85431,47.89859],[7.85254,47.89813],[7.85196,47.898],[7.85153,47.89788],[7.85083,47.89764],[7.85025,47.8974],[7.84958,47.89692],[7.84925,47.8966],[7.84905,47.89642],[7.84874,47.89613],[7.84847,47.89589],[7.84827,47.89576],[7.84816,47.89565],[7.84813,47.89556],[7.8475,47.89549],[7.84701,47.89538],[7.8465,47.89514],[7.84649,47.89505],[7.84646,47.89479],[7.84555,47.89396],[7.84419,47.8934],[7.8437,47.89328],[7.84342,47.89321]]]}},{"type":"Feature","properties":{"id":"oberried","name":"Oberried"},"geometry":{"type":"Polygon","coordinates":[[[7.90867,47.87627],[7.90935,47.87642],[7.90967,47.87649],[7.91001,47.87697],[7.91235,47.87845],[7.91305,47.87849],[7.914,47.87853],[7.91492,47.87823],[7.91876,47.87691],[7.92171,47.87688],[7.92393,47.87672],[7.92556,47.87689],[7.92691,47.87692],[7.92814,47.87691],[7.92955,47.8767],[7.9303,47.87631],[7.93092,47.87569],[7.93168,47.87518],[7.93245,47.87472],[7.93287,47.87512],[7.9332,47.87539],[7.93409,47.87605],[7.93502,47.87584],[7.93653,47.87616],[7.93764,47.8765],[7.93883,47.87665],[7.9405,47.87793],[7.94257,47.8794],[7.94344,47.87888],[7.94397,47.87861],[7.94474,47.87826],[7.94539,47.87797],[7.94592,47.8776],[7.94648,47.87719],[7.94712,47.87672],[7.94793,47.87611],[7.94905,47.87602],[7.95236,47.87566],[7.95382,47.87556],[7.95437,47.87528],[7.95484,47.87505],[7.95558,47.87467],[7.9562,47.87406],[7.95669,47.87377],[7.95841,47.87314],[7.9589,47.87297],[7.96133,47.87207],[7.96246,47.87173],[7.96473,47.87087],[7.96679,47.87044],[7.96754,47.87021],[7.96887,47.86987],[7.9692,47.86974],[7.97082,47.86866],[7.97115,47.86842],[7.97463,47.86719],[7.97813,47.86681],[7.97881,47.86677],[7.98068,47.86673],[7.98312,47.86682],[7.98371,47.86687],[7.98494,47.8669],[7.98697,47.86697],[7.98604,47.86823],[7.9869,47.86865],[7.9875,47.86895],[7.98752,47.86974],[7.98809,47.87057],[7.98914,47.87095],[7.99049,47.87143],[7.99062,47.87172],[7.99081,47.87212],[7.99181,47.872],[7.99312,47.87185],[7.99403,47.87174],[7.99467,47.87166],[7.99471,47.87266],[7.99474,47.87359],[7.99525,47.8747],[7.99564,47.87556],[7.99594,47.87619],[7.99616,47.87665],[7.99667,47.87779],[7.99588,47.8784],[7.9961,47.87924],[7.99622,47.87986],[7.99634,47.88039],[7.99644,47.88085],[7.99649,47.88108],[7.99764,47.88113],[7.99889,47.88101],[7.99954,47.88071],[8.00063,47.881],[8.00127,47.88089],[8.00197,47.88071],[8.00246,47.88018],[8.00311,47.8799],[8.00368,47.87956],[8.00428,47.87936],[8.00481,47.87913],[8.00543,47.87885],[8.00602,47.87897],[8.00628,47.87891],[8.00672,47.87843],[8.00746,47.87828],[8.00819,47.87845],[8.00902,47.87856],[8.00938,47.87887],[8.0093,47.87943],[8.00991,47.87942],[8.01049,47.87939],[8.01104,47.87942],[8.01181,47.87944],[8.01249,47.87962],[8.01328,47.87956],[8.01401,47.87949],[8.01414,47.88],[8.01426,47.88047],[8.01444,47.88121],[8.01471,47.88213],[8.01567,47.88196],[8.01622,47.88186],[8.01644,47.88176],[8.01669,47.88166],[8.01729,47.88182],[8.01841,47.88212],[8.01897,47.88226],[8.01958,47.88253],[8.02048,47.88293],[8.02115,47.88322],[8.02186,47.88355],[8.02262,47.88414],[8.0236,47.88473],[8.02391,47.88492],[8.02397,47.88495],[8.0238,47.88507],[8.0235,47.88529],[8.02359,47.88545],[8.02367,47.88559],[8.02381,47.88609],[8.02444,47.88697],[8.02459,47.88718],[8.02484,47.88901],[8.02517,47.89179],[8.0255,47.89191],[8.02607,47.89213],[8.02642,47.89226],[8.0267,47.89237],[8.02712,47.89253],[8.02743,47.89264],[8.02788,47.89281],[8.02805,47.89285],[8.02839,47.89292],[8.02896,47.89304],[8.02934,47.89302],[8.03024,47.89297],[8.03051,47.89296],[8.03099,47.89293],[8.03129,47.89292],[8.03162,47.8929],[8.03178,47.89289],[8.03192,47.89289],[8.03264,47.89285],[8.03398,47.89336],[8.03434,47.89362],[8.03468,47.89455],[8.03527,47.89536],[8.03584,47.89593],[8.03604,47.89614],[8.03784,47.8972],[8.03979,47.90082],[8.03688,47.9082],[8.03348,47.91136],[8.03126,47.91282],[8.02924,47.9136],[8.02836,47.91573],[8.02786,47.91578],[8.02659,47.91576],[8.02534,47.91591],[8.02509,47.916],[8.02392,47.91649],[8.02362,47.91664],[8.0232,47.91686],[8.02191,47.91726],[8.02125,47.9175],[8.01942,47.91897],[8.01902,47.91919],[8.01864,47.91937],[8.01859,47.9195],[8.01829,47.92026],[8.0179,47.92057],[8.01704,47.92128],[8.01643,47.92129],[8.01558,47.92129],[8.01149,47.92104],[8.01093,47.92123],[8.01029,47.92146],[8.00939,47.92145],[8.00765,47.92164],[8.00664,47.92141],[8.0051,47.92113],[8.00429,47.92132],[8.00407,47.92156],[8.00268,47.92313],[8.00189,47.92361],[8.00134,47.92441],[8.00024,47.92491],[7.99991,47.92503],[7.99918,47.92522],[7.99839,47.92688],[7.99812,47.92805],[7.9982,47.92882],[7.99851,47.92955],[7.99906,47.93079],[7.99929,47.9321],[7.99912,47.93237],[7.99805,47.93347],[7.99719,47.9341],[7.99599,47.93475],[7.99484,47.9345],[7.99385,47.93443],[7.99345,47.93447],[7.99329,47.93485],[7.99251,47.93547],[7.99211,47.93595],[7.9916,47.93613],[7.9913,47.93758],[7.99038,47.93906],[7.98964,47.93939],[7.98896,47.93987],[7.98864,47.93995],[7.98753,47.9404],[7.98629,47.94218],[7.9862,47.94263],[7.98612,47.94382],[7.98554,47.9442],[7.98403,47.94506],[7.98358,47.94547],[7.98272,47.94606],[7.98232,47.94593],[7.98187,47.94585],[7.98166,47.94587],[7.98136,47.9459],[7.98096,47.94585],[7.98046,47.94589],[7.97928,47.94614],[7.97756,47.94635],[7.97551,47.94686],[7.97303,47.94766],[7.9717,47.9473],[7.97056,47.94688],[7.96769,47.94666],[7.96572,47.94677],[7.96427,47.94628],[7.96269,47.94657],[7.96207,47.94674],[7.96184,47.94683],[7.96132,47.94709],[7.96059,47.94749],[7.9604,47.94756],[7.96017,47.94761],[7.9588,47.94799],[7.95864,47.94802],[7.95841,47.94806],[7.95812,47.94813],[7.95781,47.94818],[7.9572,47.94826],[7.95701,47.94827],[7.95676,47.94826],[7.95658,47.94826],[7.9565,47.94827],[7.95614,47.94826],[7.95599,47.94825],[7.95587,47.94823],[7.95577,47.94822],[7.95514,47.94823],[7.95521,47.94844],[7.95523,47.94865],[7.95499,47.94916],[7.95484,47.94915],[7.95248,47.94902],[7.95232,47.94901],[7.95226,47.94901],[7.95231,47.94882],[7.95234,47.94867],[7.95239,47.94829],[7.95235,47.94818],[7.95219,47.94803],[7.95209,47.94794],[7.95176,47.94756],[7.9514,47.94703],[7.95133,47.94686],[7.95132,47.94673],[7.95131,47.94666],[7.95124,47.9466],[7.95119,47.94657],[7.95112,47.94656],[7.9511,47.94671],[7.95073,47.94721],[7.95055,47.94735],[7.95016,47.94744],[7.9498,47.94761],[7.9495,47.9478],[7.94892,47.94806],[7.94867,47.94823],[7.94845,47.94814],[7.94849,47.94756],[7.9484,47.94729],[7.94868,47.94692],[7.94863,47.94678],[7.94802,47.94648],[7.94794,47.94644],[7.94735,47.94615],[7.94709,47.94508],[7.94648,47.94465],[7.94499,47.94261],[7.94444,47.94223],[7.94443,47.94214],[7.94442,47.94208],[7.94433,47.94145],[7.94399,47.94089],[7.94267,47.94009],[7.94188,47.93853],[7.94135,47.93815],[7.93924,47.93789],[7.9388,47.93768],[7.93746,47.93739],[7.93646,47.93735],[7.93351,47.93684],[7.93233,47.93663],[7.93166,47.93669],[7.93046,47.93679],[7.92957,47.93679],[7.92701,47.93627],[7.92513,47.93632],[7.92463,47.93657],[7.92338,47.93692],[7.92259,47.93691],[7.92242,47.93724],[7.92212,47.93696],[7.92199,47.93684],[7.92002,47.93567],[7.91971,47.93559],[7.91881,47.93552],[7.91862,47.93543],[7.91851,47.93529],[7.91819,47.93518],[7.91726,47.93508],[7.91692,47.93479],[7.9158,47.93355],[7.91494,47.93167],[7.91464,47.93128],[7.91411,47.93084],[7.9126,47.92976],[7.9118,47.92964],[7.91116,47.92935],[7.9091,47.92908],[7.90829,47.92847],[7.90812,47.92801],[7.90664,47.92434],[7.90744,47.92317],[7.90841,47.92112],[7.90919,47.91958],[7.91005,47.91823],[7.90991,47.91747],[7.90953,47.91544],[7.90841,47.91432],[7.90711,47.91394],[7.90487,47.91344],[7.90461,47.91308],[7.90353,47.91262],[7.9028,47.91233],[7.90175,47.91215],[7.90074,47.91201],[7.90009,47.91192],[7.89846,47.91194],[7.89822,47.91163],[7.89799,47.91134],[7.89693,47.91078],[7.89638,47.91066],[7.89481,47.91032],[7.89363,47.91017],[7.8928,47.90993],[7.8925,47.90828],[7.8924,47.9078],[7.89213,47.90737],[7.8916,47.90684],[7.89081,47.90626],[7.88994,47.90586],[7.8892,47.90558],[7.88902,47.90548],[7.88874,47.90537],[7.88833,47.9052],[7.88811,47.90512],[7.88749,47.90487],[7.88696,47.90469],[7.8861,47.90447],[7.88487,47.9041],[7.88507,47.90352],[7.8853,47.90285],[7.88544,47.90263],[7.88598,47.90193],[7.88643,47.9008],[7.8865,47.90059],[7.88684,47.89938],[7.88967,47.89746],[7.89045,47.89689],[7.89176,47.89578],[7.89116,47.89473],[7.89115,47.89405],[7.8912,47.89358],[7.89145,47.89304],[7.89159,47.89196],[7.89089,47.89115],[7.89047,47.89005],[7.88997,47.88883],[7.88973,47.88853],[7.88949,47.8882],[7.8889,47.88735],[7.88871,47.88707],[7.88876,47.8866],[7.88889,47.88617],[7.88915,47.88566],[7.88964,47.88511],[7.88984,47.8848],[7.88989,47.88472],[7.88992,47.88461],[7.88993,47.88403],[7.89015,47.8832],[7.8904,47.88221],[7.89044,47.88205],[7.89019,47.87889],[7.89177,47.87974],[7.89271,47.87997],[7.89338,47.87998],[7.89494,47.88019],[7.89593,47.88031],[7.89689,47.88002],[7.89774,47.87962],[7.89817,47.87938],[7.89845,47.87919],[7.89946,47.8784],[7.90125,47.87818],[7.90134,47.87727],[7.90229,47.87664],[7.9039,47.87646],[7.90592,47.87574],[7.90867,47.87627]]]}},{"type":"Feature","properties":{"id":"stegen","name":"Stegen"},"geometry":{"type":"Polygon","coordinates":[[[7.92669,47.98727],[7.92674,47.98724],[7.92681,47.98724],[7.92688,47.98723],[7.92696,47.98722],[7.92719,47.98718],[7.92738,47.98715],[7.92758,47.98712],[7.92781,47.98711],[7.928,47.98709],[7.92828,47.9871],[7.9284,47.98713],[7.92853,47.9872],[7.92876,47.98729],[7.92901,47.98741],[7.92917,47.98749],[7.92929,47.98752],[7.92948,47.98753],[7.92961,47.98755],[7.92988,47.98757],[7.93009,47.98759],[7.93031,47.98761],[7.93062,47.9876],[7.93075,47.9876],[7.93093,47.98763],[7.9311,47.98767],[7.93134,47.98773],[7.9316,47.98778],[7.93185,47.98786],[7.93199,47.98791],[7.93208,47.98795],[7.93225,47.988],[7.93229,47.988],[7.93261,47.988],[7.93277,47.98802],[7.93297,47.98801],[7.93314,47.98798],[7.93325,47.98794],[7.9334,47.98791],[7.93348,47.98792],[7.93361,47.98796],[7.93381,47.98807],[7.93391,47.98814],[7.93405,47.98823],[7.93413,47.98828],[7.93421,47.98831],[7.93441,47.98843],[7.9346,47.98849],[7.93476,47.98857],[7.93483,47.98862],[7.93493,47.98867],[7.93509,47.98875],[7.93515,47.98877],[7.93528,47.98879],[7.93543,47.98881],[7.93564,47.98885],[7.93579,47.98886],[7.93594,47.98885],[7.9361,47.98885],[7.93623,47.98887],[7.93639,47.98891],[7.93648,47.98894],[7.93655,47.98896],[7.93658,47.98897],[7.93662,47.98894],[7.93666,47.98889],[7.93668,47.98882],[7.93667,47.98873],[7.93668,47.98863],[7.93672,47.98858],[7.93672,47.98857],[7.93683,47.98853],[7.93694,47.9885],[7.9371,47.98845],[7.93726,47.98839],[7.93734,47.98833],[7.93747,47.98825],[7.93761,47.98815],[7.93774,47.98805],[7.93782,47.988],[7.93791,47.98795],[7.93791,47.98794],[7.93791,47.98793],[7.93784,47.98761],[7.93782,47.98754],[7.93778,47.98721],[7.93775,47.98694],[7.93773,47.98688],[7.93763,47.98656],[7.93733,47.98562],[7.93728,47.98551],[7.9375,47.9855],[7.93757,47.98548],[7.9385,47.98538],[7.93948,47.98526],[7.94043,47.98511],[7.9413,47.98497],[7.94209,47.98486],[7.94339,47.98471],[7.94424,47.98461],[7.94507,47.98446],[7.94674,47.98418],[7.94717,47.98411],[7.94778,47.98408],[7.94799,47.9841],[7.94823,47.98413],[7.9481,47.98378],[7.94937,47.98382],[7.95109,47.98359],[7.95065,47.98204],[7.95238,47.98168],[7.95366,47.98155],[7.95376,47.98144],[7.95396,47.98121],[7.95475,47.98119],[7.95634,47.98082],[7.95642,47.98081],[7.95683,47.98063],[7.95678,47.9806],[7.95662,47.98052],[7.95635,47.9804],[7.95615,47.98031],[7.95564,47.98013],[7.95522,47.98003],[7.95526,47.98002],[7.95552,47.97996],[7.95604,47.97984],[7.95639,47.97974],[7.95692,47.97951],[7.95792,47.97904],[7.95785,47.97895],[7.96042,47.97799],[7.96132,47.9775],[7.96153,47.97736],[7.96172,47.97731],[7.96183,47.97731],[7.96192,47.97737],[7.96204,47.9773],[7.96201,47.97717],[7.96191,47.9771],[7.96172,47.97683],[7.96279,47.97647],[7.96337,47.9772],[7.96378,47.97722],[7.96381,47.9773],[7.9648,47.9772],[7.96518,47.97714],[7.96549,47.9771],[7.96618,47.97689],[7.96675,47.97665],[7.96721,47.97641],[7.96738,47.97633],[7.96823,47.97612],[7.97157,47.97519],[7.97242,47.97502],[7.97366,47.97492],[7.97479,47.97506],[7.97677,47.9753],[7.97678,47.97531],[7.97772,47.97631],[7.97835,47.977],[7.97885,47.97696],[7.97924,47.97682],[7.97972,47.97679],[7.98082,47.97648],[7.98228,47.97671],[7.98337,47.97699],[7.98396,47.97771],[7.98449,47.97801],[7.9852,47.97826],[7.98723,47.97831],[7.98895,47.97885],[7.98966,47.9791],[7.99064,47.97931],[7.99133,47.9794],[7.99183,47.97932],[7.99289,47.97942],[7.99395,47.97961],[7.99421,47.9797],[7.99456,47.97961],[7.99526,47.9796],[7.99544,47.97965],[7.99597,47.97991],[7.99651,47.98015],[7.99679,47.98027],[7.99688,47.98035],[7.99712,47.98055],[7.9972,47.98064],[7.99725,47.98072],[7.9972,47.98087],[7.99717,47.98095],[7.99703,47.98113],[7.99704,47.98122],[7.99706,47.98158],[7.99713,47.98189],[7.99731,47.98216],[7.99749,47.98235],[7.99773,47.98255],[7.99784,47.98262],[7.99796,47.98271],[7.99844,47.98293],[7.9988,47.98316],[7.99933,47.98332],[7.99994,47.98366],[8.00042,47.98401],[8.00071,47.98423],[8.00073,47.98494],[8.00054,47.98542],[8.00029,47.98572],[8.00013,47.98608],[7.99986,47.98638],[7.99974,47.98661],[7.99971,47.98698],[7.99971,47.98707],[7.9997,47.98723],[7.99975,47.98743],[7.99982,47.98764],[7.99997,47.98785],[8.00029,47.98833],[8.00035,47.98871],[8.00033,47.99007],[7.99997,47.99093],[7.99987,47.99119],[7.99962,47.99145],[7.99945,47.99177],[7.99941,47.99184],[7.99936,47.99195],[7.99879,47.99304],[7.99873,47.99321],[7.99842,47.9941],[7.99776,47.99499],[7.99755,47.99549],[7.99836,47.99576],[7.99859,47.99588],[7.99988,47.99675],[8.00065,47.99707],[8.00105,47.99739],[8.00171,47.99775],[8.00199,47.99788],[8.00244,47.99809],[8.00323,47.99841],[8.00336,47.99847],[8.00341,47.9985],[8.00351,47.99855],[8.00377,47.99891],[8.00402,47.99912],[8.00559,47.99941],[8.00635,47.99943],[8.00705,47.9995],[8.00738,47.99957],[8.00838,47.99993],[8.00876,48.00011],[8.00905,48.00025],[8.00964,48.00052],[8.00966,48.00052],[8.01021,48.0007],[8.0103,48.00073],[8.01102,48.00093],[8.01264,48.00158],[8.01303,48.0022],[8.01385,48.00296],[8.01493,48.00376],[8.01544,48.00404],[8.01791,48.00488],[8.01841,48.00499],[8.01885,48.00505],[8.01883,48.00506],[8.01861,48.00526],[8.01744,48.00655],[8.01729,48.00671],[8.01708,48.00705],[8.01699,48.00732],[8.01682,48.0078],[8.01668,48.00826],[8.01645,48.00883],[8.01616,48.00945],[8.01603,48.00983],[8.01572,48.01022],[8.0156,48.01037],[8.01533,48.0107],[8.01496,48.0111],[8.01452,48.0114],[8.01408,48.0116],[8.01397,48.01186],[8.01456,48.01183],[8.01442,48.01209],[8.01429,48.01204],[8.01415,48.01205],[8.01399,48.01207],[8.01397,48.01208],[8.0136,48.01218],[8.01351,48.01219],[8.01336,48.01216],[8.01311,48.01209],[8.01299,48.01211],[8.01285,48.01208],[8.01268,48.01202],[8.01262,48.01197],[8.0126,48.0119],[8.01256,48.01185],[8.01248,48.01182],[8.01236,48.01181],[8.01222,48.01183],[8.01205,48.01184],[8.01196,48.01191],[8.01174,48.01191],[8.01164,48.01193],[8.0115,48.01199],[8.01133,48.01204],[8.01098,48.01205],[8.01086,48.01211],[8.01075,48.01214],[8.01061,48.01221],[8.01045,48.01222],[8.01032,48.01216],[8.01019,48.01211],[8.01,48.01206],[8.00982,48.01199],[8.00973,48.01192],[8.0096,48.01193],[8.0095,48.01195],[8.0094,48.01197],[8.00924,48.01197],[8.00918,48.01193],[8.00907,48.0119],[8.00894,48.01176],[8.0086,48.01155],[8.00849,48.01144],[8.00846,48.01134],[8.00837,48.01132],[8.00825,48.01123],[8.00816,48.01119],[8.00821,48.01127],[8.00829,48.01149],[8.00827,48.01154],[8.00817,48.01164],[8.00807,48.01166],[8.00809,48.01173],[8.00776,48.01175],[8.00748,48.01176],[8.00709,48.01183],[8.00717,48.01187],[8.00751,48.01216],[8.00786,48.01213],[8.00809,48.01242],[8.00837,48.01237],[8.00859,48.01237],[8.00877,48.01244],[8.00932,48.01273],[8.01014,48.01278],[8.01019,48.01287],[8.01027,48.01302],[8.01076,48.01385],[8.01101,48.01437],[8.01093,48.01533],[8.01091,48.01566],[8.01076,48.01621],[8.00956,48.01659],[8.0094,48.01666],[8.00808,48.01729],[8.00739,48.01764],[8.00673,48.01745],[8.00584,48.0172],[8.00589,48.0177],[8.00393,48.01902],[8.00479,48.02011],[8.00497,48.02041],[8.00517,48.02096],[8.0051,48.02199],[8.00537,48.02229],[8.00533,48.02255],[8.00473,48.02265],[8.00427,48.02274],[8.00363,48.02285],[8.00347,48.02288],[8.00262,48.02253],[8.0022,48.02236],[8.00166,48.02222],[8.00143,48.02216],[8.00091,48.02205],[8.00092,48.02204],[8.00068,48.022],[8.00043,48.02193],[8.00028,48.02189],[7.9995,48.02182],[7.99796,48.02219],[7.99723,48.02219],[7.99674,48.02219],[7.99607,48.02205],[7.99518,48.02204],[7.99423,48.02209],[7.99341,48.02231],[7.99177,48.02339],[7.99145,48.02334],[7.98831,48.02271],[7.98706,48.02306],[7.98582,48.02359],[7.98483,48.02358],[7.98356,48.02396],[7.98246,48.02378],[7.98135,48.02356],[7.9807,48.02339],[7.98061,48.02338],[7.97996,48.0236],[7.9793,48.02375],[7.97866,48.02392],[7.97842,48.02401],[7.97785,48.02435],[7.97753,48.0246],[7.97721,48.02478],[7.97686,48.02488],[7.97645,48.02514],[7.97613,48.02531],[7.97519,48.02559],[7.97454,48.02529],[7.97412,48.02513],[7.97373,48.02504],[7.97342,48.02502],[7.97311,48.02502],[7.97279,48.02497],[7.97262,48.02489],[7.97126,48.0242],[7.97059,48.02395],[7.97001,48.02373],[7.9697,48.02358],[7.96899,48.02337],[7.96732,48.02356],[7.96707,48.02359],[7.96653,48.02346],[7.96474,48.02317],[7.964,48.02306],[7.96184,48.02246],[7.96113,48.02219],[7.95993,48.02151],[7.95946,48.02136],[7.95868,48.02134],[7.95827,48.02135],[7.95672,48.02145],[7.95528,48.02182],[7.95397,48.02193],[7.95344,48.02163],[7.95314,48.02124],[7.95273,48.0206],[7.95251,48.02038],[7.95219,48.02018],[7.95241,48.01979],[7.95237,48.01957],[7.95222,48.01927],[7.95187,48.01887],[7.95161,48.01846],[7.95084,48.01838],[7.94973,48.01835],[7.94818,48.01841],[7.94767,48.01847],[7.94734,48.01853],[7.94671,48.0186],[7.94613,48.01873],[7.94546,48.0188],[7.94522,48.01887],[7.94479,48.01904],[7.94399,48.01918],[7.94357,48.01933],[7.94283,48.01927],[7.94218,48.01889],[7.94104,48.01875],[7.94041,48.01859],[7.9398,48.01854],[7.93956,48.01848],[7.93913,48.01844],[7.93834,48.01798],[7.93772,48.01756],[7.93737,48.01738],[7.93624,48.01716],[7.93564,48.01699],[7.93455,48.01697],[7.93392,48.01692],[7.93351,48.01685],[7.93133,48.01558],[7.93007,48.01528],[7.92992,48.01526],[7.92916,48.01498],[7.92849,48.01481],[7.92812,48.01469],[7.92739,48.01436],[7.92627,48.01381],[7.92664,48.01313],[7.92699,48.01284],[7.92733,48.01242],[7.92779,48.01116],[7.9282,48.01085],[7.92839,48.00882],[7.92863,48.00855],[7.92863,48.00823],[7.92785,48.00598],[7.92803,48.00485],[7.92815,48.0026],[7.92777,48.002],[7.92721,48.00134],[7.92717,48.0011],[7.92728,48.00067],[7.92752,48.00019],[7.92791,47.99972],[7.92802,47.99941],[7.928,47.99865],[7.92933,47.99754],[7.92912,47.99719],[7.92906,47.99671],[7.92967,47.99623],[7.9302,47.99539],[7.9302,47.99507],[7.92995,47.99445],[7.92996,47.99364],[7.93059,47.99247],[7.93067,47.99227],[7.93052,47.99189],[7.93055,47.99169],[7.93084,47.99113],[7.9308,47.99099],[7.93057,47.99075],[7.93039,47.99057],[7.9303,47.9901],[7.93019,47.98985],[7.92928,47.98862],[7.92766,47.98923],[7.92753,47.98867],[7.92716,47.98818],[7.92687,47.98774],[7.92685,47.98769],[7.92687,47.98767],[7.92689,47.98761],[7.92682,47.98751],[7.92669,47.98734],[7.92669,47.98727]]]}},{"type":"Feature","properties":{"id":"staufen","name":"Staufen im Breisgau"},"geometry":{"type":"Polygon","coordinates":[[[7.74915,47.8938],[7.74777,47.89483],[7.7475,47.89474],[7.74747,47.89476],[7.74744,47.89478],[7.74551,47.89608],[7.74521,47.8963],[7.74505,47.8964],[7.74478,47.89658],[7.74422,47.89694],[7.74398,47.8971],[7.7433,47.89759],[7.74324,47.89754],[7.74318,47.89749],[7.74214,47.89667],[7.7418,47.89689],[7.74173,47.89694],[7.74172,47.89695],[7.7417,47.89694],[7.74149,47.89677],[7.74149,47.89677],[7.74125,47.89689],[7.74118,47.89692],[7.74104,47.89698],[7.74087,47.89706],[7.74083,47.89708],[7.7407,47.89715],[7.74035,47.89733],[7.74059,47.89764],[7.7398,47.89793],[7.73977,47.89794],[7.7395,47.89805],[7.73948,47.89797],[7.73904,47.89815],[7.73862,47.8977],[7.73855,47.89772],[7.73808,47.8979],[7.73807,47.89791],[7.73803,47.89792],[7.73785,47.89768],[7.73732,47.89711],[7.73716,47.89703],[7.73707,47.89705],[7.7367,47.8974],[7.7366,47.89755],[7.73651,47.89751],[7.73647,47.89748],[7.73637,47.89744],[7.73596,47.89768],[7.73586,47.89775],[7.73583,47.89775],[7.73581,47.89776],[7.73539,47.89798],[7.73501,47.89812],[7.73447,47.89822],[7.73413,47.89827],[7.73416,47.89837],[7.7333,47.89838],[7.73256,47.89842],[7.73219,47.89844],[7.73193,47.89851],[7.7314,47.89863],[7.73094,47.8988],[7.72987,47.89931],[7.72952,47.89951],[7.72915,47.89977],[7.72902,47.89989],[7.72885,47.90002],[7.72874,47.90013],[7.72859,47.90026],[7.7285,47.90035],[7.72824,47.90052],[7.72779,47.90069],[7.72774,47.90071],[7.72769,47.90073],[7.72741,47.90084],[7.72739,47.901],[7.72737,47.90138],[7.72704,47.9013],[7.727,47.90129],[7.72697,47.90128],[7.7252,47.90088],[7.72458,47.90073],[7.72452,47.90071],[7.7245,47.90071],[7.72443,47.90069],[7.72434,47.90069],[7.72306,47.90021],[7.72249,47.90085],[7.72132,47.9004],[7.72021,47.89998],[7.72004,47.90013],[7.71896,47.89975],[7.71816,47.89943],[7.71865,47.8991],[7.71885,47.89885],[7.71916,47.89871],[7.71885,47.89859],[7.71931,47.89819],[7.71975,47.898],[7.71984,47.89804],[7.7202,47.8978],[7.71889,47.8972],[7.71863,47.89728],[7.71885,47.89689],[7.71867,47.8968],[7.71912,47.89621],[7.71944,47.89587],[7.71949,47.89586],[7.71991,47.89548],[7.72033,47.89513],[7.72054,47.89502],[7.72104,47.89475],[7.71937,47.89365],[7.71991,47.89334],[7.72092,47.89209],[7.72048,47.89188],[7.72053,47.89185],[7.72028,47.89115],[7.72001,47.89094],[7.71999,47.89093],[7.71961,47.89076],[7.72,47.89032],[7.72031,47.89],[7.71861,47.88902],[7.71853,47.88897],[7.71809,47.88872],[7.71807,47.88869],[7.71804,47.88865],[7.71724,47.8881],[7.71625,47.88745],[7.71529,47.88681],[7.71524,47.88683],[7.71408,47.88523],[7.71313,47.88462],[7.71314,47.88461],[7.71089,47.88305],[7.70797,47.88092],[7.70814,47.88083],[7.70811,47.88081],[7.70798,47.88074],[7.70767,47.88054],[7.70738,47.88035],[7.70743,47.88033],[7.70733,47.88024],[7.70724,47.88016],[7.70706,47.87999],[7.707,47.87993],[7.70686,47.8798],[7.70678,47.87989],[7.70673,47.87991],[7.70666,47.87993],[7.7064,47.88],[7.70615,47.88004],[7.70571,47.8801],[7.70491,47.8802],[7.70466,47.88025],[7.7041,47.88035],[7.7034,47.88052],[7.70317,47.88049],[7.7031,47.8805],[7.70299,47.88044],[7.7019,47.87883],[7.70087,47.8791],[7.70032,47.87924],[7.69945,47.87948],[7.69885,47.87961],[7.6978,47.87983],[7.69777,47.87979],[7.69686,47.87842],[7.69671,47.8784],[7.69652,47.8784],[7.69642,47.8784],[7.69603,47.87841],[7.69563,47.87844],[7.69546,47.87848],[7.69516,47.87857],[7.69462,47.87875],[7.6945,47.87879],[7.69434,47.87887],[7.69391,47.87909],[7.69355,47.87924],[7.69339,47.87926],[7.69335,47.8792],[7.69332,47.87914],[7.69331,47.87912],[7.69234,47.87773],[7.69232,47.8777],[7.69228,47.87764],[7.69118,47.87797],[7.69029,47.87825],[7.69021,47.87827],[7.69008,47.87832],[7.68998,47.87839],[7.6888,47.87925],[7.688,47.87983],[7.68682,47.87815],[7.68681,47.87814],[7.68664,47.87809],[7.68645,47.87832],[7.6863,47.87855],[7.6862,47.87869],[7.68583,47.87913],[7.68567,47.8793],[7.68537,47.87962],[7.68529,47.87969],[7.68527,47.87965],[7.68455,47.87863],[7.68366,47.87741],[7.68359,47.87741],[7.68344,47.87752],[7.68333,47.87758],[7.68322,47.87762],[7.68305,47.87767],[7.68284,47.87772],[7.68254,47.87777],[7.68239,47.87779],[7.68229,47.8778],[7.68215,47.8778],[7.68199,47.8778],[7.68163,47.87778],[7.68095,47.87774],[7.68022,47.87773],[7.67947,47.87773],[7.67925,47.87776],[7.6792,47.87771],[7.67911,47.87761],[7.67908,47.87759],[7.67835,47.87689],[7.67827,47.87682],[7.67767,47.87625],[7.67734,47.87595],[7.67732,47.87582],[7.67663,47.87512],[7.67736,47.87472],[7.67772,47.87467],[7.67852,47.87432],[7.67909,47.87401],[7.67948,47.87372],[7.68002,47.87337],[7.68012,47.87331],[7.68013,47.8733],[7.68015,47.87329],[7.68092,47.87284],[7.68094,47.87283],[7.68101,47.87279],[7.68071,47.87267],[7.68081,47.87258],[7.68085,47.87254],[7.68092,47.87249],[7.68098,47.87244],[7.68123,47.87224],[7.6816,47.87197],[7.68207,47.87162],[7.68231,47.87143],[7.68251,47.87128],[7.68309,47.87085],[7.68371,47.87038],[7.6839,47.87023],[7.68397,47.87018],[7.68429,47.86994],[7.68455,47.86974],[7.68509,47.86935],[7.68508,47.8693],[7.68499,47.86928],[7.68473,47.86918],[7.68442,47.86903],[7.6847,47.86883],[7.68487,47.86869],[7.68494,47.86863],[7.68535,47.86834],[7.68556,47.86817],[7.68556,47.86809],[7.68562,47.86805],[7.68663,47.86723],[7.68709,47.86686],[7.68731,47.86698],[7.68737,47.86697],[7.6884,47.86605],[7.68842,47.86603],[7.68918,47.86549],[7.68922,47.86551],[7.68924,47.86552],[7.69073,47.86451],[7.69077,47.86449],[7.69082,47.86446],[7.69086,47.86444],[7.69171,47.86507],[7.6921,47.86534],[7.69235,47.86552],[7.69239,47.86555],[7.69298,47.86597],[7.69315,47.86608],[7.69394,47.86662],[7.69398,47.86664],[7.69403,47.86668],[7.6947,47.86713],[7.69473,47.86715],[7.69479,47.86717],[7.69479,47.86717],[7.6948,47.86717],[7.69706,47.86511],[7.69711,47.86507],[7.69717,47.86499],[7.69777,47.86475],[7.698,47.86466],[7.6982,47.86459],[7.69859,47.86443],[7.70022,47.86511],[7.70031,47.86493],[7.70035,47.86489],[7.70054,47.86503],[7.70061,47.86508],[7.70081,47.86526],[7.70162,47.86585],[7.70181,47.86599],[7.70212,47.86621],[7.70225,47.8663],[7.70244,47.86641],[7.70279,47.86665],[7.70283,47.86663],[7.70328,47.86686],[7.7035,47.86681],[7.70357,47.8668],[7.70433,47.86722],[7.70442,47.86726],[7.70486,47.86746],[7.70548,47.8677],[7.70613,47.86796],[7.70648,47.86807],[7.70656,47.86796],[7.70703,47.86775],[7.70815,47.86713],[7.70875,47.86761],[7.70879,47.86759],[7.70886,47.86755],[7.70892,47.86752],[7.70976,47.86707],[7.71043,47.86669],[7.7103,47.86652],[7.71033,47.86651],[7.71123,47.86609],[7.71112,47.86598],[7.71198,47.86565],[7.71194,47.86563],[7.71243,47.86546],[7.7131,47.86512],[7.7132,47.86484],[7.71342,47.86414],[7.71353,47.86397],[7.71363,47.864],[7.71367,47.86383],[7.71355,47.8632],[7.71393,47.86307],[7.71378,47.86277],[7.71447,47.86256],[7.7147,47.86248],[7.71543,47.86224],[7.7164,47.86198],[7.71717,47.86177],[7.71699,47.8616],[7.71706,47.86156],[7.71701,47.86151],[7.71696,47.86141],[7.71696,47.86132],[7.71669,47.86111],[7.71657,47.86086],[7.71677,47.86077],[7.717,47.86065],[7.71722,47.86047],[7.71723,47.86041],[7.71732,47.86033],[7.71742,47.86031],[7.71801,47.86042],[7.71838,47.86027],[7.71849,47.86027],[7.71904,47.85974],[7.71916,47.85972],[7.71936,47.85943],[7.71979,47.859],[7.72062,47.85866],[7.72096,47.85856],[7.72137,47.85833],[7.72169,47.85823],[7.72191,47.8582],[7.72234,47.85802],[7.72255,47.85801],[7.72282,47.85796],[7.72312,47.8578],[7.7234,47.85774],[7.72471,47.85746],[7.72582,47.85697],[7.72616,47.85678],[7.72648,47.8566],[7.72652,47.8556],[7.72692,47.85509],[7.72749,47.85473],[7.72792,47.85446],[7.72836,47.85419],[7.72882,47.8539],[7.72857,47.85294],[7.72894,47.85202],[7.72906,47.85126],[7.72905,47.8505],[7.7292,47.85015],[7.72927,47.85007],[7.72914,47.84961],[7.72898,47.84929],[7.72868,47.84872],[7.72843,47.84821],[7.72802,47.8478],[7.72793,47.84734],[7.72873,47.84683],[7.72917,47.84651],[7.72936,47.84613],[7.72959,47.84586],[7.72993,47.84555],[7.73036,47.84534],[7.73082,47.8449],[7.73148,47.84484],[7.73301,47.84463],[7.73383,47.84469],[7.73435,47.84446],[7.73486,47.84432],[7.73541,47.8441],[7.73564,47.84391],[7.73616,47.84376],[7.73716,47.84358],[7.73771,47.84338],[7.73819,47.84302],[7.73847,47.84259],[7.73902,47.8425],[7.74033,47.84238],[7.74105,47.84225],[7.74242,47.84189],[7.74304,47.84159],[7.74367,47.84134],[7.74414,47.84108],[7.74473,47.84068],[7.745,47.8404],[7.7453,47.84013],[7.7468,47.83929],[7.74733,47.83917],[7.74784,47.83911],[7.74868,47.83864],[7.74878,47.83831],[7.74885,47.83759],[7.74919,47.83709],[7.75002,47.83666],[7.75034,47.83594],[7.74996,47.83536],[7.74979,47.8351],[7.74985,47.83476],[7.74978,47.83444],[7.74947,47.83373],[7.74961,47.83342],[7.75001,47.83314],[7.75016,47.83296],[7.75031,47.83248],[7.75052,47.83218],[7.7508,47.83197],[7.75112,47.8318],[7.75176,47.83158],[7.75256,47.83133],[7.75333,47.8313],[7.75433,47.83135],[7.75536,47.83165],[7.75594,47.83171],[7.75673,47.83189],[7.75705,47.83226],[7.75745,47.83255],[7.7581,47.83267],[7.7588,47.83297],[7.75942,47.83312],[7.7606,47.83315],[7.76111,47.83334],[7.76152,47.83359],[7.76185,47.83388],[7.76257,47.83429],[7.76338,47.83482],[7.76461,47.83529],[7.76495,47.83564],[7.76506,47.83587],[7.76527,47.83605],[7.76491,47.83668],[7.76455,47.83735],[7.76451,47.83781],[7.76464,47.83836],[7.7648,47.83881],[7.76504,47.83912],[7.76521,47.83946],[7.76522,47.83998],[7.76514,47.84055],[7.76494,47.8413],[7.76494,47.84174],[7.76388,47.84199],[7.76333,47.84222],[7.76274,47.84268],[7.76214,47.84316],[7.76167,47.84367],[7.76132,47.84402],[7.761,47.84439],[7.76096,47.84506],[7.76079,47.84598],[7.76046,47.84681],[7.76032,47.8472],[7.76001,47.8477],[7.75971,47.84821],[7.75921,47.84921],[7.75871,47.84989],[7.75836,47.85028],[7.75802,47.85064],[7.75805,47.85124],[7.75878,47.8516],[7.75894,47.85245],[7.75943,47.85324],[7.75921,47.8539],[7.75858,47.85483],[7.75786,47.85512],[7.75754,47.85537],[7.75679,47.85567],[7.75602,47.85598],[7.7557,47.85669],[7.7554,47.85743],[7.75506,47.85831],[7.75544,47.85881],[7.75587,47.85931],[7.75633,47.85988],[7.75689,47.86054],[7.75702,47.8607],[7.75621,47.86114],[7.75702,47.86169],[7.75764,47.86183],[7.75802,47.86191],[7.75817,47.86209],[7.75963,47.86377],[7.75972,47.86426],[7.75951,47.86436],[7.76054,47.86586],[7.76072,47.86619],[7.76072,47.86649],[7.76089,47.8667],[7.76142,47.86735],[7.76189,47.86765],[7.76215,47.8678],[7.76229,47.86797],[7.7626,47.86823],[7.76301,47.86863],[7.76379,47.86941],[7.764,47.86966],[7.76413,47.86995],[7.76412,47.87048],[7.76421,47.87071],[7.76443,47.87091],[7.76464,47.87115],[7.76474,47.87149],[7.76477,47.87181],[7.76477,47.87239],[7.7649,47.87284],[7.7652,47.8736],[7.76561,47.87426],[7.76665,47.87546],[7.76812,47.87666],[7.7686,47.87703],[7.76841,47.87724],[7.76744,47.8773],[7.76677,47.87726],[7.76499,47.8773],[7.7636,47.87723],[7.76256,47.87757],[7.76301,47.87908],[7.76309,47.87984],[7.76287,47.88039],[7.76296,47.88101],[7.76268,47.88142],[7.76261,47.88193],[7.76248,47.88222],[7.76243,47.8827],[7.76233,47.88318],[7.7618,47.88361],[7.76152,47.88404],[7.76117,47.88448],[7.76079,47.88478],[7.76015,47.88515],[7.75926,47.88527],[7.75744,47.88627],[7.75614,47.88726],[7.75563,47.88802],[7.75507,47.88828],[7.75459,47.88863],[7.75408,47.88918],[7.75402,47.88941],[7.75404,47.89029],[7.75394,47.89048],[7.75395,47.89075],[7.7542,47.89094],[7.75445,47.89131],[7.75327,47.89195],[7.75292,47.89226],[7.75213,47.89332],[7.75085,47.89314],[7.75,47.89317],[7.74897,47.89363],[7.74915,47.8938]]]}},{"type":"Feature","properties":{"id":"neuenburg","name":"Neuenburg am Rhein"},"geometry":{"type":"MultiPolygon","coordinates":[[[[7.55583,47.78627],[7.55582,47.78629],[7.55563,47.78666],[7.55491,47.78732],[7.55449,47.78814],[7.55411,47.78878],[7.55407,47.78941],[7.55415,47.7896],[7.55458,47.79007],[7.55478,47.79036],[7.5555,47.79192],[7.55557,47.79249],[7.55549,47.7935],[7.55554,47.79401],[7.55577,47.7946],[7.556,47.79506],[7.55673,47.79626],[7.55831,47.79863],[7.55864,47.79915],[7.55892,47.79967],[7.5593,47.80016],[7.55964,47.80047],[7.56023,47.80087],[7.5607,47.80132],[7.56104,47.8017],[7.56127,47.80203],[7.56316,47.80148],[7.56353,47.80207],[7.56621,47.8013],[7.56612,47.80115],[7.56875,47.80039],[7.5726,47.8065],[7.57266,47.80648],[7.57276,47.80651],[7.5766,47.8054],[7.57777,47.80725],[7.57752,47.80732],[7.57852,47.80889],[7.57861,47.80888],[7.57931,47.80997],[7.57941,47.81016],[7.57937,47.81017],[7.57988,47.81112],[7.57929,47.8112],[7.5787,47.81125],[7.57707,47.81122],[7.57706,47.81135],[7.57576,47.81133],[7.57732,47.8138],[7.57161,47.81544],[7.57159,47.81548],[7.57483,47.82062],[7.57396,47.82087],[7.57393,47.82094],[7.57508,47.82216],[7.57607,47.82293],[7.57959,47.82531],[7.58412,47.83247],[7.58471,47.8334],[7.58595,47.83317],[7.58597,47.83321],[7.58594,47.83326],[7.58719,47.8361],[7.58835,47.83885],[7.58843,47.83913],[7.58849,47.83912],[7.5917,47.83852],[7.59176,47.83859],[7.59177,47.8386],[7.59182,47.83866],[7.59248,47.83935],[7.59315,47.84008],[7.59363,47.84062],[7.59361,47.84071],[7.59359,47.84079],[7.5936,47.8408],[7.59361,47.84083],[7.59362,47.84087],[7.59364,47.84089],[7.59384,47.8412],[7.59447,47.84214],[7.595,47.84298],[7.59564,47.84405],[7.59567,47.84409],[7.59551,47.84415],[7.59469,47.84447],[7.59546,47.84627],[7.59547,47.84631],[7.59535,47.84635],[7.59593,47.84805],[7.59594,47.84808],[7.59659,47.84996],[7.59659,47.84998],[7.59662,47.85007],[7.59846,47.85315],[7.59916,47.85421],[7.60067,47.85391],[7.6012,47.8538],[7.60295,47.85346],[7.60454,47.85608],[7.60602,47.85846],[7.60862,47.8578],[7.61178,47.86309],[7.61162,47.86316],[7.61177,47.8633],[7.61092,47.86376],[7.6099,47.86435],[7.60983,47.8644],[7.60936,47.86467],[7.60871,47.86503],[7.60804,47.86539],[7.60808,47.86543],[7.608,47.86552],[7.60914,47.86732],[7.60921,47.86745],[7.61121,47.87026],[7.61189,47.8712],[7.61192,47.87125],[7.61198,47.87134],[7.61292,47.8727],[7.61338,47.87333],[7.61341,47.87336],[7.61342,47.87338],[7.61768,47.87226],[7.61775,47.87245],[7.61782,47.8727],[7.61785,47.87302],[7.61782,47.87338],[7.61774,47.87395],[7.6176,47.8751],[7.61743,47.87648],[7.61731,47.8772],[7.6169,47.8791],[7.61669,47.87999],[7.61661,47.88028],[7.61655,47.88062],[7.61654,47.88099],[7.61656,47.88119],[7.61661,47.88138],[7.61674,47.88168],[7.61733,47.88277],[7.61784,47.88378],[7.61816,47.88434],[7.61826,47.88457],[7.61817,47.88459],[7.61517,47.88529],[7.61123,47.88621],[7.61256,47.88882],[7.61198,47.88897],[7.61216,47.88931],[7.61219,47.88939],[7.61218,47.88941],[7.61216,47.88943],[7.6121,47.88956],[7.61209,47.8897],[7.61212,47.88977],[7.61223,47.88988],[7.61224,47.88989],[7.61323,47.89041],[7.61111,47.89228],[7.61108,47.89233],[7.61109,47.89238],[7.61111,47.89243],[7.61117,47.89247],[7.61125,47.89251],[7.60933,47.89418],[7.60756,47.8933],[7.60583,47.89348],[7.60053,47.89416],[7.60008,47.89445],[7.60087,47.89715],[7.59774,47.89775],[7.59784,47.89812],[7.5979,47.89837],[7.59818,47.89913],[7.59874,47.90147],[7.59822,47.90121],[7.59808,47.90118],[7.59784,47.90113],[7.59743,47.90108],[7.59516,47.90076],[7.59378,47.90056],[7.59293,47.90022],[7.59197,47.89982],[7.58975,47.89937],[7.58895,47.89937],[7.58849,47.89937],[7.5872,47.89911],[7.58552,47.89876],[7.5817,47.89803],[7.58144,47.89747],[7.58118,47.89703],[7.58028,47.89573],[7.57924,47.89443],[7.57799,47.89316],[7.57677,47.89212],[7.57554,47.89119],[7.57388,47.89014],[7.57189,47.88908],[7.56961,47.88812],[7.56713,47.88725],[7.56575,47.88669],[7.56373,47.88569],[7.56225,47.88477],[7.56078,47.88357],[7.55965,47.88252],[7.55856,47.88127],[7.55779,47.8803],[7.55724,47.87949],[7.55696,47.87896],[7.55658,47.87804],[7.55613,47.87664],[7.55574,47.87483],[7.55563,47.87356],[7.55561,47.87331],[7.55562,47.87104],[7.55562,47.87053],[7.55565,47.86898],[7.55572,47.86818],[7.55583,47.8675],[7.55617,47.86609],[7.55679,47.86433],[7.55788,47.86236],[7.56103,47.85741],[7.56188,47.85592],[7.56231,47.85501],[7.56299,47.85334],[7.56328,47.85207],[7.56336,47.85161],[7.56359,47.84988],[7.5637,47.84814],[7.56369,47.84724],[7.56355,47.84552],[7.56336,47.8442],[7.56306,47.84288],[7.56253,47.84117],[7.56202,47.83989],[7.56139,47.83858],[7.56072,47.83737],[7.55997,47.83617],[7.55891,47.83463],[7.55792,47.83337],[7.55558,47.83076],[7.55288,47.8276],[7.55161,47.82596],[7.55097,47.82502],[7.55047,47.82422],[7.55001,47.82341],[7.54913,47.82174],[7.54874,47.82091],[7.54839,47.82007],[7.5481,47.81934],[7.54686,47.81555],[7.54625,47.81385],[7.5458,47.81269],[7.54557,47.81214],[7.54439,47.80951],[7.54399,47.8087],[7.54265,47.80623],[7.54084,47.80311],[7.54069,47.80285],[7.53922,47.80034],[7.53823,47.7986],[7.53531,47.79366],[7.53236,47.7885],[7.53159,47.78688],[7.53121,47.78597],[7.53082,47.78491],[7.53031,47.78318],[7.53006,47.78196],[7.52999,47.7814],[7.52985,47.7801],[7.5298,47.77909],[7.5298,47.77753],[7.52989,47.77636],[7.53003,47.77526],[7.53022,47.77418],[7.53042,47.77329],[7.53083,47.77181],[7.53111,47.77102],[7.53146,47.77012],[7.532,47.76892],[7.53257,47.76779],[7.53318,47.76668],[7.53327,47.76651],[7.53467,47.76397],[7.53829,47.75756],[7.53909,47.75657],[7.54006,47.75484],[7.54183,47.75121],[7.54435,47.74664],[7.54612,47.74349],[7.54624,47.74351],[7.54636,47.74352],[7.54661,47.74355],[7.54708,47.74361],[7.54805,47.74372],[7.54999,47.74395],[7.55011,47.74396],[7.55101,47.74407],[7.55411,47.74887],[7.55609,47.75198],[7.55864,47.75194],[7.55879,47.75189],[7.56118,47.75307],[7.5623,47.7536],[7.56349,47.75427],[7.56391,47.75488],[7.5642,47.75546],[7.56442,47.75603],[7.56463,47.7566],[7.56477,47.7572],[7.56496,47.75796],[7.56504,47.75832],[7.56498,47.75867],[7.56507,47.75871],[7.56509,47.75872],[7.56543,47.75888],[7.56527,47.75917],[7.56504,47.75965],[7.56511,47.76008],[7.56492,47.76046],[7.56598,47.76216],[7.5665,47.76297],[7.56658,47.76317],[7.56929,47.76259],[7.57117,47.76544],[7.57159,47.76611],[7.57008,47.76637],[7.57255,47.77034],[7.57061,47.77065],[7.57207,47.77312],[7.57356,47.77555],[7.56932,47.77659],[7.57002,47.77769],[7.567,47.77811],[7.56741,47.77896],[7.56872,47.78158],[7.5681,47.78164],[7.56444,47.7821],[7.56506,47.78334],[7.56498,47.78335],[7.5608,47.7839],[7.5611,47.78439],[7.56122,47.78459],[7.56157,47.78501],[7.5586,47.78564],[7.55583,47.78627]]],[[[7.585,47.77007],[7.58528,47.77087],[7.58544,47.77084],[7.5859,47.77156],[7.5862,47.77188],[7.58605,47.77196],[7.58579,47.7721],[7.58532,47.77239],[7.58451,47.77296],[7.58369,47.77337],[7.58317,47.77358],[7.58317,47.77358],[7.58277,47.77375],[7.58192,47.77397],[7.58158,47.77364],[7.58125,47.7733],[7.58109,47.77312],[7.58078,47.77274],[7.58061,47.77245],[7.58029,47.77151],[7.57989,47.76982],[7.57956,47.76826],[7.57931,47.7673],[7.5811,47.76714],[7.58149,47.76808],[7.58194,47.76969],[7.58201,47.76973],[7.58399,47.76966],[7.5841,47.76961],[7.58426,47.77015],[7.585,47.77007]]]]}},{"type":"Feature","properties":{"id":"heitersheim","name":"Heitersheim"},"geometry":{"type":"MultiPolygon","coordinates":[[[[7.58289,47.90564],[7.58298,47.90519],[7.58304,47.90441],[7.58308,47.90349],[7.58307,47.90274],[7.5829,47.90159],[7.58258,47.9002],[7.58221,47.89915],[7.58193,47.89846],[7.5817,47.89803],[7.58552,47.89876],[7.5872,47.89911],[7.58849,47.89937],[7.58895,47.89937],[7.58975,47.89937],[7.59197,47.89982],[7.5912,47.90095],[7.59062,47.90189],[7.59041,47.90219],[7.58968,47.90326],[7.58901,47.90532],[7.58967,47.90737],[7.58289,47.90564]]],[[[7.67024,47.85712],[7.67025,47.85713],[7.67027,47.85714],[7.67029,47.85716],[7.67052,47.85741],[7.6707,47.8574],[7.67071,47.85741],[7.67074,47.85744],[7.67084,47.85754],[7.67101,47.85772],[7.67102,47.85773],[7.67104,47.85775],[7.67107,47.85779],[7.67147,47.85821],[7.67196,47.85878],[7.67218,47.85902],[7.67222,47.85907],[7.67231,47.85916],[7.6724,47.85925],[7.67263,47.85949],[7.67268,47.85955],[7.67281,47.85967],[7.67285,47.8597],[7.67298,47.85983],[7.67302,47.85987],[7.67337,47.86024],[7.67365,47.86052],[7.67375,47.86058],[7.67419,47.86088],[7.67423,47.86091],[7.67425,47.86093],[7.67427,47.86093],[7.67436,47.86102],[7.67477,47.86131],[7.67482,47.86134],[7.67494,47.86143],[7.67505,47.86152],[7.67508,47.8615],[7.67512,47.86147],[7.67529,47.86159],[7.67628,47.86219],[7.67638,47.86227],[7.67651,47.86237],[7.67688,47.86266],[7.67691,47.86268],[7.67692,47.86269],[7.67697,47.86273],[7.6777,47.86243],[7.67821,47.86278],[7.67877,47.86333],[7.67943,47.86335],[7.67947,47.86338],[7.67936,47.86349],[7.6803,47.86435],[7.68048,47.86427],[7.6805,47.86429],[7.68066,47.8644],[7.68076,47.86447],[7.68253,47.8658],[7.68268,47.86583],[7.68268,47.86585],[7.68269,47.86588],[7.68269,47.8659],[7.68294,47.86606],[7.68437,47.86715],[7.68439,47.86718],[7.68441,47.86719],[7.68555,47.86805],[7.68562,47.86805],[7.68556,47.86809],[7.68556,47.86817],[7.68535,47.86834],[7.68494,47.86863],[7.68487,47.86869],[7.6847,47.86883],[7.68442,47.86903],[7.68473,47.86918],[7.68499,47.86928],[7.68508,47.8693],[7.68509,47.86935],[7.68455,47.86974],[7.68429,47.86994],[7.68397,47.87018],[7.6839,47.87023],[7.68371,47.87038],[7.68309,47.87085],[7.68251,47.87128],[7.68231,47.87143],[7.68207,47.87162],[7.6816,47.87197],[7.68123,47.87224],[7.68098,47.87244],[7.68092,47.87249],[7.68085,47.87254],[7.68081,47.87258],[7.68071,47.87267],[7.68101,47.87279],[7.68094,47.87283],[7.68092,47.87284],[7.68015,47.87329],[7.68013,47.8733],[7.68012,47.87331],[7.68002,47.87337],[7.67948,47.87372],[7.67909,47.87401],[7.67852,47.87432],[7.67772,47.87467],[7.67736,47.87472],[7.67663,47.87512],[7.67732,47.87582],[7.67734,47.87595],[7.67767,47.87625],[7.67827,47.87682],[7.67835,47.87689],[7.67908,47.87759],[7.67911,47.87761],[7.6792,47.87771],[7.67925,47.87776],[7.67947,47.87773],[7.68022,47.87773],[7.68095,47.87774],[7.68163,47.87778],[7.68199,47.8778],[7.68215,47.8778],[7.68229,47.8778],[7.68239,47.87779],[7.68254,47.87777],[7.68284,47.87772],[7.68305,47.87767],[7.68322,47.87762],[7.68333,47.87758],[7.68344,47.87752],[7.68359,47.87741],[7.68366,47.87741],[7.68455,47.87863],[7.68527,47.87965],[7.68529,47.87969],[7.68537,47.87962],[7.68567,47.8793],[7.68583,47.87913],[7.6862,47.87869],[7.6863,47.87855],[7.68645,47.87832],[7.68664,47.87809],[7.68681,47.87814],[7.68682,47.87815],[7.688,47.87983],[7.6888,47.87925],[7.68998,47.87839],[7.69008,47.87832],[7.69021,47.87827],[7.69029,47.87825],[7.69118,47.87797],[7.69228,47.87764],[7.69232,47.8777],[7.69234,47.87773],[7.69331,47.87912],[7.69332,47.87914],[7.69335,47.8792],[7.69339,47.87926],[7.69355,47.87924],[7.69391,47.87909],[7.69434,47.87887],[7.6945,47.87879],[7.69462,47.87875],[7.69516,47.87857],[7.69546,47.87848],[7.69563,47.87844],[7.69603,47.87841],[7.69642,47.8784],[7.69652,47.8784],[7.69671,47.8784],[7.69686,47.87842],[7.69777,47.87979],[7.6978,47.87983],[7.69885,47.87961],[7.69945,47.87948],[7.70032,47.87924],[7.70087,47.8791],[7.7019,47.87883],[7.70299,47.88044],[7.7031,47.8805],[7.70317,47.88049],[7.7034,47.88052],[7.7041,47.88035],[7.70466,47.88025],[7.70491,47.8802],[7.70571,47.8801],[7.70615,47.88004],[7.7064,47.88],[7.70666,47.87993],[7.70673,47.87991],[7.70678,47.87989],[7.70686,47.8798],[7.707,47.87993],[7.70706,47.87999],[7.70724,47.88016],[7.70733,47.88024],[7.70743,47.88033],[7.70738,47.88035],[7.70767,47.88054],[7.70798,47.88074],[7.70811,47.88081],[7.70814,47.88083],[7.70797,47.88092],[7.7072,47.88141],[7.70632,47.8818],[7.70565,47.88113],[7.70525,47.88132],[7.70504,47.88113],[7.70405,47.88157],[7.70396,47.88152],[7.70388,47.88153],[7.70174,47.88206],[7.7009,47.88237],[7.69999,47.88283],[7.69921,47.88198],[7.69606,47.88293],[7.69627,47.88315],[7.69622,47.88322],[7.69313,47.88458],[7.69105,47.88547],[7.68979,47.88615],[7.68833,47.88696],[7.68827,47.88695],[7.68733,47.88602],[7.68606,47.88669],[7.6868,47.88729],[7.68677,47.88731],[7.68615,47.88753],[7.68522,47.88793],[7.68425,47.88829],[7.68315,47.88872],[7.68093,47.88983],[7.68036,47.89013],[7.67969,47.88931],[7.67966,47.88931],[7.67816,47.88996],[7.67624,47.89075],[7.67541,47.88966],[7.67538,47.88963],[7.67265,47.89048],[7.67166,47.89078],[7.67082,47.8897],[7.67115,47.88959],[7.67113,47.88956],[7.6716,47.88941],[7.67056,47.88788],[7.67054,47.88769],[7.67076,47.88768],[7.67218,47.88756],[7.67307,47.8874],[7.67125,47.88505],[7.67358,47.88427],[7.67269,47.88329],[7.6727,47.88327],[7.67321,47.88224],[7.67349,47.88137],[7.67364,47.8808],[7.67399,47.88008],[7.67475,47.87946],[7.67326,47.87799],[7.6663,47.88191],[7.6661,47.88201],[7.66416,47.88306],[7.66413,47.88313],[7.66411,47.88316],[7.66399,47.88304],[7.66403,47.88303],[7.66341,47.88242],[7.6632,47.88254],[7.66291,47.88227],[7.66252,47.88191],[7.66251,47.88196],[7.66248,47.88198],[7.65873,47.88407],[7.65866,47.88406],[7.65645,47.8822],[7.65644,47.88207],[7.6559,47.88228],[7.655,47.88263],[7.6549,47.88262],[7.6543,47.88218],[7.65365,47.88167],[7.65213,47.88051],[7.65209,47.88053],[7.6521,47.88058],[7.65165,47.88085],[7.65146,47.88095],[7.65139,47.88092],[7.65132,47.88073],[7.65122,47.88083],[7.65122,47.88103],[7.65138,47.88186],[7.65141,47.88225],[7.65144,47.88243],[7.65132,47.88251],[7.649,47.88298],[7.64837,47.8832],[7.64825,47.88299],[7.64751,47.88323],[7.64746,47.88325],[7.64759,47.88364],[7.64606,47.88399],[7.64604,47.884],[7.64598,47.88401],[7.64397,47.8826],[7.64391,47.88257],[7.64385,47.88254],[7.64376,47.88249],[7.63456,47.88549],[7.63424,47.88563],[7.63384,47.88583],[7.6337,47.88583],[7.63107,47.88665],[7.62961,47.88714],[7.62875,47.88741],[7.62797,47.88767],[7.62775,47.88774],[7.62731,47.88782],[7.62704,47.88784],[7.62447,47.88751],[7.62164,47.88712],[7.62126,47.88704],[7.62044,47.88689],[7.61865,47.88737],[7.62046,47.88838],[7.61979,47.88896],[7.61952,47.88881],[7.61816,47.88997],[7.61634,47.88921],[7.6147,47.89071],[7.61462,47.89078],[7.61447,47.89089],[7.61436,47.89093],[7.61422,47.89092],[7.61323,47.89041],[7.61224,47.88989],[7.61223,47.88988],[7.61212,47.88977],[7.61209,47.8897],[7.6121,47.88956],[7.61216,47.88943],[7.61218,47.88941],[7.61219,47.88939],[7.61216,47.88931],[7.61198,47.88897],[7.61256,47.88882],[7.61123,47.88621],[7.61517,47.88529],[7.61817,47.88459],[7.61826,47.88457],[7.61816,47.88434],[7.61784,47.88378],[7.61733,47.88277],[7.61674,47.88168],[7.61661,47.88138],[7.61656,47.88119],[7.61654,47.88099],[7.61655,47.88062],[7.61661,47.88028],[7.61669,47.87999],[7.6169,47.8791],[7.61731,47.8772],[7.62208,47.87598],[7.62213,47.87596],[7.62785,47.87452],[7.62792,47.87451],[7.628,47.87449],[7.63491,47.87273],[7.63501,47.8727],[7.63506,47.87269],[7.63521,47.87266],[7.63533,47.87263],[7.63939,47.87161],[7.63938,47.87159],[7.63936,47.87157],[7.63887,47.87091],[7.6389,47.87089],[7.63898,47.87088],[7.63921,47.87081],[7.63907,47.87065],[7.63917,47.8706],[7.63923,47.87056],[7.63949,47.87044],[7.63979,47.8703],[7.64196,47.86937],[7.642,47.86935],[7.64446,47.86829],[7.64451,47.86827],[7.64579,47.86769],[7.64668,47.8673],[7.64679,47.86725],[7.6464,47.86673],[7.64614,47.86642],[7.64519,47.86533],[7.64524,47.8653],[7.64544,47.86519],[7.64552,47.86515],[7.64746,47.86428],[7.6477,47.86417],[7.64788,47.86409],[7.64801,47.86404],[7.64921,47.86349],[7.64988,47.86333],[7.65077,47.86306],[7.6508,47.86304],[7.6509,47.86298],[7.65097,47.86293],[7.6511,47.86283],[7.65132,47.86271],[7.65163,47.86253],[7.65195,47.86239],[7.65226,47.86229],[7.65241,47.86225],[7.65279,47.86214],[7.65294,47.86201],[7.65309,47.8619],[7.65335,47.86176],[7.65366,47.86159],[7.65403,47.86151],[7.65431,47.86148],[7.655,47.86147],[7.65548,47.8615],[7.65599,47.86142],[7.65626,47.86139],[7.65653,47.86133],[7.65673,47.86125],[7.657,47.86102],[7.65736,47.86082],[7.65761,47.8607],[7.65774,47.86067],[7.65784,47.86063],[7.65839,47.86048],[7.65852,47.86044],[7.65893,47.86033],[7.65891,47.86029],[7.65891,47.86025],[7.65893,47.86024],[7.65897,47.86024],[7.65905,47.86022],[7.65947,47.86013],[7.66007,47.85997],[7.66046,47.85991],[7.66099,47.85975],[7.6612,47.85968],[7.66166,47.85952],[7.66201,47.85939],[7.66256,47.85942],[7.66302,47.85948],[7.66308,47.85948],[7.66322,47.85948],[7.66344,47.85949],[7.66373,47.85946],[7.66389,47.85943],[7.66404,47.85935],[7.66463,47.85899],[7.66488,47.85884],[7.66512,47.85877],[7.66617,47.85855],[7.66648,47.85846],[7.66676,47.85842],[7.66735,47.85839],[7.66747,47.85837],[7.6676,47.85833],[7.66812,47.85805],[7.66819,47.85801],[7.66819,47.85801],[7.66856,47.85787],[7.66912,47.8576],[7.66938,47.85743],[7.66947,47.85735],[7.66956,47.85728],[7.66977,47.85719],[7.67024,47.85712]]]]}},{"type":"Feature","properties":{"id":"sulzburg","name":"Sulzburg"},"geometry":{"type":"Polygon","coordinates":[[[7.66123,47.84349],[7.66197,47.84364],[7.66318,47.84395],[7.66309,47.84377],[7.66295,47.8436],[7.66253,47.84318],[7.6626,47.84316],[7.66253,47.84295],[7.66252,47.84269],[7.66293,47.84192],[7.66325,47.84199],[7.66339,47.84197],[7.66356,47.84171],[7.66298,47.84151],[7.66366,47.84053],[7.66383,47.84048],[7.66559,47.84001],[7.66559,47.83998],[7.66926,47.83956],[7.66942,47.83952],[7.66964,47.8395],[7.67086,47.83922],[7.67122,47.83904],[7.67179,47.83891],[7.67231,47.83874],[7.67294,47.83848],[7.67333,47.83835],[7.67381,47.83825],[7.67448,47.83823],[7.67476,47.83818],[7.67568,47.83794],[7.67625,47.83775],[7.67743,47.8373],[7.67899,47.8366],[7.67948,47.83638],[7.6808,47.83558],[7.68115,47.83541],[7.68184,47.83511],[7.68282,47.83472],[7.68319,47.83464],[7.68442,47.83431],[7.68527,47.83412],[7.68762,47.83341],[7.68849,47.83325],[7.68907,47.83322],[7.68963,47.83312],[7.69008,47.83322],[7.69108,47.83333],[7.69183,47.83251],[7.69225,47.83209],[7.69253,47.83155],[7.6929,47.83141],[7.69323,47.83153],[7.69351,47.83207],[7.69402,47.83255],[7.69507,47.83295],[7.69656,47.83312],[7.69714,47.83327],[7.69794,47.83364],[7.69869,47.83372],[7.69895,47.83327],[7.69887,47.83296],[7.69897,47.83277],[7.69902,47.83235],[7.69886,47.83156],[7.69895,47.83119],[7.69877,47.83064],[7.69887,47.83033],[7.69977,47.82996],[7.70007,47.82964],[7.69991,47.82881],[7.70115,47.82651],[7.70222,47.82421],[7.70218,47.82384],[7.70228,47.82357],[7.70209,47.82318],[7.70188,47.82185],[7.70153,47.82119],[7.70132,47.82055],[7.70131,47.82005],[7.70089,47.81931],[7.70085,47.81877],[7.70162,47.81707],[7.70392,47.81578],[7.70817,47.81554],[7.70883,47.81524],[7.70925,47.81544],[7.71023,47.81524],[7.71271,47.81525],[7.71385,47.81463],[7.71441,47.81464],[7.7154,47.81421],[7.71596,47.81372],[7.71651,47.81356],[7.71716,47.81324],[7.71779,47.81307],[7.71795,47.81288],[7.7181,47.81174],[7.71837,47.81156],[7.71894,47.81136],[7.72015,47.81067],[7.72061,47.81031],[7.72116,47.80958],[7.72197,47.80903],[7.72248,47.80889],[7.72445,47.80887],[7.7268,47.80885],[7.72739,47.80901],[7.72795,47.80902],[7.72876,47.80952],[7.72913,47.80915],[7.72991,47.80836],[7.73086,47.80764],[7.73068,47.80792],[7.73091,47.80845],[7.73225,47.80891],[7.73371,47.80924],[7.73473,47.80929],[7.73531,47.80909],[7.7362,47.80863],[7.73687,47.80839],[7.73736,47.80824],[7.73747,47.80817],[7.7378,47.80798],[7.73835,47.80762],[7.73864,47.80726],[7.73885,47.80696],[7.73931,47.80675],[7.7411,47.80577],[7.74175,47.80394],[7.74271,47.80363],[7.7432,47.80358],[7.74346,47.8036],[7.74431,47.80357],[7.74618,47.80301],[7.74826,47.80333],[7.74891,47.8034],[7.74901,47.80341],[7.74916,47.80342],[7.74991,47.80352],[7.75087,47.80348],[7.7511,47.80347],[7.75375,47.80262],[7.75505,47.80281],[7.75743,47.80249],[7.76008,47.80332],[7.76056,47.80378],[7.76225,47.80411],[7.76445,47.80423],[7.76539,47.80418],[7.76568,47.80412],[7.76602,47.80398],[7.76597,47.80421],[7.76609,47.80463],[7.7661,47.805],[7.76601,47.8055],[7.76586,47.80589],[7.76461,47.80741],[7.76461,47.80783],[7.76476,47.80862],[7.76472,47.80949],[7.76369,47.81178],[7.76368,47.81195],[7.76468,47.81285],[7.76488,47.81343],[7.76531,47.8141],[7.76584,47.81488],[7.76626,47.81546],[7.7661,47.81579],[7.7658,47.81642],[7.7659,47.81707],[7.76601,47.81745],[7.7663,47.81788],[7.76609,47.81821],[7.76562,47.8186],[7.76552,47.81883],[7.7654,47.81928],[7.76547,47.81954],[7.76557,47.81975],[7.76557,47.81994],[7.7657,47.82028],[7.76587,47.82106],[7.76589,47.82147],[7.76571,47.82185],[7.76545,47.82222],[7.76553,47.82256],[7.76609,47.82305],[7.76638,47.82321],[7.76651,47.8236],[7.76636,47.82437],[7.76641,47.82505],[7.7666,47.82532],[7.76672,47.82585],[7.76697,47.82645],[7.76706,47.82665],[7.76713,47.82685],[7.76686,47.82687],[7.7664,47.82694],[7.76595,47.82709],[7.76533,47.82738],[7.76493,47.82753],[7.76446,47.82774],[7.76385,47.82788],[7.76344,47.82789],[7.76286,47.82798],[7.76251,47.82814],[7.76235,47.82836],[7.7619,47.82865],[7.76137,47.82903],[7.76102,47.82919],[7.76071,47.8294],[7.76054,47.82967],[7.76063,47.83012],[7.76015,47.83028],[7.75946,47.83035],[7.7584,47.83051],[7.75786,47.83094],[7.7576,47.83128],[7.75726,47.83161],[7.75712,47.83167],[7.75673,47.83189],[7.75594,47.83171],[7.75536,47.83165],[7.75433,47.83135],[7.75333,47.8313],[7.75256,47.83133],[7.75176,47.83158],[7.75112,47.8318],[7.7508,47.83197],[7.75052,47.83218],[7.75031,47.83248],[7.75016,47.83296],[7.75001,47.83314],[7.74961,47.83342],[7.74947,47.83373],[7.74978,47.83444],[7.74985,47.83476],[7.74979,47.8351],[7.74996,47.83536],[7.75034,47.83594],[7.75002,47.83666],[7.74919,47.83709],[7.74885,47.83759],[7.74878,47.83831],[7.74868,47.83864],[7.74784,47.83911],[7.74733,47.83917],[7.7468,47.83929],[7.7453,47.84013],[7.745,47.8404],[7.74473,47.84068],[7.74414,47.84108],[7.74367,47.84134],[7.74304,47.84159],[7.74242,47.84189],[7.74105,47.84225],[7.74033,47.84238],[7.73902,47.8425],[7.73847,47.84259],[7.73819,47.84302],[7.73771,47.84338],[7.73716,47.84358],[7.73616,47.84376],[7.73564,47.84391],[7.73541,47.8441],[7.73486,47.84432],[7.73435,47.84446],[7.73383,47.84469],[7.73301,47.84463],[7.73148,47.84484],[7.73082,47.8449],[7.73036,47.84534],[7.72993,47.84555],[7.72959,47.84586],[7.72936,47.84613],[7.72917,47.84651],[7.72873,47.84683],[7.72793,47.84734],[7.7274,47.84715],[7.72696,47.84709],[7.7268,47.84706],[7.7265,47.84701],[7.72615,47.8471],[7.7259,47.84716],[7.7255,47.8473],[7.72513,47.84738],[7.72454,47.84752],[7.72412,47.84768],[7.72382,47.84776],[7.72354,47.8478],[7.72315,47.84773],[7.72279,47.84769],[7.72246,47.84775],[7.72215,47.8478],[7.72161,47.84792],[7.72146,47.84797],[7.72119,47.84806],[7.72056,47.8482],[7.72017,47.84835],[7.71993,47.84847],[7.71957,47.84856],[7.71898,47.84875],[7.71905,47.84892],[7.71876,47.84907],[7.71839,47.8492],[7.71833,47.84921],[7.71826,47.84924],[7.718,47.84933],[7.71767,47.84941],[7.71716,47.84965],[7.71693,47.84971],[7.71664,47.84981],[7.71645,47.84994],[7.71623,47.85006],[7.71541,47.85023],[7.71488,47.8502],[7.7148,47.85021],[7.7147,47.85022],[7.71465,47.85024],[7.71435,47.85035],[7.71393,47.8506],[7.71387,47.85062],[7.71367,47.85071],[7.71334,47.8508],[7.71329,47.85082],[7.71321,47.85084],[7.71314,47.85085],[7.71248,47.85092],[7.71215,47.85095],[7.71177,47.85105],[7.71102,47.85101],[7.71078,47.851],[7.71011,47.85089],[7.70973,47.85079],[7.70895,47.85042],[7.70845,47.85029],[7.70818,47.84987],[7.70783,47.8495],[7.70751,47.84919],[7.70679,47.84847],[7.70627,47.84795],[7.70619,47.8479],[7.70617,47.84789],[7.70611,47.84784],[7.70606,47.84783],[7.70596,47.84781],[7.70594,47.84781],[7.70586,47.84779],[7.7057,47.84777],[7.70487,47.84771],[7.70474,47.84769],[7.70455,47.84765],[7.70418,47.84753],[7.70393,47.84752],[7.70368,47.84752],[7.70347,47.84755],[7.70324,47.84759],[7.70244,47.84782],[7.70231,47.84783],[7.70228,47.84781],[7.70169,47.84837],[7.70149,47.84843],[7.70121,47.84849],[7.70097,47.84852],[7.70061,47.84854],[7.70045,47.84858],[7.70003,47.84886],[7.69962,47.84875],[7.69917,47.84904],[7.69886,47.84923],[7.69881,47.84925],[7.69864,47.84917],[7.69842,47.84906],[7.69787,47.84938],[7.69663,47.8487],[7.69643,47.84886],[7.69617,47.84885],[7.69604,47.84877],[7.69579,47.84861],[7.69572,47.84856],[7.69551,47.84843],[7.69502,47.84879],[7.69483,47.84892],[7.6946,47.84913],[7.69436,47.84904],[7.69365,47.84871],[7.69307,47.84842],[7.69276,47.84829],[7.6925,47.8482],[7.69201,47.84809],[7.69175,47.84806],[7.69072,47.84799],[7.68974,47.84798],[7.68962,47.84801],[7.68946,47.84801],[7.68929,47.84797],[7.68899,47.84796],[7.68867,47.8482],[7.68746,47.84882],[7.68667,47.84936],[7.68612,47.84968],[7.68384,47.85036],[7.68219,47.85079],[7.68162,47.85096],[7.68082,47.85129],[7.68008,47.85153],[7.67857,47.85189],[7.67645,47.85229],[7.67573,47.85251],[7.67477,47.85275],[7.67351,47.85298],[7.67344,47.85291],[7.67232,47.85167],[7.67223,47.85169],[7.67126,47.85051],[7.67117,47.84964],[7.66955,47.84951],[7.66957,47.84904],[7.66803,47.84895],[7.66734,47.84885],[7.66617,47.84862],[7.66618,47.84861],[7.66381,47.84853],[7.66365,47.84866],[7.66271,47.84857],[7.6611,47.84849],[7.66111,47.84879],[7.65999,47.84884],[7.65995,47.84806],[7.65995,47.84801],[7.65934,47.84778],[7.65907,47.84702],[7.65899,47.84703],[7.65888,47.84636],[7.65994,47.84631],[7.65947,47.8457],[7.65935,47.84542],[7.65954,47.84516],[7.65985,47.84463],[7.6601,47.84392],[7.66041,47.84395],[7.66068,47.84394],[7.66079,47.8439],[7.66124,47.84355],[7.66123,47.84349]]]}},{"type":"Feature","properties":{"id":"buggingen","name":"Buggingen"},"geometry":{"type":"Polygon","coordinates":[[[7.59547,47.84631],[7.59862,47.84556],[7.60092,47.84501],[7.60092,47.845],[7.6009,47.84496],[7.59992,47.84289],[7.5999,47.84285],[7.60022,47.84276],[7.60154,47.84253],[7.60167,47.84251],[7.60178,47.84249],[7.602,47.84245],[7.60581,47.84176],[7.6122,47.8406],[7.61227,47.84059],[7.61222,47.84042],[7.6119,47.83942],[7.61434,47.83871],[7.61515,47.83846],[7.61702,47.83791],[7.61704,47.83791],[7.61707,47.8379],[7.61835,47.83996],[7.61941,47.8416],[7.61962,47.84154],[7.6197,47.84152],[7.61973,47.84151],[7.61976,47.8415],[7.62244,47.84075],[7.62274,47.84102],[7.62282,47.84107],[7.62293,47.84106],[7.6231,47.84103],[7.62313,47.84102],[7.62319,47.84101],[7.62365,47.84092],[7.62448,47.84073],[7.62429,47.84042],[7.62418,47.84031],[7.624,47.84008],[7.6239,47.83981],[7.6239,47.8397],[7.62395,47.8395],[7.62404,47.83944],[7.62446,47.83937],[7.62484,47.83926],[7.62455,47.83907],[7.62439,47.83895],[7.62432,47.8389],[7.62426,47.83885],[7.62434,47.8386],[7.6244,47.83841],[7.62443,47.83821],[7.62441,47.83808],[7.62449,47.83784],[7.62449,47.83777],[7.62445,47.83756],[7.62448,47.83756],[7.62452,47.83756],[7.62454,47.83757],[7.62528,47.83764],[7.62534,47.83765],[7.62535,47.83765],[7.62544,47.83743],[7.62556,47.83724],[7.62566,47.83707],[7.62581,47.83678],[7.62588,47.83651],[7.62591,47.83637],[7.62594,47.83614],[7.62594,47.8361],[7.62597,47.83588],[7.62603,47.83568],[7.62609,47.83551],[7.62614,47.83554],[7.62702,47.83596],[7.6273,47.83567],[7.62733,47.83564],[7.62753,47.83545],[7.62745,47.83541],[7.62753,47.83537],[7.62781,47.83522],[7.62809,47.83512],[7.62854,47.83493],[7.62858,47.83491],[7.62862,47.8349],[7.62938,47.83463],[7.63002,47.83441],[7.63043,47.83422],[7.6308,47.83403],[7.63053,47.83388],[7.63092,47.83372],[7.63096,47.83371],[7.63103,47.83368],[7.63166,47.83338],[7.63212,47.83316],[7.63243,47.83304],[7.63267,47.83281],[7.63291,47.83289],[7.63321,47.83304],[7.63341,47.83313],[7.63366,47.83287],[7.63393,47.83264],[7.63412,47.83247],[7.63372,47.83229],[7.63393,47.83214],[7.63408,47.83205],[7.6344,47.832],[7.63468,47.83197],[7.63471,47.83221],[7.63472,47.83238],[7.63477,47.83255],[7.63544,47.83245],[7.63616,47.83235],[7.63657,47.83226],[7.63682,47.83225],[7.63703,47.83256],[7.63726,47.83298],[7.63747,47.8336],[7.63735,47.83373],[7.63782,47.83401],[7.63745,47.83438],[7.63847,47.83454],[7.63833,47.83469],[7.63806,47.83513],[7.63774,47.83534],[7.63748,47.8356],[7.63726,47.83608],[7.63714,47.83627],[7.63788,47.83655],[7.63817,47.83624],[7.63883,47.83572],[7.63941,47.83534],[7.63959,47.83529],[7.63964,47.83531],[7.63987,47.83622],[7.63987,47.83642],[7.64021,47.83738],[7.64059,47.83811],[7.64087,47.83807],[7.64107,47.83855],[7.64114,47.83888],[7.64129,47.83913],[7.64161,47.83905],[7.64184,47.83892],[7.64241,47.83909],[7.64217,47.83938],[7.64246,47.8395],[7.64405,47.84001],[7.64352,47.84104],[7.64369,47.84095],[7.64408,47.84082],[7.64428,47.84039],[7.64457,47.84048],[7.64451,47.84065],[7.64692,47.84121],[7.64698,47.84112],[7.64782,47.84133],[7.64799,47.84136],[7.64817,47.84135],[7.64807,47.84142],[7.64777,47.84204],[7.64935,47.84198],[7.64938,47.84229],[7.6507,47.84225],[7.65072,47.84242],[7.65125,47.84243],[7.65122,47.84296],[7.65327,47.84311],[7.65397,47.84301],[7.65483,47.84277],[7.65483,47.84302],[7.65522,47.84283],[7.65566,47.84278],[7.65628,47.84282],[7.6578,47.84299],[7.65885,47.84307],[7.66082,47.84341],[7.66123,47.84349],[7.66124,47.84355],[7.66079,47.8439],[7.66068,47.84394],[7.66041,47.84395],[7.6601,47.84392],[7.65985,47.84463],[7.65954,47.84516],[7.65935,47.84542],[7.65947,47.8457],[7.65994,47.84631],[7.65888,47.84636],[7.65899,47.84703],[7.65907,47.84702],[7.65934,47.84778],[7.65995,47.84801],[7.65995,47.84806],[7.65999,47.84884],[7.66111,47.84879],[7.6611,47.84849],[7.66271,47.84857],[7.66365,47.84866],[7.66381,47.84853],[7.66618,47.84861],[7.66617,47.84862],[7.66734,47.84885],[7.66803,47.84895],[7.66957,47.84904],[7.66955,47.84951],[7.67117,47.84964],[7.67126,47.85051],[7.67223,47.85169],[7.67232,47.85167],[7.67344,47.85291],[7.67351,47.85298],[7.67326,47.85302],[7.67328,47.85306],[7.67341,47.85333],[7.67354,47.85357],[7.67361,47.85372],[7.6738,47.85408],[7.67425,47.85392],[7.67443,47.85414],[7.6745,47.85422],[7.67457,47.85431],[7.6746,47.85434],[7.67469,47.85443],[7.67492,47.85471],[7.67493,47.85472],[7.67497,47.85478],[7.67469,47.85491],[7.67444,47.85496],[7.67413,47.855],[7.67389,47.85519],[7.67362,47.85562],[7.6734,47.85595],[7.67332,47.85605],[7.6732,47.85623],[7.67306,47.85632],[7.67266,47.85643],[7.67243,47.85652],[7.67223,47.85659],[7.67203,47.85666],[7.6719,47.8567],[7.67174,47.85675],[7.67158,47.85677],[7.67128,47.85678],[7.67095,47.85686],[7.67043,47.85706],[7.67024,47.85712],[7.66977,47.85719],[7.66956,47.85728],[7.66947,47.85735],[7.66938,47.85743],[7.66912,47.8576],[7.66856,47.85787],[7.66819,47.85801],[7.66819,47.85801],[7.66812,47.85805],[7.6676,47.85833],[7.66747,47.85837],[7.66735,47.85839],[7.66676,47.85842],[7.66648,47.85846],[7.66617,47.85855],[7.66512,47.85877],[7.66488,47.85884],[7.66463,47.85899],[7.66404,47.85935],[7.66389,47.85943],[7.66373,47.85946],[7.66344,47.85949],[7.66322,47.85948],[7.66308,47.85948],[7.66302,47.85948],[7.66256,47.85942],[7.66201,47.85939],[7.66166,47.85952],[7.6612,47.85968],[7.66099,47.85975],[7.66046,47.85991],[7.66007,47.85997],[7.65947,47.86013],[7.65905,47.86022],[7.65897,47.86024],[7.65893,47.86024],[7.65891,47.86025],[7.65891,47.86029],[7.65893,47.86033],[7.65852,47.86044],[7.65839,47.86048],[7.65784,47.86063],[7.65774,47.86067],[7.65761,47.8607],[7.65736,47.86082],[7.657,47.86102],[7.65673,47.86125],[7.65653,47.86133],[7.65626,47.86139],[7.65599,47.86142],[7.65548,47.8615],[7.655,47.86147],[7.65431,47.86148],[7.65403,47.86151],[7.65366,47.86159],[7.65335,47.86176],[7.65309,47.8619],[7.65294,47.86201],[7.65279,47.86214],[7.65241,47.86225],[7.65226,47.86229],[7.65195,47.86239],[7.65163,47.86253],[7.65132,47.86271],[7.6511,47.86283],[7.65097,47.86293],[7.6509,47.86298],[7.6508,47.86304],[7.65077,47.86306],[7.64988,47.86333],[7.64921,47.86349],[7.64801,47.86404],[7.64788,47.86409],[7.6477,47.86417],[7.64746,47.86428],[7.64552,47.86515],[7.64544,47.86519],[7.64524,47.8653],[7.64519,47.86533],[7.64614,47.86642],[7.6464,47.86673],[7.64679,47.86725],[7.64668,47.8673],[7.64579,47.86769],[7.64451,47.86827],[7.64446,47.86829],[7.642,47.86935],[7.64196,47.86937],[7.63979,47.8703],[7.63949,47.87044],[7.63923,47.87056],[7.63917,47.8706],[7.63907,47.87065],[7.63921,47.87081],[7.63898,47.87088],[7.6389,47.87089],[7.63887,47.87091],[7.63936,47.87157],[7.63938,47.87159],[7.63939,47.87161],[7.63533,47.87263],[7.63521,47.87266],[7.63506,47.87269],[7.63501,47.8727],[7.63491,47.87273],[7.628,47.87449],[7.62792,47.87451],[7.62785,47.87452],[7.62213,47.87596],[7.62208,47.87598],[7.61731,47.8772],[7.61743,47.87648],[7.6176,47.8751],[7.61774,47.87395],[7.61782,47.87338],[7.61785,47.87302],[7.61782,47.8727],[7.61775,47.87245],[7.61768,47.87226],[7.61342,47.87338],[7.61341,47.87336],[7.61338,47.87333],[7.61292,47.8727],[7.61198,47.87134],[7.61192,47.87125],[7.61189,47.8712],[7.61121,47.87026],[7.60921,47.86745],[7.60914,47.86732],[7.608,47.86552],[7.60808,47.86543],[7.60804,47.86539],[7.60871,47.86503],[7.60936,47.86467],[7.60983,47.8644],[7.6099,47.86435],[7.61092,47.86376],[7.61177,47.8633],[7.61162,47.86316],[7.61178,47.86309],[7.60862,47.8578],[7.60602,47.85846],[7.60454,47.85608],[7.60295,47.85346],[7.6012,47.8538],[7.60067,47.85391],[7.59916,47.85421],[7.59846,47.85315],[7.59662,47.85007],[7.59659,47.84998],[7.59659,47.84996],[7.59594,47.84808],[7.59593,47.84805],[7.59535,47.84635],[7.59547,47.84631]]]}},{"type":"Feature","properties":{"id":"ballrechten_dottingen","name":"Ballrechten-Dottingen"},"geometry":{"type":"Polygon","coordinates":[[[7.68899,47.84796],[7.68929,47.84797],[7.68946,47.84801],[7.68962,47.84801],[7.68974,47.84798],[7.69072,47.84799],[7.69175,47.84806],[7.69201,47.84809],[7.6925,47.8482],[7.69276,47.84829],[7.69307,47.84842],[7.69365,47.84871],[7.69436,47.84904],[7.6946,47.84913],[7.69483,47.84892],[7.69502,47.84879],[7.69551,47.84843],[7.69572,47.84856],[7.69579,47.84861],[7.69604,47.84877],[7.69617,47.84885],[7.69643,47.84886],[7.69663,47.8487],[7.69787,47.84938],[7.69842,47.84906],[7.69864,47.84917],[7.69881,47.84925],[7.69886,47.84923],[7.69917,47.84904],[7.69962,47.84875],[7.70003,47.84886],[7.70045,47.84858],[7.70061,47.84854],[7.70097,47.84852],[7.70121,47.84849],[7.70149,47.84843],[7.70169,47.84837],[7.70228,47.84781],[7.70231,47.84783],[7.70244,47.84782],[7.70324,47.84759],[7.70347,47.84755],[7.70368,47.84752],[7.70393,47.84752],[7.70418,47.84753],[7.70455,47.84765],[7.70474,47.84769],[7.70487,47.84771],[7.7057,47.84777],[7.70586,47.84779],[7.70594,47.84781],[7.70596,47.84781],[7.70606,47.84783],[7.70611,47.84784],[7.70617,47.84789],[7.70619,47.8479],[7.70627,47.84795],[7.70679,47.84847],[7.70751,47.84919],[7.70783,47.8495],[7.70818,47.84987],[7.70845,47.85029],[7.70895,47.85042],[7.70973,47.85079],[7.71011,47.85089],[7.71078,47.851],[7.71102,47.85101],[7.71177,47.85105],[7.71215,47.85095],[7.71248,47.85092],[7.71314,47.85085],[7.71321,47.85084],[7.71329,47.85082],[7.71334,47.8508],[7.71367,47.85071],[7.71387,47.85062],[7.71393,47.8506],[7.71435,47.85035],[7.71465,47.85024],[7.7147,47.85022],[7.7148,47.85021],[7.71488,47.8502],[7.71541,47.85023],[7.71623,47.85006],[7.71645,47.84994],[7.71664,47.84981],[7.71693,47.84971],[7.71716,47.84965],[7.71767,47.84941],[7.718,47.84933],[7.71826,47.84924],[7.71833,47.84921],[7.71839,47.8492],[7.71876,47.84907],[7.71905,47.84892],[7.71898,47.84875],[7.71957,47.84856],[7.71993,47.84847],[7.72017,47.84835],[7.72056,47.8482],[7.72119,47.84806],[7.72146,47.84797],[7.72161,47.84792],[7.72215,47.8478],[7.72246,47.84775],[7.72279,47.84769],[7.72315,47.84773],[7.72354,47.8478],[7.72382,47.84776],[7.72412,47.84768],[7.72454,47.84752],[7.72513,47.84738],[7.7255,47.8473],[7.7259,47.84716],[7.72615,47.8471],[7.7265,47.84701],[7.7268,47.84706],[7.72696,47.84709],[7.7274,47.84715],[7.72793,47.84734],[7.72802,47.8478],[7.72843,47.84821],[7.72868,47.84872],[7.72898,47.84929],[7.72914,47.84961],[7.72927,47.85007],[7.7292,47.85015],[7.72905,47.8505],[7.72906,47.85126],[7.72894,47.85202],[7.72857,47.85294],[7.72882,47.8539],[7.72836,47.85419],[7.72792,47.85446],[7.72749,47.85473],[7.72692,47.85509],[7.72652,47.8556],[7.72648,47.8566],[7.72616,47.85678],[7.72582,47.85697],[7.72471,47.85746],[7.7234,47.85774],[7.72312,47.8578],[7.72282,47.85796],[7.72255,47.85801],[7.72234,47.85802],[7.72191,47.8582],[7.72169,47.85823],[7.72137,47.85833],[7.72096,47.85856],[7.72062,47.85866],[7.71979,47.859],[7.71936,47.85943],[7.71916,47.85972],[7.71904,47.85974],[7.71849,47.86027],[7.71838,47.86027],[7.71801,47.86042],[7.71742,47.86031],[7.71732,47.86033],[7.71723,47.86041],[7.71722,47.86047],[7.717,47.86065],[7.71677,47.86077],[7.71657,47.86086],[7.71669,47.86111],[7.71696,47.86132],[7.71696,47.86141],[7.71701,47.86151],[7.71706,47.86156],[7.71699,47.8616],[7.71717,47.86177],[7.7164,47.86198],[7.71543,47.86224],[7.7147,47.86248],[7.71447,47.86256],[7.71378,47.86277],[7.71393,47.86307],[7.71355,47.8632],[7.71367,47.86383],[7.71363,47.864],[7.71353,47.86397],[7.71342,47.86414],[7.7132,47.86484],[7.7131,47.86512],[7.71243,47.86546],[7.71194,47.86563],[7.71198,47.86565],[7.71112,47.86598],[7.71123,47.86609],[7.71033,47.86651],[7.7103,47.86652],[7.71043,47.86669],[7.70976,47.86707],[7.70892,47.86752],[7.70886,47.86755],[7.70879,47.86759],[7.70875,47.86761],[7.70815,47.86713],[7.70703,47.86775],[7.70656,47.86796],[7.70648,47.86807],[7.70613,47.86796],[7.70548,47.8677],[7.70486,47.86746],[7.70442,47.86726],[7.70433,47.86722],[7.70357,47.8668],[7.7035,47.86681],[7.70328,47.86686],[7.70283,47.86663],[7.70279,47.86665],[7.70244,47.86641],[7.70225,47.8663],[7.70212,47.86621],[7.70181,47.86599],[7.70162,47.86585],[7.70081,47.86526],[7.70061,47.86508],[7.70054,47.86503],[7.70035,47.86489],[7.70031,47.86493],[7.70022,47.86511],[7.69859,47.86443],[7.6982,47.86459],[7.698,47.86466],[7.69777,47.86475],[7.69717,47.86499],[7.69711,47.86507],[7.69706,47.86511],[7.6948,47.86717],[7.69479,47.86717],[7.69479,47.86717],[7.69473,47.86715],[7.6947,47.86713],[7.69403,47.86668],[7.69398,47.86664],[7.69394,47.86662],[7.69315,47.86608],[7.69298,47.86597],[7.69239,47.86555],[7.69235,47.86552],[7.6921,47.86534],[7.69171,47.86507],[7.69086,47.86444],[7.69082,47.86446],[7.69077,47.86449],[7.69073,47.86451],[7.68924,47.86552],[7.68922,47.86551],[7.68918,47.86549],[7.68842,47.86603],[7.6884,47.86605],[7.68737,47.86697],[7.68731,47.86698],[7.68709,47.86686],[7.68663,47.86723],[7.68562,47.86805],[7.68555,47.86805],[7.68441,47.86719],[7.68439,47.86718],[7.68437,47.86715],[7.68294,47.86606],[7.68269,47.8659],[7.68269,47.86588],[7.68268,47.86585],[7.68268,47.86583],[7.68253,47.8658],[7.68076,47.86447],[7.68066,47.8644],[7.6805,47.86429],[7.68048,47.86427],[7.6803,47.86435],[7.67936,47.86349],[7.67947,47.86338],[7.67943,47.86335],[7.67877,47.86333],[7.67821,47.86278],[7.6777,47.86243],[7.67697,47.86273],[7.67692,47.86269],[7.67691,47.86268],[7.67688,47.86266],[7.67651,47.86237],[7.67638,47.86227],[7.67628,47.86219],[7.67529,47.86159],[7.67512,47.86147],[7.67508,47.8615],[7.67505,47.86152],[7.67494,47.86143],[7.67482,47.86134],[7.67477,47.86131],[7.67436,47.86102],[7.67427,47.86093],[7.67425,47.86093],[7.67423,47.86091],[7.67419,47.86088],[7.67375,47.86058],[7.67365,47.86052],[7.67337,47.86024],[7.67302,47.85987],[7.67298,47.85983],[7.67285,47.8597],[7.67281,47.85967],[7.67268,47.85955],[7.67263,47.85949],[7.6724,47.85925],[7.67231,47.85916],[7.67222,47.85907],[7.67218,47.85902],[7.67196,47.85878],[7.67147,47.85821],[7.67107,47.85779],[7.67104,47.85775],[7.67102,47.85773],[7.67101,47.85772],[7.67084,47.85754],[7.67074,47.85744],[7.67071,47.85741],[7.6707,47.8574],[7.67052,47.85741],[7.67029,47.85716],[7.67027,47.85714],[7.67025,47.85713],[7.67024,47.85712],[7.67043,47.85706],[7.67095,47.85686],[7.67128,47.85678],[7.67158,47.85677],[7.67174,47.85675],[7.6719,47.8567],[7.67203,47.85666],[7.67223,47.85659],[7.67243,47.85652],[7.67266,47.85643],[7.67306,47.85632],[7.6732,47.85623],[7.67332,47.85605],[7.6734,47.85595],[7.67362,47.85562],[7.67389,47.85519],[7.67413,47.855],[7.67444,47.85496],[7.67469,47.85491],[7.67497,47.85478],[7.67493,47.85472],[7.67492,47.85471],[7.67469,47.85443],[7.6746,47.85434],[7.67457,47.85431],[7.6745,47.85422],[7.67443,47.85414],[7.67425,47.85392],[7.6738,47.85408],[7.67361,47.85372],[7.67354,47.85357],[7.67341,47.85333],[7.67328,47.85306],[7.67326,47.85302],[7.67351,47.85298],[7.67477,47.85275],[7.67573,47.85251],[7.67645,47.85229],[7.67857,47.85189],[7.68008,47.85153],[7.68082,47.85129],[7.68162,47.85096],[7.68219,47.85079],[7.68384,47.85036],[7.68612,47.84968],[7.68667,47.84936],[7.68746,47.84882],[7.68867,47.8482],[7.68899,47.84796]]]}},{"type":"Feature","properties":{"id":"buchenbach","name":"Buchenbach"},"geometry":{"type":"MultiPolygon","coordinates":[[[[8.08179,47.98274],[8.08234,47.98217],[8.08346,47.98147],[8.08468,47.98078],[8.08373,47.97896],[8.08293,47.97834],[8.0817,47.97721],[8.08149,47.97674],[8.08098,47.97632],[8.07918,47.97524],[8.07989,47.97476],[8.08042,47.97448],[8.08069,47.97429],[8.08101,47.97412],[8.08269,47.97355],[8.08288,47.97345],[8.08343,47.97345],[8.08344,47.9737],[8.08392,47.97415],[8.08474,47.97452],[8.08705,47.97511],[8.08747,47.97517],[8.08897,47.97525],[8.09078,47.97573],[8.09147,47.97604],[8.0918,47.97629],[8.09139,47.97707],[8.09209,47.97799],[8.09356,47.97822],[8.09221,47.97954],[8.09105,47.98068],[8.09084,47.98095],[8.08985,47.98165],[8.08894,47.98219],[8.08843,47.98243],[8.08771,47.98276],[8.08703,47.98303],[8.08653,47.98306],[8.0861,47.98299],[8.08459,47.98291],[8.08394,47.98279],[8.08179,47.98274]]],[[[8.01885,48.00505],[8.01841,48.00499],[8.01791,48.00488],[8.01544,48.00404],[8.01493,48.00376],[8.01385,48.00296],[8.01303,48.0022],[8.01264,48.00158],[8.01102,48.00093],[8.0103,48.00073],[8.01021,48.0007],[8.00966,48.00052],[8.00964,48.00052],[8.00905,48.00025],[8.00876,48.00011],[8.00838,47.99993],[8.00738,47.99957],[8.00705,47.9995],[8.00635,47.99943],[8.00559,47.99941],[8.00402,47.99912],[8.00377,47.99891],[8.00351,47.99855],[8.00341,47.9985],[8.00336,47.99847],[8.00323,47.99841],[8.00244,47.99809],[8.00199,47.99788],[8.00171,47.99775],[8.00105,47.99739],[8.00065,47.99707],[7.99988,47.99675],[7.99859,47.99588],[7.99836,47.99576],[7.99755,47.99549],[7.99776,47.99499],[7.99842,47.9941],[7.99873,47.99321],[7.99879,47.99304],[7.99936,47.99195],[7.99941,47.99184],[7.99945,47.99177],[7.99962,47.99145],[7.99987,47.99119],[7.99997,47.99093],[8.00033,47.99007],[8.00035,47.98871],[8.00029,47.98833],[7.99997,47.98785],[7.99982,47.98764],[7.99975,47.98743],[7.9997,47.98723],[7.99971,47.98707],[7.99971,47.98698],[7.99974,47.98661],[7.99986,47.98638],[8.00013,47.98608],[8.00029,47.98572],[8.00054,47.98542],[8.00073,47.98494],[8.00071,47.98423],[8.00042,47.98401],[7.99994,47.98366],[7.99933,47.98332],[7.9988,47.98316],[7.99844,47.98293],[7.99796,47.98271],[7.99784,47.98262],[7.99773,47.98255],[7.99749,47.98235],[7.99731,47.98216],[7.99713,47.98189],[7.99706,47.98158],[7.99704,47.98122],[7.99703,47.98113],[7.99717,47.98095],[7.9972,47.98087],[7.99725,47.98072],[7.9972,47.98064],[7.99712,47.98055],[7.99688,47.98035],[7.99679,47.98027],[7.99651,47.98015],[7.99597,47.97991],[7.99544,47.97965],[7.99526,47.9796],[7.99456,47.97961],[7.99421,47.9797],[7.99395,47.97961],[7.99289,47.97942],[7.99183,47.97932],[7.99133,47.9794],[7.99064,47.97931],[7.98966,47.9791],[7.98895,47.97885],[7.98931,47.97828],[7.98948,47.97787],[7.9899,47.97643],[7.98999,47.97609],[7.98986,47.97575],[7.9894,47.97535],[7.9891,47.97507],[7.98897,47.97485],[7.9892,47.97454],[7.9896,47.97403],[7.98927,47.97317],[7.98871,47.97254],[7.98851,47.97193],[7.98857,47.97182],[7.98897,47.97168],[7.98849,47.97053],[7.98827,47.97001],[7.98802,47.96941],[7.98779,47.96887],[7.98656,47.96693],[7.98597,47.96587],[7.98562,47.9652],[7.98505,47.96442],[7.98509,47.96434],[7.98592,47.96392],[7.9869,47.96508],[7.98785,47.96628],[7.98888,47.96585],[7.98996,47.96475],[7.98991,47.96463],[7.99002,47.96454],[7.99026,47.96434],[7.9904,47.96425],[7.99067,47.9641],[7.99168,47.96361],[7.99357,47.96293],[7.99278,47.96175],[7.99235,47.96135],[7.99233,47.96135],[7.99203,47.96132],[7.99153,47.96127],[7.99125,47.96128],[7.99073,47.96134],[7.99106,47.96108],[7.99128,47.96105],[7.99135,47.96102],[7.9914,47.96098],[7.99152,47.96067],[7.99153,47.95979],[7.99185,47.95761],[7.99174,47.95688],[7.9918,47.95606],[7.99191,47.9553],[7.99207,47.95483],[7.99223,47.95449],[7.99246,47.95401],[7.99262,47.95304],[7.99217,47.9529],[7.99197,47.95295],[7.99177,47.95274],[7.99164,47.953],[7.9911,47.95279],[7.99133,47.95253],[7.99108,47.95243],[7.99089,47.95277],[7.99058,47.95309],[7.99141,47.9537],[7.99148,47.95393],[7.99051,47.95381],[7.98971,47.95387],[7.98939,47.95362],[7.98824,47.95345],[7.98743,47.95326],[7.98661,47.95286],[7.98456,47.95249],[7.98316,47.95207],[7.98221,47.95157],[7.98231,47.95137],[7.98229,47.95003],[7.98236,47.94979],[7.98327,47.94837],[7.98321,47.9478],[7.98285,47.94744],[7.98244,47.9468],[7.9825,47.94644],[7.98272,47.94606],[7.98358,47.94547],[7.98403,47.94506],[7.98554,47.9442],[7.98612,47.94382],[7.9862,47.94263],[7.98629,47.94218],[7.98753,47.9404],[7.98864,47.93995],[7.98896,47.93987],[7.98964,47.93939],[7.99038,47.93906],[7.9913,47.93758],[7.9916,47.93613],[7.99211,47.93595],[7.99251,47.93547],[7.99329,47.93485],[7.99345,47.93447],[7.99385,47.93443],[7.99484,47.9345],[7.99599,47.93475],[7.99719,47.9341],[7.99805,47.93347],[7.99912,47.93237],[7.99929,47.9321],[7.99906,47.93079],[7.99851,47.92955],[7.9982,47.92882],[7.99812,47.92805],[7.99839,47.92688],[7.99918,47.92522],[7.99991,47.92503],[8.00024,47.92491],[8.00134,47.92441],[8.00189,47.92361],[8.00268,47.92313],[8.00407,47.92156],[8.00429,47.92132],[8.0051,47.92113],[8.00664,47.92141],[8.00765,47.92164],[8.00939,47.92145],[8.01029,47.92146],[8.01093,47.92123],[8.01149,47.92104],[8.01558,47.92129],[8.01643,47.92129],[8.01643,47.92138],[8.01643,47.92211],[8.01684,47.92297],[8.01757,47.92402],[8.01855,47.92754],[8.01909,47.92779],[8.02077,47.92874],[8.02155,47.93057],[8.0214,47.93138],[8.02164,47.93193],[8.02153,47.93284],[8.02095,47.93401],[8.02084,47.93443],[8.02095,47.93465],[8.02081,47.93502],[8.0202,47.93608],[8.0203,47.93645],[8.0201,47.93663],[8.02032,47.93786],[8.01937,47.93798],[8.01898,47.9383],[8.01856,47.93889],[8.01761,47.93941],[8.01755,47.93963],[8.01737,47.94023],[8.01686,47.94133],[8.01793,47.94134],[8.0188,47.94152],[8.01917,47.94168],[8.0198,47.94232],[8.02005,47.94234],[8.02174,47.94222],[8.02208,47.94225],[8.02291,47.94237],[8.02384,47.94233],[8.02391,47.94218],[8.02426,47.94197],[8.02488,47.94176],[8.02538,47.94167],[8.02602,47.94142],[8.02639,47.94141],[8.02714,47.94148],[8.03075,47.94131],[8.0309,47.94165],[8.03134,47.94214],[8.03253,47.94284],[8.03302,47.943],[8.03314,47.94366],[8.03228,47.94536],[8.03173,47.94519],[8.03108,47.94565],[8.03062,47.94593],[8.03016,47.94623],[8.0307,47.94674],[8.02953,47.94695],[8.03031,47.94794],[8.03156,47.94781],[8.03261,47.94781],[8.03338,47.94748],[8.03378,47.94714],[8.03505,47.94539],[8.03544,47.94516],[8.03695,47.94458],[8.03791,47.94416],[8.04081,47.94611],[8.04164,47.94533],[8.04341,47.94411],[8.04377,47.94391],[8.04437,47.9438],[8.04546,47.94348],[8.04647,47.94297],[8.04679,47.94273],[8.04707,47.94219],[8.04759,47.94171],[8.04826,47.94114],[8.04926,47.94052],[8.0511,47.93994],[8.0527,47.93975],[8.05319,47.93964],[8.05372,47.93958],[8.05409,47.93948],[8.05497,47.93944],[8.05519,47.94235],[8.05525,47.94273],[8.05539,47.94296],[8.05697,47.94349],[8.05729,47.9437],[8.05807,47.94413],[8.05858,47.94435],[8.05925,47.94445],[8.05918,47.94512],[8.0591,47.94868],[8.05929,47.95169],[8.05921,47.95168],[8.05922,47.95215],[8.05922,47.95297],[8.05902,47.95351],[8.0574,47.95569],[8.05728,47.95585],[8.0572,47.95603],[8.05692,47.95613],[8.05617,47.95684],[8.05597,47.95739],[8.05598,47.95748],[8.05614,47.95876],[8.05616,47.9589],[8.0563,47.95929],[8.05622,47.95961],[8.05616,47.95988],[8.05615,47.96014],[8.05614,47.96027],[8.05621,47.96044],[8.05659,47.96066],[8.05449,47.96209],[8.05386,47.9625],[8.05341,47.96287],[8.05096,47.96365],[8.05184,47.96501],[8.05222,47.96463],[8.05267,47.96447],[8.0545,47.96401],[8.05543,47.96383],[8.05605,47.96383],[8.05626,47.96399],[8.05641,47.96445],[8.05677,47.96603],[8.05661,47.96635],[8.0563,47.96658],[8.05597,47.96701],[8.05608,47.968],[8.05596,47.96862],[8.05567,47.97136],[8.05566,47.97147],[8.05578,47.97143],[8.0563,47.97137],[8.05757,47.97101],[8.05799,47.97079],[8.05875,47.97184],[8.05906,47.97161],[8.05941,47.9716],[8.05959,47.97208],[8.05932,47.97215],[8.05907,47.97279],[8.05836,47.973],[8.05812,47.97321],[8.05762,47.9734],[8.05704,47.97329],[8.05676,47.97338],[8.05607,47.97339],[8.05565,47.97351],[8.05526,47.97342],[8.05455,47.97445],[8.05524,47.97448],[8.0555,47.97473],[8.05609,47.97488],[8.05685,47.97541],[8.05723,47.97518],[8.05799,47.97561],[8.05773,47.97588],[8.05732,47.97603],[8.05672,47.97608],[8.05669,47.97547],[8.05595,47.97565],[8.0546,47.97652],[8.05418,47.97661],[8.05322,47.97643],[8.05277,47.9766],[8.05232,47.97693],[8.05166,47.97753],[8.05329,47.97806],[8.05399,47.97808],[8.05467,47.97818],[8.05422,47.97922],[8.05305,47.98102],[8.05493,47.98224],[8.05536,47.98226],[8.05617,47.98232],[8.05938,47.98222],[8.06004,47.9816],[8.06122,47.98091],[8.06248,47.9813],[8.06328,47.98143],[8.0642,47.98207],[8.06536,47.98256],[8.06607,47.98312],[8.06779,47.98406],[8.06933,47.98456],[8.07008,47.98412],[8.0704,47.98387],[8.07104,47.98339],[8.07146,47.98277],[8.07203,47.9818],[8.07226,47.98139],[8.07241,47.98055],[8.0725,47.97965],[8.07291,47.97924],[8.07431,47.97789],[8.07612,47.97889],[8.077,47.97953],[8.078,47.98092],[8.07865,47.98143],[8.07914,47.98176],[8.07968,47.98194],[8.08003,47.98209],[8.08082,47.98243],[8.08168,47.98282],[8.08179,47.98274],[8.08233,47.98317],[8.08277,47.98354],[8.08309,47.9838],[8.0833,47.98402],[8.0841,47.98481],[8.08476,47.98534],[8.08708,47.98697],[8.08907,47.98836],[8.08792,47.98932],[8.08975,47.99008],[8.08945,47.99042],[8.08866,47.99099],[8.0891,47.9917],[8.09047,47.99125],[8.09072,47.99117],[8.09136,47.99249],[8.09092,47.99369],[8.0907,47.99375],[8.08738,47.9937],[8.08617,47.99409],[8.086,47.99448],[8.08504,47.99516],[8.08385,47.99408],[8.08324,47.99395],[8.08282,47.99392],[8.08136,47.9944],[8.08048,47.99526],[8.07968,47.99564],[8.07874,47.99577],[8.07748,47.99576],[8.07553,47.99553],[8.07416,47.99614],[8.07237,47.9968],[8.07049,47.99715],[8.0677,47.99737],[8.06606,47.99753],[8.0645,47.99776],[8.06382,47.99804],[8.06373,47.99808],[8.06352,47.99825],[8.06345,47.99825],[8.06305,47.99852],[8.06239,47.99897],[8.06153,47.99934],[8.06119,47.99948],[8.06099,47.99957],[8.06034,47.99986],[8.05961,47.99985],[8.05905,47.99983],[8.05856,47.99964],[8.0582,47.99945],[8.05777,47.99919],[8.05755,47.99901],[8.05716,47.99865],[8.05658,47.99838],[8.05592,47.99862],[8.0551,47.99836],[8.05424,47.99807],[8.05248,47.99901],[8.05205,47.9992],[8.05144,47.99945],[8.05066,47.99978],[8.05013,47.99995],[8.04996,47.99992],[8.04965,47.99979],[8.04931,47.99961],[8.04893,47.99945],[8.04869,47.99943],[8.04844,47.99948],[8.0481,47.99953],[8.04756,47.99959],[8.04719,47.99965],[8.04693,47.99961],[8.04633,47.99958],[8.04578,47.99947],[8.04529,47.99841],[8.04496,47.99804],[8.04392,47.99747],[8.04341,47.99705],[8.04313,47.99636],[8.04224,47.99561],[8.04129,47.99529],[8.04026,47.99458],[8.0392,47.99387],[8.03794,47.99387],[8.03687,47.99378],[8.03654,47.99407],[8.03611,47.99469],[8.03579,47.99531],[8.03548,47.99617],[8.03487,47.99635],[8.03251,47.99734],[8.03179,47.99779],[8.03163,47.99788],[8.03101,47.99833],[8.03048,47.99889],[8.03003,47.99965],[8.0296,48.00038],[8.02959,48.00078],[8.02926,48.00149],[8.0287,48.00206],[8.0286,48.00238],[8.02815,48.00176],[8.02791,48.00153],[8.02716,48.00104],[8.02611,48.00072],[8.02577,48.00085],[8.02583,48.00112],[8.02561,48.00154],[8.02501,48.00214],[8.02394,48.00262],[8.02359,48.00291],[8.0224,48.00508],[8.02202,48.0057],[8.02138,48.0054],[8.02064,48.00503],[8.01943,48.00509],[8.01885,48.00505]]]]}},{"type":"Feature","properties":{"id":"kirchzarten","name":"Kirchzarten"},"geometry":{"type":"Polygon","coordinates":[[[7.99108,47.95243],[7.99133,47.95253],[7.9911,47.95279],[7.99164,47.953],[7.99177,47.95274],[7.99197,47.95295],[7.99217,47.9529],[7.99262,47.95304],[7.99246,47.95401],[7.99223,47.95449],[7.99207,47.95483],[7.99191,47.9553],[7.9918,47.95606],[7.99174,47.95688],[7.99185,47.95761],[7.99153,47.95979],[7.99152,47.96067],[7.9914,47.96098],[7.99135,47.96102],[7.99128,47.96105],[7.99106,47.96108],[7.99073,47.96134],[7.99125,47.96128],[7.99153,47.96127],[7.99203,47.96132],[7.99233,47.96135],[7.99235,47.96135],[7.99278,47.96175],[7.99357,47.96293],[7.99168,47.96361],[7.99067,47.9641],[7.9904,47.96425],[7.99026,47.96434],[7.99002,47.96454],[7.98991,47.96463],[7.98996,47.96475],[7.98888,47.96585],[7.98785,47.96628],[7.9869,47.96508],[7.98592,47.96392],[7.98509,47.96434],[7.98505,47.96442],[7.98562,47.9652],[7.98597,47.96587],[7.98656,47.96693],[7.98779,47.96887],[7.98802,47.96941],[7.98827,47.97001],[7.98849,47.97053],[7.98897,47.97168],[7.98857,47.97182],[7.98851,47.97193],[7.98871,47.97254],[7.98927,47.97317],[7.9896,47.97403],[7.9892,47.97454],[7.98897,47.97485],[7.9891,47.97507],[7.9894,47.97535],[7.98986,47.97575],[7.98999,47.97609],[7.9899,47.97643],[7.98948,47.97787],[7.98931,47.97828],[7.98895,47.97885],[7.98723,47.97831],[7.9852,47.97826],[7.98449,47.97801],[7.98396,47.97771],[7.98337,47.97699],[7.98228,47.97671],[7.98082,47.97648],[7.97972,47.97679],[7.97924,47.97682],[7.97885,47.97696],[7.97835,47.977],[7.97772,47.97631],[7.97678,47.97531],[7.97677,47.9753],[7.97479,47.97506],[7.97366,47.97492],[7.97242,47.97502],[7.97157,47.97519],[7.96823,47.97612],[7.96738,47.97633],[7.96721,47.97641],[7.96675,47.97665],[7.96618,47.97689],[7.96549,47.9771],[7.96518,47.97714],[7.9648,47.9772],[7.96381,47.9773],[7.96378,47.97722],[7.96337,47.9772],[7.96279,47.97647],[7.96172,47.97683],[7.96191,47.9771],[7.96201,47.97717],[7.96204,47.9773],[7.96192,47.97737],[7.96183,47.97731],[7.96172,47.97731],[7.96153,47.97736],[7.96132,47.9775],[7.96042,47.97799],[7.95785,47.97895],[7.95792,47.97904],[7.95692,47.97951],[7.95639,47.97974],[7.95604,47.97984],[7.95552,47.97996],[7.95526,47.98002],[7.95522,47.98003],[7.95564,47.98013],[7.95615,47.98031],[7.95635,47.9804],[7.95662,47.98052],[7.95678,47.9806],[7.95683,47.98063],[7.95642,47.98081],[7.95634,47.98082],[7.95475,47.98119],[7.95396,47.98121],[7.95376,47.98144],[7.95366,47.98155],[7.95238,47.98168],[7.95065,47.98204],[7.95109,47.98359],[7.94937,47.98382],[7.9481,47.98378],[7.94823,47.98413],[7.94799,47.9841],[7.94778,47.98408],[7.94717,47.98411],[7.94674,47.98418],[7.94507,47.98446],[7.94424,47.98461],[7.94339,47.98471],[7.94209,47.98486],[7.9413,47.98497],[7.94043,47.98511],[7.93948,47.98526],[7.9385,47.98538],[7.93757,47.98548],[7.9375,47.9855],[7.93728,47.98551],[7.93733,47.98562],[7.93763,47.98656],[7.93773,47.98688],[7.93775,47.98694],[7.93778,47.98721],[7.93782,47.98754],[7.93784,47.98761],[7.93791,47.98793],[7.93791,47.98794],[7.93791,47.98795],[7.93782,47.988],[7.93774,47.98805],[7.93761,47.98815],[7.93747,47.98825],[7.93734,47.98833],[7.93726,47.98839],[7.9371,47.98845],[7.93694,47.9885],[7.93683,47.98853],[7.93672,47.98857],[7.93672,47.98858],[7.93668,47.98863],[7.93667,47.98873],[7.93668,47.98882],[7.93666,47.98889],[7.93662,47.98894],[7.93658,47.98897],[7.93655,47.98896],[7.93648,47.98894],[7.93639,47.98891],[7.93623,47.98887],[7.9361,47.98885],[7.93594,47.98885],[7.93579,47.98886],[7.93564,47.98885],[7.93543,47.98881],[7.93528,47.98879],[7.93515,47.98877],[7.93509,47.98875],[7.93493,47.98867],[7.93483,47.98862],[7.93476,47.98857],[7.9346,47.98849],[7.93441,47.98843],[7.93421,47.98831],[7.93413,47.98828],[7.93405,47.98823],[7.93391,47.98814],[7.93381,47.98807],[7.93361,47.98796],[7.93348,47.98792],[7.9334,47.98791],[7.93325,47.98794],[7.93314,47.98798],[7.93297,47.98801],[7.93277,47.98802],[7.93261,47.988],[7.93229,47.988],[7.93225,47.988],[7.93208,47.98795],[7.93199,47.98791],[7.93185,47.98786],[7.9316,47.98778],[7.93134,47.98773],[7.9311,47.98767],[7.93093,47.98763],[7.93075,47.9876],[7.93062,47.9876],[7.93031,47.98761],[7.93009,47.98759],[7.92988,47.98757],[7.92961,47.98755],[7.92948,47.98753],[7.92929,47.98752],[7.92917,47.98749],[7.92901,47.98741],[7.92876,47.98729],[7.92853,47.9872],[7.9284,47.98713],[7.92828,47.9871],[7.928,47.98709],[7.92781,47.98711],[7.92758,47.98712],[7.92738,47.98715],[7.92719,47.98718],[7.92696,47.98722],[7.92688,47.98723],[7.92681,47.98724],[7.92674,47.98724],[7.92669,47.98727],[7.92668,47.98725],[7.92683,47.9871],[7.9275,47.98665],[7.92783,47.98638],[7.92806,47.98614],[7.92831,47.98583],[7.92771,47.9857],[7.92764,47.98573],[7.92519,47.98553],[7.92523,47.98527],[7.92524,47.98515],[7.92532,47.98302],[7.92526,47.98251],[7.92521,47.98193],[7.92522,47.98166],[7.92507,47.98117],[7.92489,47.98087],[7.92441,47.98084],[7.91599,47.97953],[7.91495,47.97941],[7.91409,47.97941],[7.91398,47.97941],[7.91435,47.97911],[7.91451,47.97896],[7.9147,47.97873],[7.91487,47.97847],[7.91518,47.97799],[7.91538,47.97781],[7.9158,47.97756],[7.91606,47.9774],[7.9162,47.97717],[7.91633,47.97686],[7.91642,47.97678],[7.91667,47.97657],[7.91693,47.97639],[7.91733,47.97624],[7.91755,47.97618],[7.91775,47.97602],[7.9178,47.97587],[7.91782,47.97573],[7.91766,47.97553],[7.91751,47.9754],[7.9174,47.97526],[7.91738,47.97515],[7.91739,47.97503],[7.91746,47.97488],[7.91761,47.97473],[7.91789,47.97462],[7.91815,47.97459],[7.91846,47.97465],[7.91869,47.97468],[7.91941,47.9745],[7.91957,47.97448],[7.9198,47.97448],[7.92026,47.97451],[7.92049,47.9745],[7.92066,47.97446],[7.9209,47.97409],[7.92127,47.97381],[7.92138,47.9737],[7.92143,47.97367],[7.92138,47.97365],[7.92144,47.97361],[7.92167,47.97346],[7.92111,47.97258],[7.92159,47.97236],[7.92268,47.97192],[7.92332,47.97163],[7.92393,47.97126],[7.92433,47.97094],[7.92452,47.97074],[7.92438,47.97059],[7.92371,47.96987],[7.92263,47.96967],[7.92198,47.96831],[7.92179,47.96744],[7.9197,47.96734],[7.91798,47.96762],[7.91783,47.96726],[7.91699,47.96658],[7.91651,47.96626],[7.91638,47.96618],[7.91592,47.96587],[7.91549,47.96547],[7.91524,47.96502],[7.9152,47.96444],[7.91512,47.96341],[7.91473,47.96294],[7.91534,47.96232],[7.91568,47.96169],[7.91589,47.9607],[7.91608,47.96023],[7.9168,47.9594],[7.91714,47.95914],[7.91722,47.95899],[7.91701,47.95859],[7.91716,47.95805],[7.9191,47.95728],[7.91874,47.9567],[7.91895,47.956],[7.91894,47.95572],[7.91913,47.95533],[7.91935,47.95496],[7.9198,47.95421],[7.92073,47.95344],[7.9213,47.95305],[7.92202,47.95269],[7.92261,47.95221],[7.92331,47.95182],[7.92373,47.95136],[7.92474,47.95104],[7.92429,47.95051],[7.92414,47.95019],[7.92436,47.95011],[7.92418,47.94953],[7.92417,47.94924],[7.92435,47.94858],[7.92435,47.94797],[7.92425,47.94769],[7.92426,47.94723],[7.92458,47.94647],[7.92475,47.94582],[7.92492,47.94502],[7.92492,47.94475],[7.92492,47.94457],[7.92465,47.94379],[7.92418,47.94148],[7.9242,47.94124],[7.92434,47.94084],[7.92487,47.94009],[7.92417,47.93931],[7.92384,47.93879],[7.92323,47.9382],[7.92257,47.93742],[7.92249,47.93733],[7.92242,47.93724],[7.92259,47.93691],[7.92338,47.93692],[7.92463,47.93657],[7.92513,47.93632],[7.92701,47.93627],[7.92957,47.93679],[7.93046,47.93679],[7.93166,47.93669],[7.93233,47.93663],[7.93351,47.93684],[7.93646,47.93735],[7.93746,47.93739],[7.9388,47.93768],[7.93924,47.93789],[7.94135,47.93815],[7.94188,47.93853],[7.94267,47.94009],[7.94399,47.94089],[7.94433,47.94145],[7.94442,47.94208],[7.94443,47.94214],[7.94444,47.94223],[7.94499,47.94261],[7.94648,47.94465],[7.94709,47.94508],[7.94735,47.94615],[7.94794,47.94644],[7.94802,47.94648],[7.94863,47.94678],[7.94868,47.94692],[7.9484,47.94729],[7.94849,47.94756],[7.94845,47.94814],[7.94867,47.94823],[7.94892,47.94806],[7.9495,47.9478],[7.9498,47.94761],[7.95016,47.94744],[7.95055,47.94735],[7.95073,47.94721],[7.9511,47.94671],[7.95112,47.94656],[7.95119,47.94657],[7.95124,47.9466],[7.95131,47.94666],[7.95132,47.94673],[7.95133,47.94686],[7.9514,47.94703],[7.95176,47.94756],[7.95209,47.94794],[7.95219,47.94803],[7.95235,47.94818],[7.95239,47.94829],[7.95234,47.94867],[7.95231,47.94882],[7.95226,47.94901],[7.95232,47.94901],[7.95248,47.94902],[7.95484,47.94915],[7.95499,47.94916],[7.95523,47.94865],[7.95521,47.94844],[7.95514,47.94823],[7.95577,47.94822],[7.95587,47.94823],[7.95599,47.94825],[7.95614,47.94826],[7.9565,47.94827],[7.95658,47.94826],[7.95676,47.94826],[7.95701,47.94827],[7.9572,47.94826],[7.95781,47.94818],[7.95812,47.94813],[7.95841,47.94806],[7.95864,47.94802],[7.9588,47.94799],[7.96017,47.94761],[7.9604,47.94756],[7.96059,47.94749],[7.96132,47.94709],[7.96184,47.94683],[7.96207,47.94674],[7.96269,47.94657],[7.96427,47.94628],[7.96572,47.94677],[7.96769,47.94666],[7.97056,47.94688],[7.9717,47.9473],[7.97303,47.94766],[7.97551,47.94686],[7.97756,47.94635],[7.97928,47.94614],[7.98046,47.94589],[7.98096,47.94585],[7.98136,47.9459],[7.98166,47.94587],[7.98187,47.94585],[7.98232,47.94593],[7.98272,47.94606],[7.9825,47.94644],[7.98244,47.9468],[7.98285,47.94744],[7.98321,47.9478],[7.98327,47.94837],[7.98236,47.94979],[7.98229,47.95003],[7.98231,47.95137],[7.98221,47.95157],[7.98316,47.95207],[7.98456,47.95249],[7.98661,47.95286],[7.98743,47.95326],[7.98824,47.95345],[7.98939,47.95362],[7.98971,47.95387],[7.99051,47.95381],[7.99148,47.95393],[7.99141,47.9537],[7.99058,47.95309],[7.99089,47.95277],[7.99108,47.95243]]]}},{"type":"Feature","properties":{"id":"badenweiler","name":"Badenweiler"},"geometry":{"type":"Polygon","coordinates":[[[7.66214,47.81068],[7.66141,47.8106],[7.66085,47.81059],[7.66048,47.81062],[7.66028,47.81063],[7.65992,47.81061],[7.65973,47.81062],[7.65944,47.81064],[7.65907,47.81066],[7.65898,47.81066],[7.65891,47.81042],[7.6589,47.81039],[7.65908,47.81036],[7.65908,47.81014],[7.65908,47.8101],[7.65908,47.81006],[7.65907,47.80919],[7.65907,47.80909],[7.65906,47.80851],[7.65944,47.80853],[7.65946,47.80838],[7.65947,47.80831],[7.65948,47.80825],[7.65927,47.80821],[7.65928,47.80775],[7.65928,47.80757],[7.66038,47.80765],[7.66117,47.80771],[7.66167,47.80769],[7.66202,47.80766],[7.66249,47.80762],[7.66346,47.80761],[7.66338,47.80739],[7.66332,47.80723],[7.66308,47.80658],[7.66296,47.80625],[7.66294,47.80622],[7.66246,47.80617],[7.66295,47.80537],[7.66255,47.80532],[7.66257,47.80506],[7.66269,47.80485],[7.66328,47.80421],[7.66395,47.80403],[7.66378,47.80389],[7.66415,47.80364],[7.66459,47.80326],[7.66479,47.80282],[7.6648,47.80253],[7.66226,47.8029],[7.66169,47.80277],[7.66094,47.80267],[7.66074,47.80231],[7.66025,47.80153],[7.66011,47.8012],[7.65997,47.80089],[7.65936,47.79986],[7.65923,47.79965],[7.6589,47.79936],[7.65886,47.79927],[7.65881,47.79912],[7.6588,47.79892],[7.6589,47.79871],[7.65903,47.79859],[7.65913,47.79822],[7.65954,47.79801],[7.65968,47.79791],[7.65978,47.79784],[7.65983,47.79775],[7.65954,47.79706],[7.65966,47.79667],[7.66024,47.7954],[7.66035,47.79497],[7.66053,47.79478],[7.66105,47.79463],[7.66209,47.79472],[7.66361,47.79426],[7.66382,47.79422],[7.66425,47.7942],[7.66447,47.79422],[7.66459,47.79423],[7.66473,47.7942],[7.6649,47.79414],[7.66501,47.79408],[7.66576,47.7937],[7.66593,47.79363],[7.6665,47.79352],[7.66717,47.79329],[7.66744,47.7933],[7.66776,47.79317],[7.66842,47.79335],[7.67369,47.79451],[7.67391,47.79478],[7.67412,47.79522],[7.67457,47.79598],[7.6749,47.79643],[7.67508,47.79663],[7.67591,47.79682],[7.67664,47.79717],[7.67755,47.79727],[7.67921,47.79728],[7.67939,47.79709],[7.67969,47.7967],[7.67978,47.79638],[7.67992,47.79605],[7.6801,47.79667],[7.68007,47.79764],[7.67991,47.79904],[7.68041,47.79934],[7.68143,47.79983],[7.68181,47.79987],[7.68219,47.7998],[7.68323,47.79979],[7.68353,47.79743],[7.68414,47.79461],[7.68492,47.7929],[7.68574,47.79377],[7.68833,47.79375],[7.68868,47.79468],[7.68896,47.79506],[7.69253,47.79361],[7.69248,47.79305],[7.69205,47.7925],[7.69151,47.79071],[7.69149,47.79033],[7.69157,47.78847],[7.69173,47.7872],[7.69132,47.78621],[7.692,47.78524],[7.68752,47.78321],[7.68627,47.78346],[7.68525,47.78378],[7.68439,47.78379],[7.68346,47.7837],[7.68305,47.78357],[7.68259,47.78339],[7.68214,47.78329],[7.68153,47.78328],[7.68115,47.78325],[7.68096,47.78316],[7.68063,47.78311],[7.68001,47.78398],[7.67971,47.78373],[7.67891,47.78435],[7.67837,47.78403],[7.67732,47.7841],[7.67658,47.7841],[7.67616,47.78395],[7.67483,47.78366],[7.67402,47.78358],[7.67412,47.78366],[7.67352,47.7841],[7.67282,47.78523],[7.67187,47.78574],[7.67263,47.78744],[7.67305,47.78763],[7.67306,47.7882],[7.67317,47.78836],[7.67361,47.78874],[7.67345,47.78944],[7.67178,47.78979],[7.6708,47.79015],[7.6699,47.79013],[7.66847,47.79038],[7.66733,47.7904],[7.66641,47.7906],[7.66522,47.7915],[7.66426,47.791],[7.66401,47.79077],[7.66378,47.7906],[7.66346,47.79063],[7.66296,47.79052],[7.66255,47.79042],[7.66226,47.79052],[7.66215,47.79067],[7.66198,47.79081],[7.66155,47.79106],[7.66127,47.7912],[7.66099,47.7914],[7.66034,47.79183],[7.66028,47.792],[7.6596,47.79234],[7.65865,47.7926],[7.65817,47.79281],[7.65803,47.79291],[7.65807,47.79296],[7.65798,47.79297],[7.65793,47.79299],[7.65767,47.79309],[7.65669,47.79341],[7.65652,47.79349],[7.65639,47.79357],[7.65613,47.79382],[7.6559,47.79395],[7.65579,47.79407],[7.65566,47.79391],[7.65552,47.79341],[7.65521,47.79337],[7.65456,47.79326],[7.65432,47.79344],[7.65411,47.7936],[7.65398,47.79371],[7.65277,47.79441],[7.65209,47.79388],[7.65134,47.79356],[7.65203,47.79281],[7.65195,47.79277],[7.65179,47.79271],[7.65198,47.79253],[7.65264,47.7919],[7.65278,47.7917],[7.65279,47.79164],[7.65289,47.79128],[7.65279,47.79057],[7.64992,47.79067],[7.64981,47.79056],[7.64837,47.79042],[7.64781,47.79024],[7.64689,47.78964],[7.6466,47.78948],[7.64596,47.78916],[7.64672,47.78808],[7.64739,47.78588],[7.64799,47.78532],[7.64886,47.78436],[7.648,47.7844],[7.64871,47.78399],[7.64928,47.78342],[7.65011,47.78266],[7.65101,47.78184],[7.6514,47.78156],[7.65209,47.78124],[7.65482,47.78056],[7.65499,47.78059],[7.65626,47.78038],[7.6581,47.77956],[7.65906,47.77952],[7.65939,47.77933],[7.66,47.77883],[7.66075,47.77794],[7.6618,47.7773],[7.66246,47.7768],[7.66257,47.77648],[7.66417,47.77624],[7.66429,47.7751],[7.66465,47.77499],[7.66477,47.77495],[7.66541,47.77544],[7.6661,47.77491],[7.66775,47.77391],[7.66868,47.77335],[7.66956,47.77304],[7.67017,47.77276],[7.67044,47.7726],[7.67094,47.77236],[7.67125,47.77215],[7.6717,47.77176],[7.67244,47.77147],[7.67315,47.77161],[7.67443,47.77227],[7.67509,47.77254],[7.67607,47.77282],[7.67724,47.77316],[7.67858,47.77353],[7.68074,47.7739],[7.68213,47.77406],[7.68402,47.77428],[7.68471,47.77461],[7.68565,47.77576],[7.68623,47.77605],[7.68748,47.77672],[7.6879,47.77695],[7.68894,47.77739],[7.68973,47.77793],[7.69036,47.77854],[7.6909,47.77913],[7.69112,47.77954],[7.6918,47.7799],[7.69248,47.78018],[7.69285,47.78022],[7.69346,47.78027],[7.69403,47.78028],[7.69483,47.78029],[7.69586,47.78048],[7.69683,47.77977],[7.69725,47.7794],[7.69826,47.77924],[7.69903,47.77903],[7.69928,47.77896],[7.69999,47.77884],[7.70062,47.77867],[7.70124,47.77843],[7.70149,47.77869],[7.7018,47.77897],[7.70305,47.78072],[7.70348,47.78111],[7.70373,47.7814],[7.70426,47.78202],[7.70446,47.78286],[7.70497,47.78361],[7.70859,47.78325],[7.71022,47.78339],[7.71103,47.78345],[7.71221,47.78346],[7.71325,47.78339],[7.71473,47.78354],[7.71554,47.78362],[7.71652,47.78354],[7.71759,47.78363],[7.71814,47.7839],[7.7184,47.78401],[7.71876,47.78436],[7.71911,47.78457],[7.71963,47.78486],[7.7202,47.78522],[7.7207,47.7857],[7.72068,47.78654],[7.7201,47.78698],[7.71901,47.78724],[7.71768,47.78743],[7.71717,47.78744],[7.71622,47.78763],[7.71391,47.78849],[7.71318,47.78906],[7.71285,47.78943],[7.71193,47.78996],[7.71164,47.79042],[7.71138,47.79102],[7.71097,47.79129],[7.71081,47.79193],[7.70997,47.79307],[7.70932,47.79361],[7.70887,47.79413],[7.70872,47.79451],[7.70862,47.7949],[7.70862,47.79537],[7.70857,47.79573],[7.70836,47.79619],[7.70824,47.79721],[7.70774,47.79771],[7.7073,47.79787],[7.70713,47.79826],[7.7069,47.79887],[7.70634,47.79932],[7.70657,47.8001],[7.70609,47.80093],[7.70606,47.80135],[7.70605,47.8016],[7.70613,47.80182],[7.70622,47.80204],[7.70753,47.80209],[7.70709,47.80394],[7.70737,47.80457],[7.70834,47.80489],[7.70831,47.8051],[7.70816,47.80513],[7.70818,47.80539],[7.70943,47.80502],[7.71082,47.80412],[7.71089,47.80389],[7.71143,47.80373],[7.7118,47.80377],[7.71268,47.80336],[7.71344,47.80337],[7.71347,47.80349],[7.71312,47.80375],[7.71277,47.80397],[7.71228,47.8042],[7.71145,47.8046],[7.71036,47.80511],[7.70981,47.80534],[7.7097,47.80539],[7.70973,47.80544],[7.70982,47.8056],[7.70937,47.80615],[7.70905,47.80636],[7.70867,47.80654],[7.70851,47.8066],[7.7083,47.80665],[7.70802,47.80669],[7.70785,47.80671],[7.70601,47.80664],[7.70496,47.80672],[7.70423,47.80666],[7.70347,47.80732],[7.70342,47.80741],[7.70341,47.80746],[7.70387,47.8081],[7.70412,47.80847],[7.70425,47.80876],[7.70497,47.80937],[7.70558,47.81048],[7.70595,47.81087],[7.70648,47.81107],[7.70668,47.81119],[7.70709,47.81144],[7.70742,47.81167],[7.70821,47.81226],[7.70838,47.81298],[7.7097,47.81427],[7.70957,47.81486],[7.70925,47.81544],[7.70883,47.81524],[7.70817,47.81554],[7.70392,47.81578],[7.70162,47.81707],[7.70123,47.81701],[7.70059,47.81678],[7.69987,47.81638],[7.69907,47.81571],[7.69833,47.81536],[7.69788,47.81478],[7.69786,47.81477],[7.69803,47.81463],[7.69831,47.8144],[7.69874,47.81411],[7.69894,47.81383],[7.69906,47.81383],[7.69992,47.81378],[7.70043,47.81376],[7.70075,47.81374],[7.70079,47.8136],[7.70081,47.81352],[7.70083,47.81345],[7.70088,47.8133],[7.70091,47.81319],[7.70075,47.81288],[7.70075,47.81287],[7.70076,47.81274],[7.70077,47.81259],[7.70082,47.81225],[7.7008,47.81219],[7.70076,47.81204],[7.70076,47.81194],[7.70074,47.81174],[7.70079,47.81157],[7.70103,47.81136],[7.70137,47.81127],[7.70205,47.811],[7.70205,47.81074],[7.70204,47.81048],[7.702,47.81014],[7.70206,47.81012],[7.70193,47.80997],[7.70166,47.80966],[7.70132,47.80928],[7.70094,47.80899],[7.70079,47.80876],[7.70075,47.8087],[7.70072,47.80872],[7.70049,47.80883],[7.70033,47.80859],[7.70012,47.80852],[7.69975,47.80851],[7.6997,47.80851],[7.69946,47.80851],[7.69934,47.80851],[7.69919,47.80852],[7.69905,47.80852],[7.69903,47.80863],[7.69901,47.80873],[7.69878,47.80879],[7.69856,47.80884],[7.69834,47.80865],[7.69833,47.80863],[7.69801,47.80828],[7.69783,47.8079],[7.69781,47.80786],[7.69757,47.80787],[7.69737,47.80791],[7.6973,47.80783],[7.69725,47.80775],[7.69716,47.80778],[7.69704,47.80783],[7.6969,47.80788],[7.69629,47.80811],[7.69614,47.80815],[7.69583,47.80823],[7.6957,47.80826],[7.69544,47.80832],[7.69522,47.80837],[7.69483,47.8084],[7.69466,47.8084],[7.6947,47.80853],[7.69464,47.80864],[7.69462,47.80866],[7.69462,47.80867],[7.69459,47.80871],[7.69457,47.80874],[7.6944,47.80875],[7.69423,47.80876],[7.69408,47.80879],[7.69398,47.80881],[7.69375,47.80886],[7.69356,47.80893],[7.69347,47.80904],[7.69322,47.80904],[7.69322,47.80904],[7.69297,47.80904],[7.69279,47.80907],[7.69256,47.8091],[7.69234,47.80917],[7.69223,47.8092],[7.69209,47.80922],[7.69172,47.80927],[7.69107,47.80935],[7.69041,47.80953],[7.69019,47.80959],[7.68993,47.80966],[7.68955,47.80966],[7.68932,47.80972],[7.68847,47.80993],[7.68756,47.81006],[7.68606,47.81022],[7.6838,47.81035],[7.68348,47.81036],[7.68335,47.81037],[7.68283,47.8104],[7.6826,47.81041],[7.68245,47.81041],[7.68232,47.81037],[7.68219,47.81036],[7.68222,47.81045],[7.68231,47.81069],[7.68206,47.81067],[7.6816,47.81075],[7.68098,47.8108],[7.6809,47.81081],[7.68083,47.81073],[7.68034,47.81103],[7.68006,47.81121],[7.67978,47.81151],[7.67971,47.81172],[7.67967,47.81188],[7.67965,47.81198],[7.67974,47.81243],[7.67984,47.8127],[7.68053,47.81286],[7.68059,47.81327],[7.68064,47.81419],[7.68079,47.81423],[7.68067,47.81448],[7.68051,47.81477],[7.68047,47.81476],[7.68,47.81464],[7.67972,47.81457],[7.67937,47.81449],[7.67891,47.81437],[7.67883,47.81435],[7.67875,47.81433],[7.67869,47.81427],[7.67857,47.81418],[7.67828,47.81398],[7.67813,47.81383],[7.67799,47.8137],[7.67794,47.81365],[7.67786,47.81356],[7.6778,47.81347],[7.67741,47.81338],[7.67708,47.8133],[7.67683,47.81324],[7.67681,47.81324],[7.67651,47.81317],[7.67644,47.81315],[7.67593,47.81299],[7.67568,47.81286],[7.67513,47.81257],[7.6748,47.81239],[7.67488,47.81201],[7.67489,47.81199],[7.67492,47.81185],[7.67496,47.81167],[7.67442,47.81159],[7.67443,47.8115],[7.67429,47.81146],[7.67415,47.81143],[7.67415,47.81143],[7.67407,47.81141],[7.67358,47.81112],[7.67287,47.81056],[7.67304,47.81029],[7.6725,47.81018],[7.67202,47.81007],[7.67159,47.80998],[7.67126,47.80991],[7.67104,47.80986],[7.67085,47.80982],[7.67029,47.80971],[7.66985,47.80961],[7.66979,47.8096],[7.66941,47.8095],[7.66905,47.8094],[7.66873,47.80933],[7.66839,47.80925],[7.66838,47.80925],[7.66825,47.80922],[7.66801,47.80926],[7.6678,47.80929],[7.66747,47.80936],[7.66726,47.80941],[7.66688,47.8095],[7.66557,47.80974],[7.66492,47.80989],[7.66475,47.80993],[7.66464,47.80995],[7.66452,47.80998],[7.6642,47.81005],[7.664,47.8101],[7.66387,47.81013],[7.6638,47.81015],[7.66356,47.81022],[7.66331,47.8103],[7.66313,47.81036],[7.66305,47.81038],[7.66297,47.8104],[7.66278,47.81046],[7.66272,47.81048],[7.66261,47.8105],[7.66242,47.81054],[7.66231,47.81056],[7.66214,47.81068]]]}},{"type":"Feature","properties":{"id":"muellheim","name":"Müllheim im Markgräflerland"},"geometry":{"type":"MultiPolygon","coordinates":[[[[7.76602,47.80398],[7.76568,47.80412],[7.76539,47.80418],[7.76445,47.80423],[7.76225,47.80411],[7.76056,47.80378],[7.76008,47.80332],[7.75743,47.80249],[7.75505,47.80281],[7.75375,47.80262],[7.7511,47.80347],[7.75087,47.80348],[7.74991,47.80352],[7.74916,47.80342],[7.74901,47.80341],[7.74891,47.8034],[7.74826,47.80333],[7.74618,47.80301],[7.74431,47.80357],[7.74346,47.8036],[7.7432,47.80358],[7.74271,47.80363],[7.74175,47.80394],[7.7411,47.80577],[7.73931,47.80675],[7.73885,47.80696],[7.73864,47.80726],[7.73835,47.80762],[7.7378,47.80798],[7.73747,47.80817],[7.73736,47.80824],[7.73687,47.80839],[7.7362,47.80863],[7.73531,47.80909],[7.73473,47.80929],[7.73371,47.80924],[7.73225,47.80891],[7.73091,47.80845],[7.73068,47.80792],[7.73086,47.80764],[7.72991,47.80836],[7.72913,47.80915],[7.72876,47.80952],[7.72795,47.80902],[7.72739,47.80901],[7.7268,47.80885],[7.72445,47.80887],[7.72248,47.80889],[7.72197,47.80903],[7.72116,47.80958],[7.72061,47.81031],[7.72015,47.81067],[7.71894,47.81136],[7.71837,47.81156],[7.7181,47.81174],[7.71795,47.81288],[7.71779,47.81307],[7.71716,47.81324],[7.71651,47.81356],[7.71596,47.81372],[7.7154,47.81421],[7.71441,47.81464],[7.71385,47.81463],[7.71271,47.81525],[7.71023,47.81524],[7.70925,47.81544],[7.70957,47.81486],[7.7097,47.81427],[7.70838,47.81298],[7.70821,47.81226],[7.70742,47.81167],[7.70709,47.81144],[7.70668,47.81119],[7.70648,47.81107],[7.70595,47.81087],[7.70558,47.81048],[7.70497,47.80937],[7.70425,47.80876],[7.70412,47.80847],[7.70387,47.8081],[7.70341,47.80746],[7.70342,47.80741],[7.70347,47.80732],[7.70423,47.80666],[7.70496,47.80672],[7.70601,47.80664],[7.70785,47.80671],[7.70802,47.80669],[7.7083,47.80665],[7.70851,47.8066],[7.70867,47.80654],[7.70905,47.80636],[7.70937,47.80615],[7.70982,47.8056],[7.70973,47.80544],[7.7097,47.80539],[7.70981,47.80534],[7.71036,47.80511],[7.71145,47.8046],[7.71228,47.8042],[7.71277,47.80397],[7.71312,47.80375],[7.71347,47.80349],[7.71344,47.80337],[7.71268,47.80336],[7.7118,47.80377],[7.71143,47.80373],[7.71089,47.80389],[7.71082,47.80412],[7.70943,47.80502],[7.70818,47.80539],[7.70816,47.80513],[7.70831,47.8051],[7.70834,47.80489],[7.70737,47.80457],[7.70709,47.80394],[7.70753,47.80209],[7.70622,47.80204],[7.70613,47.80182],[7.70605,47.8016],[7.70606,47.80135],[7.70609,47.80093],[7.70657,47.8001],[7.70634,47.79932],[7.7069,47.79887],[7.70713,47.79826],[7.7073,47.79787],[7.70774,47.79771],[7.70824,47.79721],[7.70836,47.79619],[7.70857,47.79573],[7.70862,47.79537],[7.70862,47.7949],[7.70872,47.79451],[7.70887,47.79413],[7.70932,47.79361],[7.70997,47.79307],[7.71081,47.79193],[7.71097,47.79129],[7.71138,47.79102],[7.71164,47.79042],[7.71193,47.78996],[7.71285,47.78943],[7.71318,47.78906],[7.71391,47.78849],[7.71622,47.78763],[7.71717,47.78744],[7.71768,47.78743],[7.71901,47.78724],[7.7201,47.78698],[7.72068,47.78654],[7.7207,47.7857],[7.72146,47.78625],[7.7225,47.78698],[7.72354,47.78777],[7.72379,47.78844],[7.72442,47.78918],[7.72496,47.78911],[7.7257,47.78904],[7.72637,47.789],[7.72684,47.78913],[7.72813,47.7895],[7.72846,47.78961],[7.72911,47.78982],[7.73268,47.78951],[7.73358,47.7899],[7.73473,47.79036],[7.73588,47.79057],[7.73793,47.79022],[7.73916,47.79018],[7.74039,47.79022],[7.74157,47.79022],[7.74283,47.79017],[7.74405,47.79035],[7.74674,47.79049],[7.74901,47.7897],[7.74989,47.78988],[7.7506,47.79005],[7.75137,47.79025],[7.75214,47.79024],[7.75306,47.79037],[7.75367,47.79043],[7.75449,47.79031],[7.75493,47.79015],[7.75575,47.79011],[7.75631,47.79018],[7.75746,47.79041],[7.75796,47.79049],[7.75839,47.79066],[7.75886,47.79086],[7.75931,47.79109],[7.75969,47.79127],[7.76004,47.79134],[7.76045,47.79141],[7.76135,47.79165],[7.76231,47.79198],[7.76316,47.79224],[7.76432,47.79272],[7.76541,47.79305],[7.76679,47.79302],[7.76742,47.79297],[7.76829,47.79287],[7.76899,47.79278],[7.77004,47.79259],[7.77089,47.79242],[7.77114,47.79237],[7.77188,47.79227],[7.77273,47.79202],[7.7736,47.79172],[7.77491,47.79104],[7.77594,47.7903],[7.77888,47.79193],[7.78108,47.79298],[7.78365,47.79423],[7.7822,47.79526],[7.78069,47.79643],[7.77968,47.7971],[7.77941,47.79732],[7.77899,47.79711],[7.77866,47.79805],[7.77843,47.79871],[7.77835,47.79907],[7.77831,47.7992],[7.77777,47.80034],[7.7779,47.80051],[7.77776,47.80095],[7.77743,47.80212],[7.77806,47.8034],[7.7772,47.80299],[7.77417,47.80246],[7.77341,47.80244],[7.77117,47.80257],[7.77093,47.80251],[7.76988,47.80224],[7.76973,47.80219],[7.76893,47.80208],[7.76776,47.80196],[7.76752,47.80204],[7.76672,47.8029],[7.76651,47.80318],[7.76602,47.80398]]],[[[7.58595,47.83317],[7.58471,47.8334],[7.58412,47.83247],[7.57959,47.82531],[7.57607,47.82293],[7.57508,47.82216],[7.57393,47.82094],[7.57396,47.82087],[7.57483,47.82062],[7.57159,47.81548],[7.57161,47.81544],[7.57732,47.8138],[7.57576,47.81133],[7.57706,47.81135],[7.57707,47.81122],[7.5787,47.81125],[7.57929,47.8112],[7.57988,47.81112],[7.58099,47.81095],[7.58148,47.81084],[7.58173,47.81078],[7.58184,47.81068],[7.58197,47.81061],[7.582,47.8106],[7.58215,47.81054],[7.58221,47.81053],[7.58233,47.8105],[7.58246,47.8105],[7.58265,47.81051],[7.58276,47.81053],[7.58284,47.81057],[7.58294,47.81058],[7.58305,47.81058],[7.58324,47.81053],[7.58372,47.81037],[7.58395,47.81029],[7.58423,47.81019],[7.58481,47.80997],[7.5854,47.80972],[7.58589,47.80949],[7.58588,47.80947],[7.58466,47.80739],[7.58692,47.80674],[7.58812,47.8064],[7.5882,47.80633],[7.58828,47.8063],[7.59103,47.80552],[7.59463,47.8045],[7.59569,47.80419],[7.59477,47.80273],[7.59799,47.80147],[7.59805,47.8014],[7.59806,47.80139],[7.59842,47.80103],[7.59856,47.80109],[7.59902,47.80073],[7.5989,47.80058],[7.59885,47.80049],[7.59886,47.80037],[7.59889,47.80034],[7.59899,47.80028],[7.59928,47.80014],[7.60016,47.79969],[7.60194,47.80063],[7.60211,47.80055],[7.60235,47.80053],[7.6026,47.80047],[7.60269,47.80038],[7.60273,47.80032],[7.60275,47.80014],[7.6028,47.80002],[7.60293,47.79976],[7.60316,47.79983],[7.60421,47.80011],[7.60465,47.80021],[7.60598,47.8006],[7.60617,47.80061],[7.60644,47.80056],[7.60713,47.80042],[7.60795,47.8003],[7.60855,47.80023],[7.6092,47.80006],[7.60985,47.79997],[7.61035,47.79989],[7.61081,47.7998],[7.61085,47.79968],[7.61051,47.79912],[7.60975,47.79774],[7.60944,47.79738],[7.60938,47.79729],[7.60937,47.79722],[7.60941,47.79714],[7.60944,47.79707],[7.61012,47.79679],[7.61065,47.7966],[7.61238,47.79599],[7.61237,47.79598],[7.61135,47.79432],[7.61257,47.79367],[7.6126,47.79291],[7.61261,47.79267],[7.61258,47.79259],[7.61246,47.79247],[7.61196,47.79205],[7.61185,47.79202],[7.61178,47.79199],[7.61145,47.79169],[7.61114,47.79144],[7.61115,47.79143],[7.61168,47.79114],[7.61159,47.79106],[7.61121,47.79075],[7.61092,47.7905],[7.61064,47.79019],[7.61054,47.79006],[7.61056,47.79005],[7.61059,47.79004],[7.61134,47.78975],[7.61136,47.78975],[7.61254,47.78947],[7.61209,47.78792],[7.61307,47.78794],[7.61335,47.78791],[7.61372,47.78791],[7.61336,47.78668],[7.61391,47.78656],[7.61535,47.78625],[7.61551,47.78647],[7.61591,47.7864],[7.61621,47.78632],[7.61643,47.78625],[7.61657,47.78622],[7.61658,47.78622],[7.61693,47.78612],[7.61725,47.78607],[7.61751,47.78606],[7.61813,47.78601],[7.61833,47.78599],[7.6186,47.78594],[7.61875,47.78621],[7.61916,47.78618],[7.62015,47.7861],[7.62088,47.7859],[7.62085,47.78553],[7.62111,47.78541],[7.62131,47.78533],[7.6214,47.7853],[7.62177,47.78527],[7.62169,47.78463],[7.62166,47.78444],[7.62157,47.78402],[7.62157,47.784],[7.62261,47.78401],[7.62279,47.78401],[7.62341,47.78437],[7.6241,47.7847],[7.62437,47.7849],[7.6246,47.78493],[7.62504,47.78488],[7.6253,47.78487],[7.62547,47.78488],[7.62572,47.78454],[7.62591,47.78429],[7.6262,47.78421],[7.62653,47.78411],[7.62661,47.78421],[7.62665,47.78413],[7.62706,47.7838],[7.62743,47.78348],[7.6291,47.78323],[7.63111,47.78335],[7.6317,47.78309],[7.63245,47.78268],[7.63437,47.78232],[7.63585,47.78255],[7.63768,47.78316],[7.6354,47.78177],[7.63328,47.78061],[7.63238,47.78028],[7.63148,47.78012],[7.62974,47.77961],[7.62985,47.77948],[7.62908,47.7795],[7.62857,47.77928],[7.62787,47.779],[7.62766,47.77885],[7.62743,47.77867],[7.62711,47.77836],[7.62691,47.77812],[7.62667,47.77794],[7.62656,47.77788],[7.62653,47.77786],[7.62603,47.77773],[7.62581,47.77766],[7.62564,47.77758],[7.62557,47.77755],[7.6251,47.77718],[7.62463,47.77681],[7.62455,47.77683],[7.62449,47.77685],[7.62428,47.77686],[7.62387,47.77683],[7.62331,47.77681],[7.62304,47.77672],[7.62291,47.77667],[7.62256,47.77655],[7.62235,47.77645],[7.62217,47.77624],[7.62186,47.77589],[7.62151,47.7755],[7.62143,47.77542],[7.62122,47.77524],[7.62087,47.77492],[7.62056,47.77466],[7.62,47.7743],[7.61969,47.77414],[7.61901,47.77414],[7.61816,47.7741],[7.61749,47.77409],[7.61642,47.77403],[7.61608,47.77401],[7.61604,47.77394],[7.61585,47.77348],[7.61569,47.77335],[7.61527,47.77312],[7.615,47.77299],[7.61457,47.77291],[7.61523,47.771],[7.61551,47.77058],[7.6159,47.77073],[7.61678,47.77105],[7.61676,47.77083],[7.61662,47.7706],[7.61623,47.76999],[7.61591,47.7692],[7.61579,47.76891],[7.61567,47.76864],[7.61512,47.76732],[7.61495,47.76698],[7.6153,47.76689],[7.61502,47.76619],[7.61497,47.76611],[7.61505,47.76563],[7.61497,47.76509],[7.61483,47.76461],[7.61474,47.76408],[7.61485,47.76332],[7.61491,47.76282],[7.61525,47.76239],[7.61487,47.76044],[7.61488,47.7602],[7.6157,47.75978],[7.61551,47.75959],[7.61598,47.75894],[7.61614,47.75883],[7.61646,47.75864],[7.61732,47.75816],[7.61829,47.75768],[7.61883,47.75743],[7.61948,47.75726],[7.62092,47.75818],[7.62158,47.75864],[7.62232,47.75917],[7.62274,47.75951],[7.62292,47.75964],[7.62327,47.75993],[7.62424,47.76066],[7.62436,47.76076],[7.62616,47.76009],[7.62692,47.75971],[7.62739,47.75996],[7.62784,47.76019],[7.62841,47.76051],[7.62916,47.76096],[7.62963,47.76122],[7.63045,47.76161],[7.63094,47.76181],[7.63245,47.76231],[7.63425,47.76269],[7.63495,47.76281],[7.63562,47.763],[7.63621,47.76331],[7.63651,47.76366],[7.6367,47.76393],[7.63743,47.76454],[7.63857,47.76531],[7.63882,47.7654],[7.63969,47.76556],[7.6404,47.76566],[7.64172,47.76568],[7.64222,47.76583],[7.6432,47.76619],[7.64507,47.76682],[7.6455,47.76692],[7.64594,47.76698],[7.64746,47.76715],[7.64827,47.76723],[7.64933,47.76743],[7.65011,47.76776],[7.65046,47.76794],[7.65086,47.76832],[7.65094,47.76863],[7.65117,47.769],[7.65125,47.76913],[7.65135,47.76918],[7.65197,47.76961],[7.6522,47.76992],[7.65237,47.77014],[7.65241,47.77031],[7.65246,47.77069],[7.65249,47.77077],[7.65258,47.77093],[7.65268,47.7711],[7.65279,47.77128],[7.65285,47.77139],[7.65296,47.77168],[7.65331,47.7721],[7.65562,47.77323],[7.65779,47.77442],[7.65911,47.77507],[7.66063,47.77588],[7.66246,47.7768],[7.6618,47.7773],[7.66075,47.77794],[7.66,47.77883],[7.65939,47.77933],[7.65906,47.77952],[7.6581,47.77956],[7.65626,47.78038],[7.65499,47.78059],[7.65482,47.78056],[7.65209,47.78124],[7.6514,47.78156],[7.65101,47.78184],[7.65011,47.78266],[7.64928,47.78342],[7.64871,47.78399],[7.648,47.7844],[7.64886,47.78436],[7.64799,47.78532],[7.64739,47.78588],[7.64672,47.78808],[7.64596,47.78916],[7.6466,47.78948],[7.64689,47.78964],[7.64781,47.79024],[7.64837,47.79042],[7.64981,47.79056],[7.64992,47.79067],[7.65279,47.79057],[7.65289,47.79128],[7.65279,47.79164],[7.65278,47.7917],[7.65264,47.7919],[7.65198,47.79253],[7.65179,47.79271],[7.65195,47.79277],[7.65203,47.79281],[7.65134,47.79356],[7.65209,47.79388],[7.65277,47.79441],[7.65398,47.79371],[7.65411,47.7936],[7.65432,47.79344],[7.65456,47.79326],[7.65521,47.79337],[7.65552,47.79341],[7.65566,47.79391],[7.65579,47.79407],[7.6559,47.79395],[7.65613,47.79382],[7.65639,47.79357],[7.65652,47.79349],[7.65669,47.79341],[7.65767,47.79309],[7.65793,47.79299],[7.65798,47.79297],[7.65807,47.79296],[7.65803,47.79291],[7.65817,47.79281],[7.65865,47.7926],[7.6596,47.79234],[7.66028,47.792],[7.66034,47.79183],[7.66099,47.7914],[7.66127,47.7912],[7.66155,47.79106],[7.66198,47.79081],[7.66215,47.79067],[7.66226,47.79052],[7.66255,47.79042],[7.66296,47.79052],[7.66346,47.79063],[7.66378,47.7906],[7.66401,47.79077],[7.66426,47.791],[7.66522,47.7915],[7.66641,47.7906],[7.66733,47.7904],[7.66847,47.79038],[7.6699,47.79013],[7.6708,47.79015],[7.67178,47.78979],[7.67345,47.78944],[7.67361,47.78874],[7.67317,47.78836],[7.67306,47.7882],[7.67305,47.78763],[7.67263,47.78744],[7.67187,47.78574],[7.67282,47.78523],[7.67352,47.7841],[7.67412,47.78366],[7.67402,47.78358],[7.67483,47.78366],[7.67616,47.78395],[7.67658,47.7841],[7.67732,47.7841],[7.67837,47.78403],[7.67891,47.78435],[7.67971,47.78373],[7.68001,47.78398],[7.68063,47.78311],[7.68096,47.78316],[7.68115,47.78325],[7.68153,47.78328],[7.68214,47.78329],[7.68259,47.78339],[7.68305,47.78357],[7.68346,47.7837],[7.68439,47.78379],[7.68525,47.78378],[7.68627,47.78346],[7.68752,47.78321],[7.692,47.78524],[7.69132,47.78621],[7.69173,47.7872],[7.69157,47.78847],[7.69149,47.79033],[7.69151,47.79071],[7.69205,47.7925],[7.69248,47.79305],[7.69253,47.79361],[7.68896,47.79506],[7.68868,47.79468],[7.68833,47.79375],[7.68574,47.79377],[7.68492,47.7929],[7.68414,47.79461],[7.68353,47.79743],[7.68323,47.79979],[7.68219,47.7998],[7.68181,47.79987],[7.68143,47.79983],[7.68041,47.79934],[7.67991,47.79904],[7.68007,47.79764],[7.6801,47.79667],[7.67992,47.79605],[7.67978,47.79638],[7.67969,47.7967],[7.67939,47.79709],[7.67921,47.79728],[7.67755,47.79727],[7.67664,47.79717],[7.67591,47.79682],[7.67508,47.79663],[7.6749,47.79643],[7.67457,47.79598],[7.67412,47.79522],[7.67391,47.79478],[7.67369,47.79451],[7.66842,47.79335],[7.66776,47.79317],[7.66744,47.7933],[7.66717,47.79329],[7.6665,47.79352],[7.66593,47.79363],[7.66576,47.7937],[7.66501,47.79408],[7.6649,47.79414],[7.66473,47.7942],[7.66459,47.79423],[7.66447,47.79422],[7.66425,47.7942],[7.66382,47.79422],[7.66361,47.79426],[7.66209,47.79472],[7.66105,47.79463],[7.66053,47.79478],[7.66035,47.79497],[7.66024,47.7954],[7.65966,47.79667],[7.65954,47.79706],[7.65983,47.79775],[7.65978,47.79784],[7.65968,47.79791],[7.65954,47.79801],[7.65913,47.79822],[7.65903,47.79859],[7.6589,47.79871],[7.6588,47.79892],[7.65881,47.79912],[7.65886,47.79927],[7.6589,47.79936],[7.65923,47.79965],[7.65936,47.79986],[7.65997,47.80089],[7.66011,47.8012],[7.66025,47.80153],[7.66074,47.80231],[7.66094,47.80267],[7.66169,47.80277],[7.66226,47.8029],[7.6648,47.80253],[7.66479,47.80282],[7.66459,47.80326],[7.66415,47.80364],[7.66378,47.80389],[7.66395,47.80403],[7.66328,47.80421],[7.66269,47.80485],[7.66257,47.80506],[7.66255,47.80532],[7.66295,47.80537],[7.66246,47.80617],[7.66294,47.80622],[7.66296,47.80625],[7.66308,47.80658],[7.66332,47.80723],[7.66338,47.80739],[7.66346,47.80761],[7.66249,47.80762],[7.66202,47.80766],[7.66167,47.80769],[7.66117,47.80771],[7.66038,47.80765],[7.65928,47.80757],[7.65928,47.80775],[7.65927,47.80821],[7.65948,47.80825],[7.65947,47.80831],[7.65946,47.80838],[7.65944,47.80853],[7.65906,47.80851],[7.65907,47.80909],[7.65907,47.80919],[7.65908,47.81006],[7.65908,47.8101],[7.65908,47.81014],[7.65908,47.81036],[7.6589,47.81039],[7.65891,47.81042],[7.65898,47.81066],[7.65907,47.81066],[7.65944,47.81064],[7.65973,47.81062],[7.65992,47.81061],[7.66028,47.81063],[7.66048,47.81062],[7.66085,47.81059],[7.66141,47.8106],[7.66214,47.81068],[7.66231,47.81056],[7.66242,47.81054],[7.66261,47.8105],[7.66272,47.81048],[7.66278,47.81046],[7.66297,47.8104],[7.66305,47.81038],[7.66313,47.81036],[7.66331,47.8103],[7.66356,47.81022],[7.6638,47.81015],[7.66387,47.81013],[7.664,47.8101],[7.6642,47.81005],[7.66452,47.80998],[7.66464,47.80995],[7.66475,47.80993],[7.66492,47.80989],[7.66557,47.80974],[7.66688,47.8095],[7.66726,47.80941],[7.66747,47.80936],[7.6678,47.80929],[7.66801,47.80926],[7.66825,47.80922],[7.66838,47.80925],[7.66839,47.80925],[7.66873,47.80933],[7.66905,47.8094],[7.66941,47.8095],[7.66979,47.8096],[7.66985,47.80961],[7.67029,47.80971],[7.67085,47.80982],[7.67104,47.80986],[7.67126,47.80991],[7.67159,47.80998],[7.67202,47.81007],[7.6725,47.81018],[7.67304,47.81029],[7.67287,47.81056],[7.67358,47.81112],[7.67407,47.81141],[7.67415,47.81143],[7.67415,47.81143],[7.67429,47.81146],[7.67443,47.8115],[7.67442,47.81159],[7.67496,47.81167],[7.67492,47.81185],[7.67489,47.81199],[7.67488,47.81201],[7.6748,47.81239],[7.67513,47.81257],[7.67568,47.81286],[7.67593,47.81299],[7.67644,47.81315],[7.67651,47.81317],[7.67681,47.81324],[7.67683,47.81324],[7.67708,47.8133],[7.67741,47.81338],[7.6778,47.81347],[7.67786,47.81356],[7.67794,47.81365],[7.67799,47.8137],[7.67813,47.81383],[7.67828,47.81398],[7.67857,47.81418],[7.67869,47.81427],[7.67875,47.81433],[7.67883,47.81435],[7.67891,47.81437],[7.67937,47.81449],[7.67972,47.81457],[7.68,47.81464],[7.68047,47.81476],[7.68051,47.81477],[7.68067,47.81448],[7.68079,47.81423],[7.68064,47.81419],[7.68059,47.81327],[7.68053,47.81286],[7.67984,47.8127],[7.67974,47.81243],[7.67965,47.81198],[7.67967,47.81188],[7.67971,47.81172],[7.67978,47.81151],[7.68006,47.81121],[7.68034,47.81103],[7.68083,47.81073],[7.6809,47.81081],[7.68098,47.8108],[7.6816,47.81075],[7.68206,47.81067],[7.68231,47.81069],[7.68222,47.81045],[7.68219,47.81036],[7.68232,47.81037],[7.68245,47.81041],[7.6826,47.81041],[7.68283,47.8104],[7.68335,47.81037],[7.68348,47.81036],[7.6838,47.81035],[7.68606,47.81022],[7.68756,47.81006],[7.68847,47.80993],[7.68932,47.80972],[7.68955,47.80966],[7.68993,47.80966],[7.69019,47.80959],[7.69041,47.80953],[7.69107,47.80935],[7.69172,47.80927],[7.69209,47.80922],[7.69223,47.8092],[7.69234,47.80917],[7.69256,47.8091],[7.69279,47.80907],[7.69297,47.80904],[7.69322,47.80904],[7.69322,47.80904],[7.69347,47.80904],[7.69356,47.80893],[7.69375,47.80886],[7.69398,47.80881],[7.69408,47.80879],[7.69423,47.80876],[7.6944,47.80875],[7.69457,47.80874],[7.69459,47.80871],[7.69462,47.80867],[7.69462,47.80866],[7.69464,47.80864],[7.6947,47.80853],[7.69466,47.8084],[7.69483,47.8084],[7.69522,47.80837],[7.69544,47.80832],[7.6957,47.80826],[7.69583,47.80823],[7.69614,47.80815],[7.69629,47.80811],[7.6969,47.80788],[7.69704,47.80783],[7.69716,47.80778],[7.69725,47.80775],[7.6973,47.80783],[7.69737,47.80791],[7.69757,47.80787],[7.69781,47.80786],[7.69783,47.8079],[7.69801,47.80828],[7.69833,47.80863],[7.69834,47.80865],[7.69856,47.80884],[7.69878,47.80879],[7.69901,47.80873],[7.69903,47.80863],[7.69905,47.80852],[7.69919,47.80852],[7.69934,47.80851],[7.69946,47.80851],[7.6997,47.80851],[7.69975,47.80851],[7.70012,47.80852],[7.70033,47.80859],[7.70049,47.80883],[7.70072,47.80872],[7.70075,47.8087],[7.70079,47.80876],[7.70094,47.80899],[7.70132,47.80928],[7.70166,47.80966],[7.70193,47.80997],[7.70206,47.81012],[7.702,47.81014],[7.70204,47.81048],[7.70205,47.81074],[7.70205,47.811],[7.70137,47.81127],[7.70103,47.81136],[7.70079,47.81157],[7.70074,47.81174],[7.70076,47.81194],[7.70076,47.81204],[7.7008,47.81219],[7.70082,47.81225],[7.70077,47.81259],[7.70076,47.81274],[7.70075,47.81287],[7.70075,47.81288],[7.70091,47.81319],[7.70088,47.8133],[7.70083,47.81345],[7.70081,47.81352],[7.70079,47.8136],[7.70075,47.81374],[7.70043,47.81376],[7.69992,47.81378],[7.69906,47.81383],[7.69894,47.81383],[7.69874,47.81411],[7.69831,47.8144],[7.69803,47.81463],[7.69786,47.81477],[7.69788,47.81478],[7.69833,47.81536],[7.69907,47.81571],[7.69987,47.81638],[7.70059,47.81678],[7.70123,47.81701],[7.70162,47.81707],[7.70085,47.81877],[7.70089,47.81931],[7.70131,47.82005],[7.70132,47.82055],[7.70153,47.82119],[7.70188,47.82185],[7.70209,47.82318],[7.70228,47.82357],[7.70218,47.82384],[7.70222,47.82421],[7.70115,47.82651],[7.69991,47.82881],[7.70007,47.82964],[7.69977,47.82996],[7.69887,47.83033],[7.69877,47.83064],[7.69895,47.83119],[7.69886,47.83156],[7.69902,47.83235],[7.69897,47.83277],[7.69887,47.83296],[7.69895,47.83327],[7.69869,47.83372],[7.69794,47.83364],[7.69714,47.83327],[7.69656,47.83312],[7.69507,47.83295],[7.69402,47.83255],[7.69351,47.83207],[7.69323,47.83153],[7.6929,47.83141],[7.69253,47.83155],[7.69225,47.83209],[7.69183,47.83251],[7.69108,47.83333],[7.69008,47.83322],[7.68963,47.83312],[7.68907,47.83322],[7.68849,47.83325],[7.68762,47.83341],[7.68527,47.83412],[7.68442,47.83431],[7.68319,47.83464],[7.68282,47.83472],[7.68184,47.83511],[7.68115,47.83541],[7.6808,47.83558],[7.67948,47.83638],[7.67899,47.8366],[7.67743,47.8373],[7.67625,47.83775],[7.67568,47.83794],[7.67476,47.83818],[7.67448,47.83823],[7.67381,47.83825],[7.67333,47.83835],[7.67294,47.83848],[7.67231,47.83874],[7.67179,47.83891],[7.67122,47.83904],[7.67086,47.83922],[7.66964,47.8395],[7.66942,47.83952],[7.66926,47.83956],[7.66559,47.83998],[7.66559,47.84001],[7.66383,47.84048],[7.66366,47.84053],[7.66298,47.84151],[7.66356,47.84171],[7.66339,47.84197],[7.66325,47.84199],[7.66293,47.84192],[7.66252,47.84269],[7.66253,47.84295],[7.6626,47.84316],[7.66253,47.84318],[7.66295,47.8436],[7.66309,47.84377],[7.66318,47.84395],[7.66197,47.84364],[7.66123,47.84349],[7.66082,47.84341],[7.65885,47.84307],[7.6578,47.84299],[7.65628,47.84282],[7.65566,47.84278],[7.65522,47.84283],[7.65483,47.84302],[7.65483,47.84277],[7.65397,47.84301],[7.65327,47.84311],[7.65122,47.84296],[7.65125,47.84243],[7.65072,47.84242],[7.6507,47.84225],[7.64938,47.84229],[7.64935,47.84198],[7.64777,47.84204],[7.64807,47.84142],[7.64817,47.84135],[7.64799,47.84136],[7.64782,47.84133],[7.64698,47.84112],[7.64692,47.84121],[7.64451,47.84065],[7.64457,47.84048],[7.64428,47.84039],[7.64408,47.84082],[7.64369,47.84095],[7.64352,47.84104],[7.64405,47.84001],[7.64246,47.8395],[7.64217,47.83938],[7.64241,47.83909],[7.64184,47.83892],[7.64161,47.83905],[7.64129,47.83913],[7.64114,47.83888],[7.64107,47.83855],[7.64087,47.83807],[7.64059,47.83811],[7.64021,47.83738],[7.63987,47.83642],[7.63987,47.83622],[7.63964,47.83531],[7.63959,47.83529],[7.63941,47.83534],[7.63883,47.83572],[7.63817,47.83624],[7.63788,47.83655],[7.63714,47.83627],[7.63726,47.83608],[7.63748,47.8356],[7.63774,47.83534],[7.63806,47.83513],[7.63833,47.83469],[7.63847,47.83454],[7.63745,47.83438],[7.63782,47.83401],[7.63735,47.83373],[7.63747,47.8336],[7.63726,47.83298],[7.63703,47.83256],[7.63682,47.83225],[7.63657,47.83226],[7.63616,47.83235],[7.63544,47.83245],[7.63477,47.83255],[7.63472,47.83238],[7.63471,47.83221],[7.63468,47.83197],[7.6344,47.832],[7.63408,47.83205],[7.63393,47.83214],[7.63372,47.83229],[7.63412,47.83247],[7.63393,47.83264],[7.63366,47.83287],[7.63341,47.83313],[7.63321,47.83304],[7.63291,47.83289],[7.63267,47.83281],[7.63243,47.83304],[7.63212,47.83316],[7.63166,47.83338],[7.63103,47.83368],[7.63096,47.83371],[7.63092,47.83372],[7.63053,47.83388],[7.6308,47.83403],[7.63043,47.83422],[7.63002,47.83441],[7.62938,47.83463],[7.62862,47.8349],[7.62858,47.83491],[7.62854,47.83493],[7.62809,47.83512],[7.62781,47.83522],[7.62753,47.83537],[7.62745,47.83541],[7.62753,47.83545],[7.62733,47.83564],[7.6273,47.83567],[7.62702,47.83596],[7.62614,47.83554],[7.62609,47.83551],[7.62603,47.83568],[7.62597,47.83588],[7.62594,47.8361],[7.62594,47.83614],[7.62591,47.83637],[7.62588,47.83651],[7.62581,47.83678],[7.62566,47.83707],[7.62556,47.83724],[7.62544,47.83743],[7.62535,47.83765],[7.62534,47.83765],[7.62528,47.83764],[7.62454,47.83757],[7.62452,47.83756],[7.62448,47.83756],[7.62445,47.83756],[7.62449,47.83777],[7.62449,47.83784],[7.62441,47.83808],[7.62443,47.83821],[7.6244,47.83841],[7.62434,47.8386],[7.62426,47.83885],[7.62432,47.8389],[7.62439,47.83895],[7.62455,47.83907],[7.62484,47.83926],[7.62446,47.83937],[7.62404,47.83944],[7.62395,47.8395],[7.6239,47.8397],[7.6239,47.83981],[7.624,47.84008],[7.62418,47.84031],[7.62429,47.84042],[7.62448,47.84073],[7.62365,47.84092],[7.62319,47.84101],[7.62313,47.84102],[7.6231,47.84103],[7.62293,47.84106],[7.62282,47.84107],[7.62274,47.84102],[7.62244,47.84075],[7.61976,47.8415],[7.61973,47.84151],[7.6197,47.84152],[7.61962,47.84154],[7.61941,47.8416],[7.61835,47.83996],[7.61707,47.8379],[7.61704,47.83791],[7.61702,47.83791],[7.61515,47.83846],[7.61434,47.83871],[7.6119,47.83942],[7.61222,47.84042],[7.61227,47.84059],[7.6122,47.8406],[7.60581,47.84176],[7.602,47.84245],[7.60178,47.84249],[7.60167,47.84251],[7.60154,47.84253],[7.60022,47.84276],[7.5999,47.84285],[7.59992,47.84289],[7.6009,47.84496],[7.60092,47.845],[7.60092,47.84501],[7.59862,47.84556],[7.59547,47.84631],[7.59546,47.84627],[7.59469,47.84447],[7.59551,47.84415],[7.59567,47.84409],[7.59564,47.84405],[7.595,47.84298],[7.59447,47.84214],[7.59384,47.8412],[7.59364,47.84089],[7.59362,47.84087],[7.59361,47.84083],[7.5936,47.8408],[7.59359,47.84079],[7.59361,47.84071],[7.59363,47.84062],[7.59315,47.84008],[7.59248,47.83935],[7.59182,47.83866],[7.59177,47.8386],[7.59176,47.83859],[7.5917,47.83852],[7.58849,47.83912],[7.58843,47.83913],[7.58835,47.83885],[7.58719,47.8361],[7.58594,47.83326],[7.58597,47.83321],[7.58595,47.83317]]]]}},{"type":"Feature","properties":{"id":"breitnau","name":"Breitnau"},"geometry":{"type":"Polygon","coordinates":[[[8.13403,47.97951],[8.13334,47.97873],[8.13312,47.97837],[8.13172,47.97805],[8.13115,47.97679],[8.13112,47.97659],[8.13091,47.97596],[8.13082,47.97536],[8.13085,47.97377],[8.13072,47.97233],[8.13097,47.97097],[8.1308,47.96965],[8.13153,47.9668],[8.13119,47.96626],[8.12889,47.96703],[8.12686,47.96706],[8.12525,47.96673],[8.12298,47.96671],[8.12101,47.96625],[8.11981,47.96608],[8.11812,47.96537],[8.11696,47.96474],[8.11663,47.96359],[8.11604,47.96311],[8.11538,47.96149],[8.11529,47.96051],[8.11502,47.96003],[8.11377,47.9591],[8.11113,47.95893],[8.10938,47.95833],[8.10803,47.95743],[8.10731,47.95416],[8.10667,47.95314],[8.10562,47.95245],[8.10409,47.95314],[8.10312,47.95351],[8.10204,47.95366],[8.0991,47.95332],[8.09514,47.95377],[8.09442,47.95357],[8.09231,47.95273],[8.09131,47.95255],[8.09008,47.95252],[8.08901,47.95274],[8.08729,47.95276],[8.08608,47.95721],[8.08608,47.95804],[8.08667,47.96172],[8.08769,47.96164],[8.08734,47.96278],[8.08675,47.96334],[8.08667,47.96389],[8.0852,47.96458],[8.08563,47.9637],[8.08599,47.96318],[8.08593,47.96182],[8.08522,47.96102],[8.08448,47.96069],[8.08243,47.96095],[8.08146,47.96094],[8.08068,47.96071],[8.07939,47.96072],[8.07898,47.96081],[8.07748,47.96157],[8.07751,47.96233],[8.07682,47.96234],[8.07655,47.96332],[8.07649,47.96388],[8.07615,47.96505],[8.07598,47.96457],[8.07571,47.96431],[8.07522,47.96414],[8.07331,47.9638],[8.07276,47.96358],[8.07138,47.96327],[8.07065,47.96376],[8.07048,47.96416],[8.06974,47.96478],[8.06806,47.9657],[8.06692,47.96581],[8.06565,47.96631],[8.06483,47.96684],[8.06408,47.96743],[8.06316,47.96805],[8.06201,47.96854],[8.06203,47.96679],[8.06156,47.96666],[8.05975,47.96624],[8.05676,47.96517],[8.05641,47.96445],[8.05626,47.96399],[8.05605,47.96383],[8.05543,47.96383],[8.0545,47.96401],[8.05267,47.96447],[8.05222,47.96463],[8.05184,47.96501],[8.05096,47.96365],[8.05341,47.96287],[8.05386,47.9625],[8.05449,47.96209],[8.05659,47.96066],[8.05621,47.96044],[8.05614,47.96027],[8.05615,47.96014],[8.05616,47.95988],[8.05622,47.95961],[8.0563,47.95929],[8.05616,47.9589],[8.05614,47.95876],[8.05598,47.95748],[8.05597,47.95739],[8.05617,47.95684],[8.05692,47.95613],[8.0572,47.95603],[8.05728,47.95585],[8.0574,47.95569],[8.05902,47.95351],[8.05922,47.95297],[8.05922,47.95215],[8.05921,47.95168],[8.05929,47.95169],[8.0591,47.94868],[8.05918,47.94512],[8.05925,47.94445],[8.05858,47.94435],[8.05807,47.94413],[8.05729,47.9437],[8.05697,47.94349],[8.05539,47.94296],[8.05525,47.94273],[8.05519,47.94235],[8.05497,47.93944],[8.05409,47.93948],[8.05372,47.93958],[8.05319,47.93964],[8.0527,47.93975],[8.0511,47.93994],[8.04926,47.94052],[8.04826,47.94114],[8.04759,47.94171],[8.04707,47.94219],[8.04679,47.94273],[8.04647,47.94297],[8.04546,47.94348],[8.04437,47.9438],[8.04377,47.94391],[8.04341,47.94411],[8.04164,47.94533],[8.04081,47.94611],[8.03791,47.94416],[8.03695,47.94458],[8.03544,47.94516],[8.03505,47.94539],[8.03378,47.94714],[8.03338,47.94748],[8.03261,47.94781],[8.03156,47.94781],[8.03031,47.94794],[8.02953,47.94695],[8.0307,47.94674],[8.03016,47.94623],[8.03062,47.94593],[8.03108,47.94565],[8.03173,47.94519],[8.03228,47.94536],[8.03314,47.94366],[8.03302,47.943],[8.03253,47.94284],[8.03134,47.94214],[8.0309,47.94165],[8.03075,47.94131],[8.02714,47.94148],[8.02639,47.94141],[8.02602,47.94142],[8.02538,47.94167],[8.02488,47.94176],[8.02426,47.94197],[8.02391,47.94218],[8.02384,47.94233],[8.02291,47.94237],[8.02208,47.94225],[8.02174,47.94222],[8.02005,47.94234],[8.0198,47.94232],[8.01917,47.94168],[8.0188,47.94152],[8.01793,47.94134],[8.01686,47.94133],[8.01737,47.94023],[8.01755,47.93963],[8.01761,47.93941],[8.01856,47.93889],[8.01898,47.9383],[8.01937,47.93798],[8.02032,47.93786],[8.0201,47.93663],[8.0203,47.93645],[8.0202,47.93608],[8.02081,47.93502],[8.02095,47.93465],[8.02084,47.93443],[8.02095,47.93401],[8.02153,47.93284],[8.02164,47.93193],[8.0214,47.93138],[8.02155,47.93057],[8.02077,47.92874],[8.01909,47.92779],[8.01855,47.92754],[8.01757,47.92402],[8.01684,47.92297],[8.01643,47.92211],[8.01643,47.92138],[8.01643,47.92129],[8.01704,47.92128],[8.0179,47.92057],[8.01829,47.92026],[8.01859,47.9195],[8.01864,47.91937],[8.01902,47.91919],[8.01942,47.91897],[8.02125,47.9175],[8.02191,47.91726],[8.0232,47.91686],[8.02362,47.91664],[8.02392,47.91649],[8.02509,47.916],[8.02534,47.91591],[8.02659,47.91576],[8.02786,47.91578],[8.02836,47.91573],[8.02828,47.91701],[8.02801,47.91795],[8.02779,47.91819],[8.02765,47.91842],[8.02752,47.91874],[8.03062,47.91963],[8.03316,47.91924],[8.0346,47.9192],[8.03535,47.91891],[8.03662,47.91882],[8.03741,47.91841],[8.03871,47.9179],[8.03937,47.91795],[8.04067,47.91771],[8.04095,47.9177],[8.0414,47.91763],[8.04256,47.91785],[8.04338,47.91778],[8.04496,47.91781],[8.04554,47.91786],[8.04584,47.9178],[8.04645,47.91758],[8.04831,47.91755],[8.04835,47.91769],[8.04896,47.91783],[8.04947,47.91765],[8.05019,47.91746],[8.05122,47.91747],[8.05232,47.91765],[8.0526,47.91762],[8.05376,47.91717],[8.05466,47.91716],[8.05556,47.91685],[8.05562,47.91682],[8.05648,47.91628],[8.05699,47.91601],[8.05884,47.91566],[8.05951,47.9155],[8.06048,47.91526],[8.06161,47.91506],[8.06249,47.91484],[8.06392,47.91448],[8.06416,47.91443],[8.06515,47.91415],[8.06516,47.91415],[8.06817,47.91401],[8.07012,47.91355],[8.07043,47.9133],[8.0715,47.91214],[8.07228,47.91165],[8.07272,47.91135],[8.07316,47.91102],[8.07351,47.9108],[8.07394,47.91054],[8.07468,47.91001],[8.07542,47.90966],[8.07609,47.90952],[8.07789,47.90912],[8.07809,47.90909],[8.07813,47.90908],[8.07817,47.90909],[8.07841,47.90925],[8.07913,47.90951],[8.08231,47.9098],[8.08253,47.91192],[8.0822,47.91279],[8.08217,47.91288],[8.08221,47.9129],[8.08266,47.91301],[8.08298,47.91307],[8.08315,47.91308],[8.08333,47.91307],[8.08354,47.91304],[8.08385,47.91298],[8.08393,47.91294],[8.08397,47.9129],[8.08396,47.91285],[8.08398,47.91278],[8.08399,47.91272],[8.08399,47.91271],[8.08407,47.91267],[8.08424,47.91261],[8.08425,47.91261],[8.08433,47.91257],[8.08441,47.91252],[8.08451,47.91244],[8.08467,47.91236],[8.08499,47.91229],[8.08531,47.91221],[8.08552,47.91224],[8.08572,47.91227],[8.08584,47.91229],[8.08593,47.91226],[8.08601,47.91224],[8.08621,47.91222],[8.08639,47.9122],[8.08646,47.91219],[8.08677,47.91214],[8.08688,47.91209],[8.08697,47.91206],[8.087,47.91203],[8.08703,47.912],[8.08707,47.91198],[8.08707,47.91197],[8.08722,47.91195],[8.08733,47.91191],[8.0874,47.9118],[8.08744,47.91171],[8.08765,47.9116],[8.08787,47.91157],[8.08797,47.91152],[8.08817,47.91146],[8.08818,47.91146],[8.08833,47.91145],[8.08846,47.91149],[8.08851,47.91154],[8.08866,47.91162],[8.08881,47.91169],[8.08902,47.91174],[8.08929,47.91171],[8.08939,47.91171],[8.08946,47.91173],[8.08952,47.91176],[8.08957,47.91181],[8.08998,47.9119],[8.09007,47.91198],[8.09015,47.91202],[8.0903,47.91203],[8.09039,47.91196],[8.09043,47.91194],[8.09058,47.91188],[8.09069,47.91192],[8.09088,47.9119],[8.09095,47.91185],[8.09117,47.91171],[8.09131,47.91168],[8.0916,47.91168],[8.09173,47.91164],[8.09194,47.91151],[8.09205,47.91141],[8.09226,47.91137],[8.0925,47.91126],[8.09263,47.91124],[8.09279,47.91118],[8.09303,47.91104],[8.09324,47.91093],[8.09341,47.91106],[8.09524,47.91217],[8.09565,47.91231],[8.09725,47.91333],[8.0973,47.91336],[8.0977,47.91361],[8.09789,47.91371],[8.09846,47.91405],[8.09905,47.9144],[8.10041,47.91507],[8.1022,47.91588],[8.10227,47.9159],[8.10444,47.91655],[8.10642,47.9157],[8.10596,47.91398],[8.10579,47.9134],[8.10561,47.91282],[8.10555,47.91239],[8.10623,47.91238],[8.10647,47.91237],[8.10877,47.9122],[8.1095,47.91212],[8.10983,47.91289],[8.11003,47.91363],[8.11014,47.91414],[8.11066,47.91601],[8.11117,47.91715],[8.1121,47.91945],[8.11203,47.92426],[8.11213,47.92456],[8.11338,47.92641],[8.11388,47.92816],[8.11467,47.92875],[8.11812,47.93331],[8.11882,47.9351],[8.11961,47.93811],[8.12046,47.94039],[8.12457,47.94074],[8.12596,47.94019],[8.12776,47.9389],[8.12822,47.9382],[8.12893,47.93621],[8.13035,47.93627],[8.13153,47.93619],[8.13464,47.93566],[8.13585,47.93522],[8.13626,47.93514],[8.13988,47.93547],[8.14092,47.93535],[8.14223,47.93533],[8.14282,47.93527],[8.14339,47.93506],[8.14402,47.93497],[8.1454,47.93529],[8.14668,47.93571],[8.1474,47.93575],[8.14794,47.9357],[8.14934,47.93594],[8.15006,47.93601],[8.15256,47.93668],[8.15426,47.93757],[8.15545,47.9379],[8.15655,47.93802],[8.15734,47.93803],[8.15689,47.93868],[8.15623,47.94005],[8.15543,47.94224],[8.15484,47.94491],[8.15177,47.94583],[8.15145,47.94599],[8.14953,47.94687],[8.14877,47.947],[8.14879,47.94762],[8.14777,47.95024],[8.14663,47.95273],[8.14662,47.95274],[8.14462,47.95345],[8.14438,47.95335],[8.14378,47.95421],[8.14835,47.95489],[8.14916,47.95541],[8.15017,47.95587],[8.15111,47.95591],[8.15201,47.957],[8.15075,47.95818],[8.14993,47.95876],[8.1495,47.95916],[8.15022,47.959],[8.15068,47.95904],[8.15097,47.9593],[8.15118,47.95936],[8.15173,47.95935],[8.15163,47.9595],[8.15193,47.95951],[8.15174,47.9599],[8.15171,47.96059],[8.15135,47.96107],[8.15141,47.96116],[8.15089,47.96167],[8.1512,47.96201],[8.15156,47.96293],[8.15155,47.96314],[8.15195,47.96388],[8.15246,47.96414],[8.15252,47.9645],[8.15249,47.96521],[8.1528,47.96565],[8.15248,47.96575],[8.1524,47.96581],[8.15242,47.96617],[8.15232,47.9664],[8.15191,47.96675],[8.15167,47.96686],[8.15121,47.96756],[8.15029,47.96782],[8.14982,47.96813],[8.14954,47.96866],[8.14915,47.96881],[8.14899,47.96904],[8.14884,47.96908],[8.1482,47.9696],[8.14802,47.96967],[8.14793,47.96977],[8.14764,47.96983],[8.14733,47.96979],[8.14712,47.96996],[8.14627,47.97008],[8.14498,47.97006],[8.14442,47.97015],[8.14346,47.97015],[8.14314,47.97005],[8.14223,47.97011],[8.14184,47.97006],[8.14156,47.97011],[8.14086,47.97004],[8.14065,47.97019],[8.14024,47.97025],[8.14009,47.97038],[8.14001,47.97068],[8.13963,47.97095],[8.13964,47.97111],[8.13956,47.97126],[8.13871,47.97189],[8.13678,47.97294],[8.13601,47.97324],[8.13563,47.97425],[8.13513,47.97522],[8.1352,47.97552],[8.13539,47.97577],[8.13533,47.97622],[8.13547,47.97682],[8.13527,47.97727],[8.13526,47.9781],[8.13509,47.97844],[8.13434,47.97911],[8.13418,47.97926],[8.13403,47.97951]]]}},{"type":"Feature","properties":{"id":"schluchsee","name":"Schluchsee"},"geometry":{"type":"Polygon","coordinates":[[[8.16669,47.85739],[8.16615,47.85752],[8.16513,47.8577],[8.16428,47.85759],[8.16327,47.8575],[8.1622,47.85725],[8.16164,47.85704],[8.16037,47.85672],[8.15923,47.85629],[8.1585,47.85617],[8.15822,47.85614],[8.15777,47.85594],[8.15686,47.85573],[8.15603,47.85613],[8.15498,47.85646],[8.15429,47.85631],[8.15409,47.85628],[8.15409,47.85624],[8.15395,47.85604],[8.15358,47.85592],[8.15356,47.85584],[8.1533,47.85581],[8.15326,47.85576],[8.15323,47.85563],[8.15316,47.85553],[8.15306,47.85549],[8.15242,47.85553],[8.15163,47.85533],[8.15134,47.85535],[8.15117,47.85545],[8.15095,47.85545],[8.15079,47.85527],[8.15073,47.85512],[8.15034,47.85492],[8.14997,47.85463],[8.14914,47.85422],[8.14928,47.85389],[8.14846,47.85355],[8.14821,47.85324],[8.14799,47.85312],[8.14814,47.85292],[8.1482,47.85275],[8.14812,47.85266],[8.14818,47.8519],[8.14792,47.85164],[8.14822,47.85096],[8.14839,47.85024],[8.14866,47.84965],[8.14791,47.84926],[8.14728,47.84888],[8.14723,47.84851],[8.14752,47.84743],[8.14828,47.84611],[8.14752,47.84578],[8.14617,47.84471],[8.1457,47.84454],[8.14361,47.8443],[8.14272,47.84403],[8.14231,47.8437],[8.14174,47.84339],[8.1409,47.84277],[8.13977,47.84254],[8.13837,47.84208],[8.13775,47.84169],[8.13705,47.84132],[8.13693,47.84122],[8.13575,47.84122],[8.12846,47.84112],[8.1279,47.84123],[8.12564,47.84168],[8.12338,47.84216],[8.11439,47.8438],[8.10984,47.84462],[8.10754,47.8474],[8.10594,47.84789],[8.1028,47.84847],[8.10206,47.84848],[8.10091,47.84832],[8.09819,47.84839],[8.09704,47.8479],[8.09508,47.84728],[8.09401,47.84727],[8.09252,47.84699],[8.0913,47.84661],[8.09018,47.84656],[8.0888,47.8462],[8.0882,47.84636],[8.08786,47.84661],[8.08717,47.84698],[8.08647,47.84724],[8.08556,47.84769],[8.08477,47.84786],[8.08422,47.8481],[8.08336,47.84825],[8.0822,47.84832],[8.07973,47.84833],[8.07979,47.84813],[8.08,47.84652],[8.08026,47.84587],[8.08039,47.84554],[8.08084,47.84447],[8.08029,47.84343],[8.08069,47.84232],[8.08116,47.84097],[8.08414,47.83951],[8.0864,47.83846],[8.08717,47.83572],[8.0855,47.83091],[8.08577,47.83025],[8.08615,47.82912],[8.08744,47.82739],[8.0883,47.82555],[8.08899,47.82436],[8.08967,47.82196],[8.09115,47.82059],[8.0928,47.81938],[8.09409,47.81813],[8.09355,47.81434],[8.09678,47.81107],[8.09711,47.80895],[8.0988,47.80744],[8.09961,47.80637],[8.09836,47.80531],[8.09923,47.8053],[8.10118,47.80526],[8.10666,47.806],[8.11664,47.80426],[8.12051,47.80179],[8.12456,47.80194],[8.12387,47.79874],[8.12348,47.79723],[8.12281,47.79433],[8.12251,47.79368],[8.11433,47.79352],[8.11489,47.79301],[8.11561,47.79247],[8.11666,47.79137],[8.11748,47.79077],[8.11843,47.79016],[8.11931,47.78972],[8.12011,47.78902],[8.12047,47.7883],[8.1206,47.78822],[8.12095,47.78919],[8.12171,47.78969],[8.12264,47.79044],[8.12374,47.79093],[8.12429,47.79125],[8.12553,47.79152],[8.12706,47.79197],[8.1274,47.79168],[8.12839,47.79178],[8.12976,47.79201],[8.13441,47.78818],[8.13468,47.78722],[8.13485,47.78608],[8.13488,47.78547],[8.1364,47.78569],[8.13793,47.78571],[8.13998,47.78587],[8.14217,47.78616],[8.14391,47.78636],[8.14628,47.78619],[8.14752,47.78342],[8.14856,47.78224],[8.14967,47.78004],[8.15153,47.77766],[8.15266,47.77521],[8.15333,47.77425],[8.1543,47.77269],[8.15599,47.77299],[8.15612,47.77301],[8.15683,47.77317],[8.15767,47.77313],[8.15871,47.77273],[8.15902,47.77264],[8.15974,47.77244],[8.16062,47.77232],[8.16085,47.77348],[8.16095,47.77397],[8.16173,47.77402],[8.16407,47.77414],[8.16479,47.77429],[8.16629,47.77461],[8.16688,47.77476],[8.16757,47.77492],[8.17014,47.77597],[8.17222,47.77757],[8.17192,47.7789],[8.17214,47.77949],[8.17257,47.7806],[8.17295,47.78123],[8.17322,47.78162],[8.17389,47.78145],[8.17424,47.78145],[8.17471,47.78164],[8.17526,47.78186],[8.17592,47.78191],[8.17644,47.78196],[8.17707,47.78194],[8.17747,47.78203],[8.17792,47.7819],[8.1784,47.78197],[8.17876,47.78199],[8.17919,47.78208],[8.17987,47.78237],[8.18052,47.78262],[8.18112,47.78302],[8.18145,47.78316],[8.18173,47.78312],[8.18217,47.78319],[8.18252,47.78313],[8.1829,47.78315],[8.18298,47.78302],[8.18303,47.78295],[8.18306,47.78292],[8.18311,47.78289],[8.18319,47.78285],[8.1833,47.78281],[8.1838,47.78265],[8.1839,47.78262],[8.18402,47.78256],[8.18409,47.78251],[8.18414,47.78246],[8.18426,47.78228],[8.18441,47.78205],[8.18442,47.78201],[8.18442,47.78198],[8.1844,47.78194],[8.18437,47.78191],[8.18415,47.78176],[8.18411,47.78173],[8.18409,47.78169],[8.18408,47.78167],[8.18408,47.78165],[8.18409,47.78161],[8.18414,47.78153],[8.18414,47.78149],[8.18409,47.78139],[8.18404,47.78131],[8.18387,47.78099],[8.18386,47.78092],[8.18387,47.78079],[8.18387,47.78075],[8.18384,47.78071],[8.18381,47.78069],[8.18376,47.78063],[8.18369,47.78054],[8.18365,47.78044],[8.18364,47.78036],[8.18365,47.78032],[8.18367,47.78028],[8.18384,47.78002],[8.18398,47.77983],[8.18402,47.77975],[8.18407,47.77966],[8.18407,47.77962],[8.18407,47.77959],[8.18404,47.77948],[8.18402,47.77943],[8.18392,47.77925],[8.18387,47.77919],[8.18364,47.77893],[8.18359,47.77887],[8.18356,47.7788],[8.18353,47.77869],[8.18351,47.77856],[8.18353,47.77832],[8.18353,47.77826],[8.18351,47.77823],[8.18349,47.77821],[8.1834,47.77816],[8.18337,47.77811],[8.18337,47.77808],[8.18337,47.77795],[8.18337,47.77789],[8.18335,47.77784],[8.18332,47.77778],[8.18303,47.77739],[8.183,47.77734],[8.18298,47.77729],[8.18296,47.77722],[8.18296,47.77715],[8.18297,47.77709],[8.18299,47.777],[8.18302,47.77695],[8.18308,47.77688],[8.18315,47.77682],[8.18322,47.77678],[8.18357,47.77667],[8.18369,47.77662],[8.1838,47.77657],[8.18397,47.77648],[8.18402,47.77645],[8.18407,47.77641],[8.18411,47.77638],[8.18473,47.77603],[8.18478,47.77601],[8.18485,47.77595],[8.18493,47.77588],[8.18499,47.77581],[8.18503,47.77576],[8.18505,47.77572],[8.18515,47.77545],[8.18515,47.77538],[8.18513,47.77532],[8.1851,47.77528],[8.18507,47.77524],[8.18492,47.77514],[8.18481,47.77507],[8.18474,47.77501],[8.18471,47.77498],[8.18468,47.77493],[8.18465,47.77478],[8.18463,47.77473],[8.18457,47.77464],[8.18449,47.77456],[8.1844,47.7745],[8.18384,47.77417],[8.18377,47.77412],[8.18374,47.77407],[8.18372,47.77402],[8.18372,47.77394],[8.18373,47.7739],[8.18375,47.77385],[8.18378,47.77381],[8.18383,47.77376],[8.18389,47.77372],[8.18393,47.77369],[8.18402,47.77368],[8.18406,47.77366],[8.1841,47.77364],[8.18414,47.77362],[8.18425,47.77352],[8.1844,47.77333],[8.18443,47.77329],[8.18445,47.77325],[8.18451,47.77304],[8.18452,47.77289],[8.18453,47.77285],[8.18454,47.77282],[8.18457,47.77279],[8.18465,47.77272],[8.18469,47.77269],[8.1848,47.77261],[8.18487,47.77255],[8.18514,47.77228],[8.18522,47.7722],[8.18528,47.77211],[8.18534,47.77202],[8.18543,47.77185],[8.18547,47.77176],[8.18548,47.77173],[8.18551,47.7717],[8.18555,47.77167],[8.18564,47.77162],[8.18574,47.77157],[8.18581,47.77154],[8.18587,47.77153],[8.18593,47.77152],[8.18599,47.77152],[8.18605,47.77153],[8.18609,47.77153],[8.18616,47.77151],[8.18621,47.77148],[8.18623,47.77146],[8.18628,47.77141],[8.18635,47.7713],[8.18648,47.77101],[8.18649,47.77094],[8.18649,47.77088],[8.18647,47.77085],[8.18645,47.77082],[8.18635,47.77076],[8.18632,47.77072],[8.18628,47.77066],[8.18623,47.77053],[8.18617,47.77044],[8.18579,47.76999],[8.18566,47.76986],[8.18559,47.76977],[8.18551,47.76963],[8.18546,47.76954],[8.18537,47.76925],[8.18535,47.7692],[8.18528,47.7691],[8.1851,47.76891],[8.18507,47.76887],[8.18504,47.7688],[8.18504,47.76876],[8.18506,47.76867],[8.18511,47.76853],[8.18514,47.76849],[8.1854,47.76821],[8.18594,47.76773],[8.18606,47.76764],[8.18614,47.76759],[8.18622,47.76755],[8.18639,47.76748],[8.18654,47.76744],[8.18669,47.76741],[8.18685,47.7674],[8.18694,47.7674],[8.18704,47.76741],[8.18733,47.76745],[8.1877,47.76752],[8.18816,47.76766],[8.1886,47.76781],[8.18873,47.76788],[8.18896,47.7679],[8.18941,47.76802],[8.18955,47.76804],[8.18963,47.76804],[8.19,47.768],[8.19023,47.76794],[8.19066,47.7678],[8.19089,47.76762],[8.19102,47.76743],[8.19115,47.76718],[8.19127,47.76681],[8.19156,47.7664],[8.19171,47.76612],[8.19178,47.76579],[8.19178,47.76555],[8.19203,47.76518],[8.19232,47.76457],[8.19257,47.76372],[8.19281,47.76345],[8.19282,47.76321],[8.19254,47.76301],[8.19194,47.76286],[8.19106,47.76275],[8.19066,47.76265],[8.19035,47.76245],[8.18991,47.76188],[8.18916,47.76131],[8.18912,47.76104],[8.18918,47.76093],[8.1898,47.76052],[8.19027,47.76017],[8.19091,47.7596],[8.19104,47.75947],[8.19111,47.75938],[8.19117,47.75929],[8.19121,47.75922],[8.19124,47.75914],[8.19125,47.75908],[8.19125,47.75904],[8.19124,47.759],[8.19111,47.75868],[8.19102,47.75858],[8.19085,47.75843],[8.19068,47.75834],[8.19045,47.75815],[8.19023,47.75783],[8.19021,47.75767],[8.19011,47.75739],[8.18998,47.75716],[8.1895,47.75669],[8.18904,47.75642],[8.18888,47.75625],[8.18877,47.7561],[8.18859,47.75575],[8.1886,47.75571],[8.18864,47.75564],[8.18875,47.75555],[8.18895,47.75542],[8.18909,47.75536],[8.18931,47.75522],[8.18947,47.75514],[8.18963,47.75503],[8.18972,47.75497],[8.18982,47.75487],[8.1899,47.75474],[8.18997,47.75459],[8.18999,47.75449],[8.1901,47.75413],[8.19017,47.75403],[8.19025,47.75395],[8.19042,47.75388],[8.19049,47.75386],[8.191,47.75372],[8.19105,47.7537],[8.19139,47.75357],[8.19156,47.75346],[8.19164,47.75338],[8.19164,47.75318],[8.19162,47.75311],[8.19162,47.75308],[8.19164,47.75299],[8.19169,47.75285],[8.1918,47.75271],[8.19192,47.75256],[8.19192,47.7524],[8.19192,47.7523],[8.19189,47.7522],[8.19187,47.75215],[8.19182,47.752],[8.19176,47.75188],[8.1917,47.75178],[8.19159,47.75171],[8.19144,47.75165],[8.191,47.75137],[8.19058,47.75109],[8.19043,47.75088],[8.19041,47.75083],[8.19049,47.75046],[8.19081,47.75012],[8.19094,47.74996],[8.19102,47.74986],[8.19117,47.74957],[8.19137,47.74912],[8.19196,47.74828],[8.19215,47.74812],[8.19233,47.74805],[8.19253,47.74791],[8.19303,47.74744],[8.19371,47.74842],[8.19424,47.74934],[8.19513,47.75045],[8.19614,47.75161],[8.19565,47.75228],[8.19505,47.75299],[8.19471,47.75325],[8.19405,47.75363],[8.19317,47.7542],[8.19221,47.75469],[8.19298,47.75679],[8.19418,47.7599],[8.19416,47.76074],[8.1942,47.76115],[8.19429,47.7614],[8.19443,47.76226],[8.19489,47.76279],[8.19596,47.76261],[8.19722,47.76233],[8.19959,47.76184],[8.20129,47.76174],[8.20375,47.76199],[8.2075,47.76321],[8.2092,47.76386],[8.2105,47.76455],[8.21286,47.7644],[8.21615,47.76446],[8.2174,47.7644],[8.21913,47.76448],[8.21965,47.76454],[8.22107,47.76444],[8.22244,47.76445],[8.22295,47.76438],[8.22431,47.76404],[8.22517,47.76388],[8.22575,47.7637],[8.22644,47.76334],[8.22678,47.76321],[8.22702,47.76307],[8.22741,47.76268],[8.22784,47.76237],[8.22818,47.76226],[8.22879,47.76222],[8.22945,47.76225],[8.23056,47.76242],[8.23181,47.7628],[8.23179,47.76285],[8.23176,47.76293],[8.23177,47.76308],[8.23161,47.76381],[8.2315,47.764],[8.23134,47.76411],[8.23114,47.76436],[8.23086,47.76465],[8.2305,47.76486],[8.23013,47.76518],[8.22972,47.76544],[8.22944,47.76572],[8.2293,47.7659],[8.22932,47.76615],[8.22916,47.76646],[8.22897,47.76659],[8.22856,47.76673],[8.22826,47.76668],[8.22791,47.76678],[8.22753,47.76672],[8.22633,47.76674],[8.22573,47.76695],[8.22478,47.76707],[8.22338,47.76755],[8.22292,47.76758],[8.22242,47.76754],[8.22173,47.76765],[8.22103,47.76792],[8.22033,47.76794],[8.21971,47.7678],[8.21924,47.76745],[8.21884,47.76728],[8.21832,47.76678],[8.21781,47.76673],[8.21709,47.76675],[8.21681,47.76692],[8.21693,47.76734],[8.21715,47.76789],[8.21723,47.76901],[8.21728,47.77133],[8.21701,47.77307],[8.21525,47.77415],[8.21325,47.77603],[8.2117,47.77673],[8.21307,47.77891],[8.21241,47.7802],[8.21132,47.78115],[8.21014,47.7821],[8.20713,47.7854],[8.20833,47.78687],[8.21061,47.78831],[8.21215,47.78947],[8.21266,47.79037],[8.21277,47.79088],[8.21298,47.79121],[8.21382,47.79167],[8.21394,47.79194],[8.21412,47.79253],[8.21473,47.79287],[8.215,47.79421],[8.21484,47.79433],[8.21482,47.79456],[8.21491,47.79473],[8.21532,47.79488],[8.21559,47.79484],[8.21585,47.79488],[8.21622,47.79474],[8.21644,47.79464],[8.21702,47.79445],[8.21714,47.79447],[8.21746,47.79459],[8.21829,47.79449],[8.21847,47.79449],[8.21869,47.79444],[8.21934,47.79416],[8.21979,47.79403],[8.22,47.79389],[8.22024,47.79381],[8.22035,47.79372],[8.22059,47.79366],[8.22076,47.7935],[8.22094,47.79341],[8.22116,47.79339],[8.22127,47.79334],[8.22139,47.79332],[8.22181,47.79333],[8.22247,47.79328],[8.2227,47.79332],[8.22284,47.79339],[8.22304,47.79345],[8.22315,47.79361],[8.22325,47.79368],[8.22395,47.79373],[8.2245,47.79388],[8.22479,47.7941],[8.22497,47.79411],[8.22526,47.79421],[8.22559,47.79424],[8.22561,47.79433],[8.22586,47.79442],[8.22595,47.79449],[8.22607,47.79451],[8.22608,47.79456],[8.22618,47.79465],[8.22622,47.79465],[8.22629,47.79459],[8.22637,47.7946],[8.22653,47.79473],[8.22663,47.79473],[8.22674,47.79496],[8.22686,47.79498],[8.22693,47.7951],[8.22699,47.79512],[8.22703,47.79509],[8.22716,47.79518],[8.22658,47.79533],[8.22657,47.7954],[8.22603,47.79567],[8.22487,47.79603],[8.22441,47.79636],[8.22335,47.79685],[8.22251,47.79736],[8.2217,47.79775],[8.2209,47.79836],[8.21944,47.79958],[8.21936,47.79971],[8.21933,47.80005],[8.21997,47.80081],[8.22026,47.80138],[8.22036,47.80191],[8.22086,47.8026],[8.2211,47.80326],[8.22147,47.80375],[8.22175,47.80453],[8.22171,47.80522],[8.22191,47.80627],[8.22209,47.80773],[8.22206,47.80852],[8.22142,47.80918],[8.22066,47.80982],[8.21993,47.81072],[8.21829,47.81199],[8.21717,47.81273],[8.21436,47.81474],[8.21253,47.81646],[8.21144,47.81802],[8.21133,47.81856],[8.21097,47.81944],[8.20941,47.8209],[8.20964,47.82235],[8.21213,47.82372],[8.21393,47.8243],[8.21404,47.82433],[8.21433,47.82427],[8.21468,47.82433],[8.21481,47.82449],[8.21488,47.82454],[8.21498,47.82457],[8.21531,47.82459],[8.21553,47.8247],[8.21584,47.82474],[8.21595,47.82474],[8.21611,47.82478],[8.21622,47.82484],[8.2163,47.82486],[8.21647,47.82485],[8.21671,47.8249],[8.2168,47.82495],[8.21713,47.82503],[8.21752,47.82509],[8.21764,47.82504],[8.21776,47.82504],[8.21817,47.82487],[8.21839,47.82481],[8.2187,47.8248],[8.21912,47.8248],[8.21961,47.82469],[8.21976,47.82467],[8.22001,47.82468],[8.22017,47.82464],[8.22068,47.82444],[8.22106,47.82413],[8.22146,47.82376],[8.22157,47.82375],[8.22178,47.8237],[8.22224,47.82352],[8.2225,47.82346],[8.22278,47.82334],[8.22296,47.82336],[8.22313,47.82334],[8.22354,47.82335],[8.22391,47.82317],[8.22424,47.82314],[8.2244,47.82308],[8.22458,47.82309],[8.22513,47.82286],[8.22562,47.82272],[8.22575,47.82265],[8.22598,47.82268],[8.22639,47.82267],[8.2265,47.82264],[8.22749,47.82275],[8.22796,47.82285],[8.22829,47.82295],[8.22843,47.82294],[8.22861,47.82308],[8.22894,47.82318],[8.22902,47.82326],[8.22938,47.82347],[8.22958,47.82366],[8.22982,47.82368],[8.22992,47.82381],[8.23012,47.82383],[8.23038,47.82399],[8.2306,47.824],[8.23095,47.82414],[8.23119,47.82431],[8.23136,47.8245],[8.23154,47.82457],[8.2319,47.82477],[8.23207,47.82484],[8.23264,47.82485],[8.23274,47.82489],[8.23292,47.82488],[8.23321,47.82494],[8.23345,47.82488],[8.23366,47.82493],[8.23436,47.82482],[8.23462,47.82486],[8.23487,47.82479],[8.23405,47.8253],[8.23355,47.82602],[8.23345,47.82655],[8.23242,47.82774],[8.23175,47.82862],[8.23142,47.82949],[8.23113,47.82984],[8.23098,47.83009],[8.23079,47.83087],[8.23093,47.83122],[8.23107,47.83142],[8.2308,47.83213],[8.22943,47.83248],[8.22867,47.8324],[8.22774,47.83237],[8.22746,47.83299],[8.22458,47.83289],[8.22015,47.83295],[8.21901,47.8334],[8.21661,47.83364],[8.21524,47.83403],[8.21335,47.8345],[8.21166,47.83489],[8.21067,47.83508],[8.20973,47.83544],[8.20612,47.83751],[8.20327,47.83866],[8.20128,47.83986],[8.20013,47.84031],[8.19868,47.84081],[8.20189,47.84164],[8.20274,47.84231],[8.20286,47.84283],[8.20343,47.84377],[8.20349,47.84388],[8.20355,47.84413],[8.20376,47.84427],[8.20386,47.8444],[8.20397,47.84448],[8.20423,47.84451],[8.2045,47.84449],[8.20462,47.84455],[8.20471,47.84472],[8.20472,47.84492],[8.20477,47.84511],[8.20374,47.84556],[8.20202,47.84597],[8.19952,47.84559],[8.19726,47.84558],[8.19693,47.84639],[8.19468,47.84724],[8.19216,47.84777],[8.19196,47.84755],[8.19174,47.84742],[8.19062,47.84707],[8.19018,47.84688],[8.18989,47.8467],[8.18967,47.84661],[8.18943,47.84648],[8.18792,47.84699],[8.18681,47.84765],[8.18675,47.84817],[8.18507,47.84951],[8.18243,47.85046],[8.18178,47.85059],[8.18193,47.85119],[8.18258,47.85202],[8.18251,47.85276],[8.18254,47.85355],[8.18263,47.8546],[8.17997,47.85725],[8.17973,47.85776],[8.17937,47.85783],[8.17732,47.85798],[8.17515,47.85755],[8.17297,47.85773],[8.17165,47.85781],[8.17044,47.85794],[8.16669,47.85739]]]}},{"type":"Feature","properties":{"id":"hinterzarten","name":"Hinterzarten"},"geometry":{"type":"Polygon","coordinates":[[[8.02397,47.88495],[8.02438,47.8844],[8.02494,47.88413],[8.02536,47.88386],[8.0253,47.88362],[8.0251,47.88283],[8.02448,47.88264],[8.02435,47.8826],[8.02401,47.8825],[8.02327,47.88177],[8.02306,47.88154],[8.02263,47.88108],[8.02218,47.88064],[8.02173,47.88022],[8.02182,47.87986],[8.02194,47.87938],[8.0223,47.87873],[8.02289,47.87761],[8.02317,47.87726],[8.02387,47.87636],[8.02391,47.87515],[8.02392,47.87479],[8.02418,47.87391],[8.02435,47.87317],[8.0244,47.87269],[8.02469,47.872],[8.02495,47.87089],[8.02648,47.8719],[8.02765,47.87268],[8.02873,47.87292],[8.02969,47.87319],[8.03093,47.87352],[8.03182,47.87378],[8.03295,47.87399],[8.0342,47.87432],[8.03451,47.87441],[8.03533,47.87465],[8.03601,47.87486],[8.0363,47.87531],[8.03644,47.87555],[8.03674,47.87577],[8.03707,47.87602],[8.03717,47.87608],[8.03741,47.87665],[8.03734,47.87683],[8.03723,47.87717],[8.03704,47.87767],[8.037,47.87811],[8.03704,47.87848],[8.03702,47.87892],[8.03682,47.87951],[8.03686,47.87978],[8.03691,47.88009],[8.03692,47.88013],[8.0369,47.88018],[8.03694,47.88022],[8.03705,47.88027],[8.03708,47.88031],[8.03711,47.88036],[8.03714,47.88044],[8.03719,47.88049],[8.03727,47.88056],[8.03737,47.88059],[8.03751,47.88058],[8.0377,47.88063],[8.03782,47.88064],[8.03791,47.8806],[8.03802,47.88062],[8.03814,47.8806],[8.03822,47.88062],[8.03833,47.88061],[8.03848,47.88057],[8.03862,47.88058],[8.03874,47.88053],[8.0391,47.88048],[8.0392,47.88045],[8.03934,47.88047],[8.03947,47.88046],[8.03961,47.88046],[8.03977,47.88053],[8.0399,47.88053],[8.03998,47.88056],[8.04008,47.88061],[8.04016,47.88067],[8.04023,47.88065],[8.04029,47.88063],[8.04049,47.88061],[8.04053,47.88057],[8.04059,47.88056],[8.04068,47.88058],[8.04078,47.88056],[8.04091,47.88052],[8.04106,47.88051],[8.04116,47.88049],[8.04135,47.88048],[8.04145,47.88049],[8.04152,47.88047],[8.04167,47.88036],[8.04173,47.88035],[8.04177,47.88031],[8.04201,47.88006],[8.0424,47.87966],[8.04279,47.87906],[8.04301,47.87839],[8.04332,47.87802],[8.04363,47.87764],[8.04443,47.87666],[8.04514,47.87651],[8.04544,47.87629],[8.04592,47.87594],[8.0466,47.87573],[8.04693,47.87554],[8.04737,47.87529],[8.04715,47.8749],[8.04689,47.87443],[8.04619,47.87392],[8.04523,47.87323],[8.04472,47.87268],[8.04457,47.87252],[8.04406,47.87199],[8.04375,47.87169],[8.04347,47.87142],[8.04267,47.87067],[8.04258,47.8706],[8.04255,47.87056],[8.04253,47.87055],[8.04288,47.87041],[8.04299,47.8703],[8.04325,47.87026],[8.04343,47.87021],[8.04355,47.87012],[8.0437,47.87008],[8.0439,47.87009],[8.044,47.87009],[8.04406,47.87004],[8.04416,47.86997],[8.04427,47.86994],[8.04443,47.8699],[8.04475,47.86986],[8.04486,47.86986],[8.04503,47.86986],[8.04513,47.86986],[8.04523,47.86987],[8.04543,47.86984],[8.04548,47.86983],[8.04554,47.86981],[8.04561,47.86979],[8.04576,47.86978],[8.04588,47.86979],[8.04594,47.86984],[8.04609,47.86989],[8.04627,47.8699],[8.04635,47.86998],[8.04644,47.87007],[8.04661,47.87009],[8.04667,47.87009],[8.04696,47.87011],[8.0472,47.87015],[8.04737,47.87031],[8.04798,47.87029],[8.04837,47.87043],[8.04852,47.87047],[8.0488,47.87044],[8.04917,47.87074],[8.04932,47.87092],[8.04966,47.87088],[8.04974,47.87093],[8.04987,47.87098],[8.05007,47.87102],[8.05017,47.87113],[8.05036,47.87124],[8.05052,47.87132],[8.05073,47.87134],[8.05086,47.87136],[8.05117,47.87132],[8.05136,47.87117],[8.0516,47.8712],[8.05219,47.87117],[8.05241,47.87118],[8.05249,47.8712],[8.05268,47.87115],[8.05279,47.87102],[8.05291,47.87094],[8.05298,47.8709],[8.05311,47.87082],[8.05322,47.8708],[8.05336,47.87081],[8.05349,47.8708],[8.05355,47.8708],[8.0536,47.87068],[8.05367,47.87064],[8.05385,47.87063],[8.05395,47.87056],[8.05397,47.87038],[8.05408,47.87026],[8.05408,47.87019],[8.05414,47.87012],[8.05422,47.87009],[8.05421,47.87001],[8.05417,47.86997],[8.05415,47.86991],[8.05416,47.86982],[8.05411,47.86973],[8.05409,47.86959],[8.05408,47.86951],[8.05396,47.8694],[8.05397,47.86937],[8.05407,47.86933],[8.05411,47.86924],[8.05425,47.8692],[8.05431,47.86917],[8.05437,47.86913],[8.05443,47.86899],[8.05446,47.86892],[8.05458,47.86886],[8.05471,47.86879],[8.05484,47.86876],[8.05499,47.86873],[8.05518,47.86874],[8.05528,47.86868],[8.05534,47.86855],[8.05539,47.86851],[8.05555,47.86843],[8.05566,47.86842],[8.05585,47.86837],[8.05595,47.86832],[8.05615,47.86822],[8.05639,47.86805],[8.05647,47.868],[8.05675,47.86792],[8.05688,47.86791],[8.05704,47.86787],[8.0571,47.86786],[8.05723,47.86783],[8.05735,47.86781],[8.05751,47.86787],[8.0576,47.86789],[8.05768,47.86792],[8.05781,47.86791],[8.058,47.86783],[8.05813,47.8678],[8.0583,47.86778],[8.05837,47.86784],[8.05845,47.86789],[8.05858,47.8679],[8.05865,47.86792],[8.05878,47.86794],[8.05884,47.86791],[8.05901,47.86785],[8.05908,47.86779],[8.05921,47.86775],[8.05935,47.86776],[8.05952,47.86775],[8.0596,47.86776],[8.05972,47.86777],[8.0598,47.86776],[8.05986,47.86779],[8.05987,47.86785],[8.05991,47.86787],[8.06007,47.8679],[8.0602,47.86793],[8.06027,47.86795],[8.06033,47.86795],[8.0604,47.86794],[8.06059,47.86791],[8.0607,47.86794],[8.06081,47.86792],[8.06094,47.86791],[8.06103,47.86791],[8.06111,47.86792],[8.06121,47.86795],[8.06144,47.86798],[8.06148,47.86798],[8.06161,47.86805],[8.06173,47.86811],[8.06178,47.86816],[8.06189,47.86823],[8.06205,47.8683],[8.06214,47.86832],[8.06227,47.86833],[8.06253,47.86836],[8.0626,47.86836],[8.0627,47.86838],[8.06287,47.86839],[8.06294,47.86838],[8.06307,47.86834],[8.06327,47.86837],[8.06352,47.86843],[8.06373,47.86847],[8.06387,47.86849],[8.06399,47.86855],[8.0641,47.86862],[8.06416,47.86869],[8.06415,47.86874],[8.06423,47.86882],[8.06433,47.86889],[8.06454,47.86895],[8.0647,47.86897],[8.0649,47.86899],[8.06505,47.86904],[8.06514,47.86904],[8.06531,47.86901],[8.06556,47.86899],[8.06563,47.86897],[8.06572,47.86894],[8.06583,47.8689],[8.06602,47.86891],[8.06625,47.86897],[8.06645,47.86898],[8.06664,47.86899],[8.06686,47.86901],[8.06701,47.86904],[8.06717,47.86911],[8.06751,47.86922],[8.06755,47.86932],[8.06757,47.86943],[8.06761,47.86954],[8.06769,47.8696],[8.06782,47.86966],[8.06787,47.86972],[8.06798,47.86979],[8.06813,47.86986],[8.0682,47.86997],[8.0683,47.87006],[8.06831,47.87008],[8.06834,47.87009],[8.06853,47.87012],[8.06877,47.87014],[8.06891,47.87014],[8.0691,47.87016],[8.0693,47.87016],[8.06948,47.8702],[8.06967,47.87026],[8.06989,47.87033],[8.07004,47.87036],[8.07019,47.87035],[8.07023,47.87033],[8.07035,47.87025],[8.07043,47.87016],[8.07059,47.87014],[8.07073,47.87012],[8.07097,47.87008],[8.07113,47.8701],[8.07126,47.87012],[8.07144,47.87016],[8.07157,47.87016],[8.07175,47.87013],[8.07201,47.87005],[8.07215,47.87002],[8.07233,47.86997],[8.07244,47.86992],[8.07256,47.86979],[8.0726,47.86976],[8.07269,47.86971],[8.07302,47.86962],[8.07307,47.86959],[8.07316,47.86952],[8.07327,47.86948],[8.07349,47.86944],[8.07394,47.86938],[8.07407,47.86939],[8.07476,47.86957],[8.07499,47.86958],[8.07518,47.86964],[8.07523,47.86972],[8.07543,47.86976],[8.07566,47.86985],[8.0759,47.87001],[8.07603,47.87012],[8.07614,47.87021],[8.0763,47.8704],[8.0765,47.87064],[8.0766,47.87071],[8.07671,47.87076],[8.07682,47.87082],[8.07684,47.87083],[8.07713,47.87086],[8.07727,47.87085],[8.07747,47.87084],[8.07782,47.87089],[8.078,47.87097],[8.0781,47.87103],[8.07822,47.87103],[8.07834,47.87103],[8.07842,47.87104],[8.07852,47.87102],[8.07862,47.87102],[8.07873,47.87103],[8.07903,47.87108],[8.07919,47.87113],[8.07937,47.87119],[8.07951,47.87126],[8.07969,47.87134],[8.07981,47.87138],[8.07988,47.8714],[8.07995,47.8714],[8.08005,47.8714],[8.08023,47.87139],[8.08034,47.87138],[8.08044,47.87136],[8.08054,47.87135],[8.08062,47.87133],[8.08076,47.87142],[8.08079,47.87148],[8.0808,47.87156],[8.08076,47.87163],[8.08074,47.87168],[8.08068,47.87176],[8.08065,47.87181],[8.08065,47.87183],[8.08066,47.87185],[8.08072,47.87194],[8.08081,47.87205],[8.08092,47.87214],[8.081,47.87224],[8.08109,47.87237],[8.08122,47.87258],[8.08136,47.87274],[8.08154,47.87288],[8.08169,47.87296],[8.08182,47.87297],[8.08192,47.87302],[8.08209,47.87316],[8.08216,47.87322],[8.08228,47.87326],[8.08246,47.87328],[8.08261,47.87329],[8.08271,47.87328],[8.08293,47.87327],[8.08311,47.87327],[8.08331,47.87331],[8.08352,47.87334],[8.08359,47.87336],[8.08381,47.87341],[8.08395,47.87345],[8.08412,47.87349],[8.0843,47.87355],[8.08445,47.87359],[8.08456,47.87363],[8.08463,47.87363],[8.08472,47.87364],[8.08495,47.87366],[8.08508,47.87368],[8.08518,47.87369],[8.08528,47.87369],[8.08541,47.8737],[8.08558,47.87369],[8.08573,47.87366],[8.08583,47.87364],[8.08614,47.87361],[8.08634,47.87362],[8.08649,47.87362],[8.08666,47.87362],[8.08677,47.87361],[8.08694,47.8736],[8.08709,47.87362],[8.08733,47.87368],[8.0875,47.87372],[8.08766,47.87377],[8.08785,47.87383],[8.08802,47.87387],[8.08817,47.8739],[8.08834,47.87398],[8.08845,47.87405],[8.08848,47.87407],[8.08866,47.87416],[8.08888,47.87425],[8.08899,47.8743],[8.08915,47.87435],[8.0893,47.8744],[8.08945,47.87444],[8.08956,47.87447],[8.08965,47.87449],[8.08983,47.87457],[8.08999,47.87467],[8.09009,47.87474],[8.09019,47.87479],[8.09031,47.87485],[8.09049,47.87493],[8.09056,47.87495],[8.09064,47.87499],[8.09084,47.87502],[8.09096,47.87499],[8.09117,47.87496],[8.0914,47.87497],[8.09163,47.87504],[8.09181,47.87509],[8.092,47.87515],[8.09218,47.87518],[8.09238,47.87521],[8.09255,47.87525],[8.09281,47.87534],[8.09291,47.87541],[8.09302,47.87549],[8.09308,47.87556],[8.09313,47.87564],[8.09319,47.87573],[8.09327,47.87581],[8.09338,47.87589],[8.09356,47.87597],[8.09376,47.87613],[8.09385,47.87611],[8.09401,47.87608],[8.09425,47.87607],[8.09444,47.87608],[8.09459,47.87607],[8.09478,47.87602],[8.09493,47.87596],[8.09505,47.87589],[8.09516,47.8758],[8.09525,47.87571],[8.09536,47.87564],[8.0955,47.8756],[8.09566,47.8756],[8.09573,47.87561],[8.09583,47.87562],[8.09593,47.87563],[8.09606,47.87565],[8.09616,47.87567],[8.09636,47.87575],[8.09652,47.87588],[8.09656,47.876],[8.09666,47.87618],[8.09677,47.87627],[8.09687,47.87632],[8.09696,47.87635],[8.09698,47.87638],[8.09702,47.87638],[8.09768,47.87647],[8.0981,47.87654],[8.09844,47.87658],[8.09862,47.87657],[8.09901,47.8766],[8.0992,47.87662],[8.09935,47.87665],[8.0996,47.87668],[8.10001,47.87709],[8.10007,47.87711],[8.10048,47.87718],[8.10072,47.87718],[8.10139,47.87729],[8.10195,47.87746],[8.10229,47.87765],[8.10251,47.87766],[8.10269,47.87769],[8.10319,47.87788],[8.10346,47.87785],[8.10376,47.87788],[8.10397,47.87804],[8.1042,47.87811],[8.10439,47.87812],[8.10452,47.87803],[8.10504,47.87794],[8.10523,47.87794],[8.10557,47.87787],[8.10585,47.87784],[8.10597,47.87775],[8.10616,47.87767],[8.10643,47.87762],[8.10681,47.8776],[8.10725,47.87759],[8.10776,47.87754],[8.1079,47.87747],[8.10809,47.87731],[8.10829,47.87721],[8.10845,47.87723],[8.10869,47.87745],[8.10883,47.8775],[8.10899,47.87752],[8.10968,47.87744],[8.10999,47.8775],[8.11036,47.87772],[8.11065,47.87793],[8.11091,47.87815],[8.11105,47.87832],[8.1113,47.87838],[8.11148,47.87845],[8.11189,47.87874],[8.11243,47.87906],[8.11283,47.87918],[8.1131,47.87916],[8.11334,47.87924],[8.11392,47.87958],[8.11413,47.87977],[8.1145,47.87996],[8.11477,47.88015],[8.1146,47.88093],[8.1149,47.88228],[8.11594,47.88267],[8.11639,47.88315],[8.11688,47.88314],[8.11974,47.88326],[8.11984,47.88322],[8.12064,47.88348],[8.12134,47.8836],[8.12165,47.88359],[8.12175,47.88361],[8.122,47.88372],[8.12202,47.88376],[8.12223,47.88384],[8.12276,47.88392],[8.123,47.88399],[8.12329,47.88433],[8.12362,47.88452],[8.12365,47.88459],[8.12352,47.88491],[8.12352,47.88502],[8.1236,47.88514],[8.12376,47.88519],[8.12399,47.88514],[8.12407,47.88514],[8.12412,47.88518],[8.12424,47.88542],[8.12445,47.88556],[8.12486,47.88519],[8.12539,47.88384],[8.1255,47.88346],[8.12562,47.88324],[8.12621,47.88265],[8.12652,47.88204],[8.12719,47.88191],[8.1275,47.88157],[8.12698,47.88083],[8.12626,47.8793],[8.12627,47.87918],[8.12713,47.87884],[8.1278,47.87883],[8.12811,47.87889],[8.12852,47.87909],[8.12934,47.88003],[8.1334,47.88303],[8.13406,47.88328],[8.13647,47.88377],[8.13811,47.88399],[8.13728,47.8849],[8.1356,47.88732],[8.14525,47.89774],[8.14355,47.89804],[8.14349,47.89805],[8.14261,47.89821],[8.14149,47.89848],[8.14013,47.89897],[8.13757,47.9003],[8.13573,47.90041],[8.13426,47.90068],[8.13373,47.90072],[8.13261,47.90585],[8.13151,47.9057],[8.13076,47.90559],[8.13,47.90557],[8.12883,47.90555],[8.12797,47.90527],[8.1277,47.90521],[8.12766,47.90521],[8.12709,47.90518],[8.12633,47.90528],[8.12635,47.90527],[8.12545,47.90545],[8.12514,47.90553],[8.12372,47.90608],[8.12299,47.90636],[8.12125,47.90709],[8.12044,47.90742],[8.12052,47.90748],[8.12025,47.90762],[8.11983,47.90783],[8.11889,47.90828],[8.11714,47.90914],[8.11507,47.90996],[8.11354,47.9108],[8.11264,47.9112],[8.11084,47.91173],[8.1095,47.91212],[8.10877,47.9122],[8.10647,47.91237],[8.10623,47.91238],[8.10555,47.91239],[8.10561,47.91282],[8.10579,47.9134],[8.10596,47.91398],[8.10642,47.9157],[8.10444,47.91655],[8.10227,47.9159],[8.1022,47.91588],[8.10041,47.91507],[8.09905,47.9144],[8.09846,47.91405],[8.09789,47.91371],[8.0977,47.91361],[8.0973,47.91336],[8.09725,47.91333],[8.09565,47.91231],[8.09524,47.91217],[8.09341,47.91106],[8.09324,47.91093],[8.09303,47.91104],[8.09279,47.91118],[8.09263,47.91124],[8.0925,47.91126],[8.09226,47.91137],[8.09205,47.91141],[8.09194,47.91151],[8.09173,47.91164],[8.0916,47.91168],[8.09131,47.91168],[8.09117,47.91171],[8.09095,47.91185],[8.09088,47.9119],[8.09069,47.91192],[8.09058,47.91188],[8.09043,47.91194],[8.09039,47.91196],[8.0903,47.91203],[8.09015,47.91202],[8.09007,47.91198],[8.08998,47.9119],[8.08957,47.91181],[8.08952,47.91176],[8.08946,47.91173],[8.08939,47.91171],[8.08929,47.91171],[8.08902,47.91174],[8.08881,47.91169],[8.08866,47.91162],[8.08851,47.91154],[8.08846,47.91149],[8.08833,47.91145],[8.08818,47.91146],[8.08817,47.91146],[8.08797,47.91152],[8.08787,47.91157],[8.08765,47.9116],[8.08744,47.91171],[8.0874,47.9118],[8.08733,47.91191],[8.08722,47.91195],[8.08707,47.91197],[8.08707,47.91198],[8.08703,47.912],[8.087,47.91203],[8.08697,47.91206],[8.08688,47.91209],[8.08677,47.91214],[8.08646,47.91219],[8.08639,47.9122],[8.08621,47.91222],[8.08601,47.91224],[8.08593,47.91226],[8.08584,47.91229],[8.08572,47.91227],[8.08552,47.91224],[8.08531,47.91221],[8.08499,47.91229],[8.08467,47.91236],[8.08451,47.91244],[8.08441,47.91252],[8.08433,47.91257],[8.08425,47.91261],[8.08424,47.91261],[8.08407,47.91267],[8.08399,47.91271],[8.08399,47.91272],[8.08398,47.91278],[8.08396,47.91285],[8.08397,47.9129],[8.08393,47.91294],[8.08385,47.91298],[8.08354,47.91304],[8.08333,47.91307],[8.08315,47.91308],[8.08298,47.91307],[8.08266,47.91301],[8.08221,47.9129],[8.08217,47.91288],[8.0822,47.91279],[8.08253,47.91192],[8.08231,47.9098],[8.07913,47.90951],[8.07841,47.90925],[8.07817,47.90909],[8.07813,47.90908],[8.07809,47.90909],[8.07789,47.90912],[8.07609,47.90952],[8.07542,47.90966],[8.07468,47.91001],[8.07394,47.91054],[8.07351,47.9108],[8.07316,47.91102],[8.07272,47.91135],[8.07228,47.91165],[8.0715,47.91214],[8.07043,47.9133],[8.07012,47.91355],[8.06817,47.91401],[8.06516,47.91415],[8.06515,47.91415],[8.06416,47.91443],[8.06392,47.91448],[8.06249,47.91484],[8.06161,47.91506],[8.06048,47.91526],[8.05951,47.9155],[8.05884,47.91566],[8.05699,47.91601],[8.05648,47.91628],[8.05562,47.91682],[8.05556,47.91685],[8.05466,47.91716],[8.05376,47.91717],[8.0526,47.91762],[8.05232,47.91765],[8.05122,47.91747],[8.05019,47.91746],[8.04947,47.91765],[8.04896,47.91783],[8.04835,47.91769],[8.04831,47.91755],[8.04645,47.91758],[8.04584,47.9178],[8.04554,47.91786],[8.04496,47.91781],[8.04338,47.91778],[8.04256,47.91785],[8.0414,47.91763],[8.04095,47.9177],[8.04067,47.91771],[8.03937,47.91795],[8.03871,47.9179],[8.03741,47.91841],[8.03662,47.91882],[8.03535,47.91891],[8.0346,47.9192],[8.03316,47.91924],[8.03062,47.91963],[8.02752,47.91874],[8.02765,47.91842],[8.02779,47.91819],[8.02801,47.91795],[8.02828,47.91701],[8.02836,47.91573],[8.02924,47.9136],[8.03126,47.91282],[8.03348,47.91136],[8.03688,47.9082],[8.03979,47.90082],[8.03784,47.8972],[8.03604,47.89614],[8.03584,47.89593],[8.03527,47.89536],[8.03468,47.89455],[8.03434,47.89362],[8.03398,47.89336],[8.03264,47.89285],[8.03192,47.89289],[8.03178,47.89289],[8.03162,47.8929],[8.03129,47.89292],[8.03099,47.89293],[8.03051,47.89296],[8.03024,47.89297],[8.02934,47.89302],[8.02896,47.89304],[8.02839,47.89292],[8.02805,47.89285],[8.02788,47.89281],[8.02743,47.89264],[8.02712,47.89253],[8.0267,47.89237],[8.02642,47.89226],[8.02607,47.89213],[8.0255,47.89191],[8.02517,47.89179],[8.02484,47.88901],[8.02459,47.88718],[8.02444,47.88697],[8.02381,47.88609],[8.02367,47.88559],[8.02359,47.88545],[8.0235,47.88529],[8.0238,47.88507],[8.02397,47.88495]]]}},{"type":"Feature","properties":{"id":"feldberg","name":"Feldberg (Schwarzwald)"},"geometry":{"type":"Polygon","coordinates":[[[8.03734,47.87683],[8.03741,47.87665],[8.03717,47.87608],[8.03707,47.87602],[8.03674,47.87577],[8.03644,47.87555],[8.0363,47.87531],[8.03601,47.87486],[8.03533,47.87465],[8.03451,47.87441],[8.0342,47.87432],[8.03295,47.87399],[8.03182,47.87378],[8.03093,47.87352],[8.02969,47.87319],[8.02873,47.87292],[8.02765,47.87268],[8.02648,47.8719],[8.02495,47.87089],[8.02469,47.872],[8.0244,47.87269],[8.02435,47.87317],[8.02418,47.87391],[8.02392,47.87479],[8.02391,47.87515],[8.02387,47.87636],[8.02317,47.87726],[8.02289,47.87761],[8.0223,47.87873],[8.02194,47.87938],[8.02182,47.87986],[8.02173,47.88022],[8.02218,47.88064],[8.02263,47.88108],[8.02306,47.88154],[8.02327,47.88177],[8.02401,47.8825],[8.02435,47.8826],[8.02448,47.88264],[8.0251,47.88283],[8.0253,47.88362],[8.02536,47.88386],[8.02494,47.88413],[8.02438,47.8844],[8.02397,47.88495],[8.02391,47.88492],[8.0236,47.88473],[8.02262,47.88414],[8.02186,47.88355],[8.02115,47.88322],[8.02048,47.88293],[8.01958,47.88253],[8.01897,47.88226],[8.01841,47.88212],[8.01729,47.88182],[8.01669,47.88166],[8.01644,47.88176],[8.01622,47.88186],[8.01567,47.88196],[8.01471,47.88213],[8.01444,47.88121],[8.01426,47.88047],[8.01414,47.88],[8.01401,47.87949],[8.01328,47.87956],[8.01249,47.87962],[8.01181,47.87944],[8.01104,47.87942],[8.01049,47.87939],[8.00991,47.87942],[8.0093,47.87943],[8.00938,47.87887],[8.00902,47.87856],[8.00819,47.87845],[8.00746,47.87828],[8.00672,47.87843],[8.00628,47.87891],[8.00602,47.87897],[8.00543,47.87885],[8.00481,47.87913],[8.00428,47.87936],[8.00368,47.87956],[8.00311,47.8799],[8.00246,47.88018],[8.00197,47.88071],[8.00127,47.88089],[8.00063,47.881],[7.99954,47.88071],[7.99889,47.88101],[7.99764,47.88113],[7.99649,47.88108],[7.99644,47.88085],[7.99634,47.88039],[7.99622,47.87986],[7.9961,47.87924],[7.99588,47.8784],[7.99667,47.87779],[7.99616,47.87665],[7.99594,47.87619],[7.99564,47.87556],[7.99525,47.8747],[7.99474,47.87359],[7.99471,47.87266],[7.99467,47.87166],[7.99403,47.87174],[7.99312,47.87185],[7.99181,47.872],[7.99081,47.87212],[7.99062,47.87172],[7.99049,47.87143],[7.98914,47.87095],[7.98809,47.87057],[7.98752,47.86974],[7.9875,47.86895],[7.9869,47.86865],[7.98604,47.86823],[7.98697,47.86697],[7.98494,47.8669],[7.98371,47.86687],[7.98396,47.86565],[7.98425,47.86533],[7.98677,47.8657],[7.9884,47.86609],[7.99167,47.86687],[7.99549,47.86637],[7.99809,47.86572],[7.99839,47.86568],[7.99912,47.86547],[8.00002,47.86528],[8.00037,47.86539],[8.00225,47.86599],[8.00363,47.86643],[8.00408,47.86659],[8.00545,47.86671],[8.00812,47.86603],[8.00908,47.86642],[8.0097,47.86648],[8.01053,47.86642],[8.01257,47.86612],[8.01324,47.86577],[8.01388,47.86546],[8.01489,47.86498],[8.01597,47.86475],[8.01725,47.86389],[8.01762,47.86311],[8.01862,47.86197],[8.0187,47.86187],[8.01925,47.8609],[8.01907,47.86033],[8.0206,47.86025],[8.02241,47.85988],[8.02213,47.8575],[8.02213,47.85748],[8.02211,47.85734],[8.02174,47.85736],[8.02149,47.85746],[8.0213,47.85744],[8.02078,47.85665],[8.01972,47.85683],[8.01972,47.85645],[8.01998,47.85578],[8.02004,47.85495],[8.02002,47.85428],[8.01994,47.85359],[8.02007,47.85319],[8.02073,47.85241],[8.02073,47.85211],[8.02074,47.85179],[8.01522,47.85069],[8.01441,47.84997],[8.01177,47.84752],[8.00916,47.84713],[8.00779,47.84523],[8.00941,47.84431],[8.00958,47.84553],[8.01393,47.84589],[8.0171,47.84628],[8.01852,47.84624],[8.01828,47.84397],[8.01827,47.84392],[8.01814,47.84238],[8.0186,47.84177],[8.0189,47.84134],[8.01923,47.84137],[8.0201,47.84145],[8.02075,47.84155],[8.02095,47.84192],[8.02157,47.84243],[8.0216,47.84259],[8.02175,47.84283],[8.02246,47.84328],[8.02327,47.84353],[8.02354,47.84356],[8.02539,47.84475],[8.02595,47.84526],[8.02739,47.84531],[8.0277,47.84566],[8.02699,47.84628],[8.02764,47.84701],[8.02771,47.84795],[8.02759,47.8484],[8.02748,47.84861],[8.02758,47.84912],[8.02756,47.84925],[8.0276,47.84964],[8.02753,47.84982],[8.02764,47.84996],[8.02764,47.85009],[8.02774,47.85017],[8.02782,47.85015],[8.02794,47.85019],[8.02798,47.85024],[8.02814,47.85027],[8.0282,47.85032],[8.02841,47.85041],[8.02845,47.85051],[8.02863,47.85064],[8.02893,47.85071],[8.02899,47.85067],[8.02938,47.85077],[8.0295,47.85079],[8.02959,47.85079],[8.02973,47.85086],[8.0299,47.85085],[8.02999,47.85089],[8.03019,47.85088],[8.03028,47.85099],[8.03034,47.851],[8.03053,47.85098],[8.03083,47.85089],[8.03111,47.85097],[8.03125,47.85093],[8.03138,47.85096],[8.0316,47.85106],[8.03179,47.85121],[8.0324,47.85127],[8.03251,47.85137],[8.03278,47.85137],[8.03352,47.85153],[8.03363,47.85158],[8.03368,47.85167],[8.03376,47.85172],[8.03392,47.85176],[8.03405,47.8519],[8.03429,47.85198],[8.03489,47.85205],[8.03631,47.85218],[8.03756,47.85225],[8.03947,47.85248],[8.03994,47.85255],[8.04016,47.85265],[8.04031,47.8525],[8.04061,47.85249],[8.04121,47.8526],[8.04131,47.8527],[8.04158,47.85279],[8.04207,47.85271],[8.04231,47.8528],[8.04266,47.85264],[8.04348,47.85267],[8.04353,47.85271],[8.04363,47.85292],[8.04384,47.85314],[8.04406,47.85331],[8.04422,47.85336],[8.04472,47.85344],[8.04524,47.85348],[8.04569,47.85358],[8.04431,47.85365],[8.04387,47.85394],[8.04375,47.85457],[8.04371,47.85456],[8.0435,47.855],[8.0433,47.85519],[8.04319,47.85543],[8.04318,47.85565],[8.04307,47.85608],[8.04304,47.85619],[8.04297,47.85632],[8.04321,47.85642],[8.04409,47.85668],[8.04476,47.85684],[8.04549,47.85701],[8.04597,47.85711],[8.04718,47.85734],[8.04825,47.85755],[8.04859,47.85758],[8.04971,47.85762],[8.05049,47.85761],[8.05082,47.8576],[8.05113,47.85767],[8.05145,47.85782],[8.05122,47.85762],[8.05125,47.8575],[8.05131,47.85729],[8.05188,47.85743],[8.05201,47.8572],[8.05194,47.85718],[8.05197,47.85712],[8.05205,47.85713],[8.05227,47.85673],[8.05231,47.85665],[8.05255,47.85656],[8.05379,47.85684],[8.05385,47.85693],[8.05374,47.85716],[8.05358,47.85746],[8.05349,47.85764],[8.05323,47.85814],[8.05354,47.85811],[8.05521,47.85833],[8.05603,47.85816],[8.05751,47.85855],[8.05865,47.85729],[8.06072,47.85724],[8.06223,47.85709],[8.06438,47.85745],[8.0671,47.85734],[8.0672,47.85646],[8.06773,47.85537],[8.06846,47.8554],[8.0704,47.85544],[8.07161,47.85498],[8.07087,47.85435],[8.07127,47.85324],[8.07227,47.85338],[8.07343,47.85387],[8.07449,47.85426],[8.07503,47.8536],[8.07639,47.85199],[8.077,47.85105],[8.07618,47.85084],[8.07557,47.85036],[8.07665,47.84911],[8.07711,47.8484],[8.07786,47.84818],[8.07863,47.8481],[8.07928,47.84815],[8.07973,47.84833],[8.0822,47.84832],[8.08336,47.84825],[8.08422,47.8481],[8.08477,47.84786],[8.08556,47.84769],[8.08647,47.84724],[8.08717,47.84698],[8.08786,47.84661],[8.0882,47.84636],[8.0888,47.8462],[8.09018,47.84656],[8.0913,47.84661],[8.09252,47.84699],[8.09401,47.84727],[8.09508,47.84728],[8.09704,47.8479],[8.09819,47.84839],[8.10091,47.84832],[8.10206,47.84848],[8.1028,47.84847],[8.10594,47.84789],[8.10754,47.8474],[8.1148,47.84964],[8.11506,47.85063],[8.11533,47.8524],[8.11699,47.85399],[8.1179,47.85503],[8.1191,47.85954],[8.11917,47.85954],[8.11919,47.85953],[8.11926,47.85953],[8.11961,47.85958],[8.11975,47.85961],[8.11989,47.85958],[8.1203,47.85964],[8.12061,47.85971],[8.12094,47.85983],[8.12112,47.85988],[8.12124,47.85995],[8.12156,47.86032],[8.1216,47.86048],[8.12176,47.86056],[8.122,47.86057],[8.12213,47.86062],[8.12217,47.86069],[8.12212,47.86075],[8.12206,47.86076],[8.12201,47.86081],[8.12189,47.86103],[8.12204,47.86118],[8.12217,47.86124],[8.12225,47.86132],[8.12252,47.86144],[8.1226,47.86152],[8.12244,47.86156],[8.1224,47.86167],[8.12233,47.86202],[8.12236,47.86208],[8.12253,47.8622],[8.1225,47.86232],[8.12241,47.86234],[8.12238,47.86238],[8.12234,47.86251],[8.12237,47.86256],[8.1224,47.86259],[8.12262,47.86262],[8.12299,47.86275],[8.12304,47.86281],[8.12306,47.86331],[8.12321,47.86355],[8.12393,47.86391],[8.12404,47.86395],[8.12426,47.8642],[8.12448,47.86427],[8.12454,47.8645],[8.12461,47.86455],[8.12467,47.86459],[8.12486,47.86463],[8.12525,47.86458],[8.12526,47.86476],[8.12538,47.86489],[8.12545,47.8649],[8.12566,47.86484],[8.12576,47.86485],[8.1258,47.8651],[8.12587,47.86522],[8.12618,47.8654],[8.12621,47.86543],[8.12613,47.86557],[8.12615,47.86562],[8.12629,47.86564],[8.1263,47.86575],[8.12626,47.86593],[8.12618,47.86601],[8.12618,47.86614],[8.12614,47.86622],[8.12629,47.86632],[8.1263,47.86638],[8.12609,47.86654],[8.126,47.8667],[8.12604,47.86678],[8.12612,47.86683],[8.12614,47.86689],[8.12611,47.86717],[8.12601,47.86733],[8.12591,47.86738],[8.12582,47.86746],[8.12591,47.86752],[8.12602,47.86775],[8.12624,47.86782],[8.12657,47.86805],[8.12676,47.86807],[8.12688,47.86826],[8.12714,47.86846],[8.12725,47.86863],[8.12724,47.86869],[8.1274,47.86884],[8.12754,47.86886],[8.12933,47.86814],[8.13012,47.86894],[8.13196,47.8693],[8.13238,47.86891],[8.13426,47.8692],[8.13594,47.86975],[8.13747,47.86974],[8.1401,47.87],[8.14281,47.87023],[8.14171,47.87164],[8.14143,47.87374],[8.14044,47.87429],[8.14386,47.87526],[8.14356,47.87584],[8.14329,47.87612],[8.14278,47.87623],[8.13954,47.87713],[8.13871,47.87891],[8.13867,47.87886],[8.13814,47.87941],[8.13663,47.87912],[8.13636,47.87902],[8.1359,47.8787],[8.13578,47.87877],[8.13535,47.87844],[8.13516,47.87824],[8.13367,47.87723],[8.13313,47.87692],[8.13222,47.8764],[8.12886,47.87529],[8.12651,47.87501],[8.12644,47.87708],[8.12627,47.87918],[8.12626,47.8793],[8.12698,47.88083],[8.1275,47.88157],[8.12719,47.88191],[8.12652,47.88204],[8.12621,47.88265],[8.12562,47.88324],[8.1255,47.88346],[8.12539,47.88384],[8.12486,47.88519],[8.12445,47.88556],[8.12424,47.88542],[8.12412,47.88518],[8.12407,47.88514],[8.12399,47.88514],[8.12376,47.88519],[8.1236,47.88514],[8.12352,47.88502],[8.12352,47.88491],[8.12365,47.88459],[8.12362,47.88452],[8.12329,47.88433],[8.123,47.88399],[8.12276,47.88392],[8.12223,47.88384],[8.12202,47.88376],[8.122,47.88372],[8.12175,47.88361],[8.12165,47.88359],[8.12134,47.8836],[8.12064,47.88348],[8.11984,47.88322],[8.11974,47.88326],[8.11688,47.88314],[8.11639,47.88315],[8.11594,47.88267],[8.1149,47.88228],[8.1146,47.88093],[8.11477,47.88015],[8.1145,47.87996],[8.11413,47.87977],[8.11392,47.87958],[8.11334,47.87924],[8.1131,47.87916],[8.11283,47.87918],[8.11243,47.87906],[8.11189,47.87874],[8.11148,47.87845],[8.1113,47.87838],[8.11105,47.87832],[8.11091,47.87815],[8.11065,47.87793],[8.11036,47.87772],[8.10999,47.8775],[8.10968,47.87744],[8.10899,47.87752],[8.10883,47.8775],[8.10869,47.87745],[8.10845,47.87723],[8.10829,47.87721],[8.10809,47.87731],[8.1079,47.87747],[8.10776,47.87754],[8.10725,47.87759],[8.10681,47.8776],[8.10643,47.87762],[8.10616,47.87767],[8.10597,47.87775],[8.10585,47.87784],[8.10557,47.87787],[8.10523,47.87794],[8.10504,47.87794],[8.10452,47.87803],[8.10439,47.87812],[8.1042,47.87811],[8.10397,47.87804],[8.10376,47.87788],[8.10346,47.87785],[8.10319,47.87788],[8.10269,47.87769],[8.10251,47.87766],[8.10229,47.87765],[8.10195,47.87746],[8.10139,47.87729],[8.10072,47.87718],[8.10048,47.87718],[8.10007,47.87711],[8.10001,47.87709],[8.0996,47.87668],[8.09935,47.87665],[8.0992,47.87662],[8.09901,47.8766],[8.09862,47.87657],[8.09844,47.87658],[8.0981,47.87654],[8.09768,47.87647],[8.09702,47.87638],[8.09698,47.87638],[8.09696,47.87635],[8.09687,47.87632],[8.09677,47.87627],[8.09666,47.87618],[8.09656,47.876],[8.09652,47.87588],[8.09636,47.87575],[8.09616,47.87567],[8.09606,47.87565],[8.09593,47.87563],[8.09583,47.87562],[8.09573,47.87561],[8.09566,47.8756],[8.0955,47.8756],[8.09536,47.87564],[8.09525,47.87571],[8.09516,47.8758],[8.09505,47.87589],[8.09493,47.87596],[8.09478,47.87602],[8.09459,47.87607],[8.09444,47.87608],[8.09425,47.87607],[8.09401,47.87608],[8.09385,47.87611],[8.09376,47.87613],[8.09356,47.87597],[8.09338,47.87589],[8.09327,47.87581],[8.09319,47.87573],[8.09313,47.87564],[8.09308,47.87556],[8.09302,47.87549],[8.09291,47.87541],[8.09281,47.87534],[8.09255,47.87525],[8.09238,47.87521],[8.09218,47.87518],[8.092,47.87515],[8.09181,47.87509],[8.09163,47.87504],[8.0914,47.87497],[8.09117,47.87496],[8.09096,47.87499],[8.09084,47.87502],[8.09064,47.87499],[8.09056,47.87495],[8.09049,47.87493],[8.09031,47.87485],[8.09019,47.87479],[8.09009,47.87474],[8.08999,47.87467],[8.08983,47.87457],[8.08965,47.87449],[8.08956,47.87447],[8.08945,47.87444],[8.0893,47.8744],[8.08915,47.87435],[8.08899,47.8743],[8.08888,47.87425],[8.08866,47.87416],[8.08848,47.87407],[8.08845,47.87405],[8.08834,47.87398],[8.08817,47.8739],[8.08802,47.87387],[8.08785,47.87383],[8.08766,47.87377],[8.0875,47.87372],[8.08733,47.87368],[8.08709,47.87362],[8.08694,47.8736],[8.08677,47.87361],[8.08666,47.87362],[8.08649,47.87362],[8.08634,47.87362],[8.08614,47.87361],[8.08583,47.87364],[8.08573,47.87366],[8.08558,47.87369],[8.08541,47.8737],[8.08528,47.87369],[8.08518,47.87369],[8.08508,47.87368],[8.08495,47.87366],[8.08472,47.87364],[8.08463,47.87363],[8.08456,47.87363],[8.08445,47.87359],[8.0843,47.87355],[8.08412,47.87349],[8.08395,47.87345],[8.08381,47.87341],[8.08359,47.87336],[8.08352,47.87334],[8.08331,47.87331],[8.08311,47.87327],[8.08293,47.87327],[8.08271,47.87328],[8.08261,47.87329],[8.08246,47.87328],[8.08228,47.87326],[8.08216,47.87322],[8.08209,47.87316],[8.08192,47.87302],[8.08182,47.87297],[8.08169,47.87296],[8.08154,47.87288],[8.08136,47.87274],[8.08122,47.87258],[8.08109,47.87237],[8.081,47.87224],[8.08092,47.87214],[8.08081,47.87205],[8.08072,47.87194],[8.08066,47.87185],[8.08065,47.87183],[8.08065,47.87181],[8.08068,47.87176],[8.08074,47.87168],[8.08076,47.87163],[8.0808,47.87156],[8.08079,47.87148],[8.08076,47.87142],[8.08062,47.87133],[8.08054,47.87135],[8.08044,47.87136],[8.08034,47.87138],[8.08023,47.87139],[8.08005,47.8714],[8.07995,47.8714],[8.07988,47.8714],[8.07981,47.87138],[8.07969,47.87134],[8.07951,47.87126],[8.07937,47.87119],[8.07919,47.87113],[8.07903,47.87108],[8.07873,47.87103],[8.07862,47.87102],[8.07852,47.87102],[8.07842,47.87104],[8.07834,47.87103],[8.07822,47.87103],[8.0781,47.87103],[8.078,47.87097],[8.07782,47.87089],[8.07747,47.87084],[8.07727,47.87085],[8.07713,47.87086],[8.07684,47.87083],[8.07682,47.87082],[8.07671,47.87076],[8.0766,47.87071],[8.0765,47.87064],[8.0763,47.8704],[8.07614,47.87021],[8.07603,47.87012],[8.0759,47.87001],[8.07566,47.86985],[8.07543,47.86976],[8.07523,47.86972],[8.07518,47.86964],[8.07499,47.86958],[8.07476,47.86957],[8.07407,47.86939],[8.07394,47.86938],[8.07349,47.86944],[8.07327,47.86948],[8.07316,47.86952],[8.07307,47.86959],[8.07302,47.86962],[8.07269,47.86971],[8.0726,47.86976],[8.07256,47.86979],[8.07244,47.86992],[8.07233,47.86997],[8.07215,47.87002],[8.07201,47.87005],[8.07175,47.87013],[8.07157,47.87016],[8.07144,47.87016],[8.07126,47.87012],[8.07113,47.8701],[8.07097,47.87008],[8.07073,47.87012],[8.07059,47.87014],[8.07043,47.87016],[8.07035,47.87025],[8.07023,47.87033],[8.07019,47.87035],[8.07004,47.87036],[8.06989,47.87033],[8.06967,47.87026],[8.06948,47.8702],[8.0693,47.87016],[8.0691,47.87016],[8.06891,47.87014],[8.06877,47.87014],[8.06853,47.87012],[8.06834,47.87009],[8.06831,47.87008],[8.0683,47.87006],[8.0682,47.86997],[8.06813,47.86986],[8.06798,47.86979],[8.06787,47.86972],[8.06782,47.86966],[8.06769,47.8696],[8.06761,47.86954],[8.06757,47.86943],[8.06755,47.86932],[8.06751,47.86922],[8.06717,47.86911],[8.06701,47.86904],[8.06686,47.86901],[8.06664,47.86899],[8.06645,47.86898],[8.06625,47.86897],[8.06602,47.86891],[8.06583,47.8689],[8.06572,47.86894],[8.06563,47.86897],[8.06556,47.86899],[8.06531,47.86901],[8.06514,47.86904],[8.06505,47.86904],[8.0649,47.86899],[8.0647,47.86897],[8.06454,47.86895],[8.06433,47.86889],[8.06423,47.86882],[8.06415,47.86874],[8.06416,47.86869],[8.0641,47.86862],[8.06399,47.86855],[8.06387,47.86849],[8.06373,47.86847],[8.06352,47.86843],[8.06327,47.86837],[8.06307,47.86834],[8.06294,47.86838],[8.06287,47.86839],[8.0627,47.86838],[8.0626,47.86836],[8.06253,47.86836],[8.06227,47.86833],[8.06214,47.86832],[8.06205,47.8683],[8.06189,47.86823],[8.06178,47.86816],[8.06173,47.86811],[8.06161,47.86805],[8.06148,47.86798],[8.06144,47.86798],[8.06121,47.86795],[8.06111,47.86792],[8.06103,47.86791],[8.06094,47.86791],[8.06081,47.86792],[8.0607,47.86794],[8.06059,47.86791],[8.0604,47.86794],[8.06033,47.86795],[8.06027,47.86795],[8.0602,47.86793],[8.06007,47.8679],[8.05991,47.86787],[8.05987,47.86785],[8.05986,47.86779],[8.0598,47.86776],[8.05972,47.86777],[8.0596,47.86776],[8.05952,47.86775],[8.05935,47.86776],[8.05921,47.86775],[8.05908,47.86779],[8.05901,47.86785],[8.05884,47.86791],[8.05878,47.86794],[8.05865,47.86792],[8.05858,47.8679],[8.05845,47.86789],[8.05837,47.86784],[8.0583,47.86778],[8.05813,47.8678],[8.058,47.86783],[8.05781,47.86791],[8.05768,47.86792],[8.0576,47.86789],[8.05751,47.86787],[8.05735,47.86781],[8.05723,47.86783],[8.0571,47.86786],[8.05704,47.86787],[8.05688,47.86791],[8.05675,47.86792],[8.05647,47.868],[8.05639,47.86805],[8.05615,47.86822],[8.05595,47.86832],[8.05585,47.86837],[8.05566,47.86842],[8.05555,47.86843],[8.05539,47.86851],[8.05534,47.86855],[8.05528,47.86868],[8.05518,47.86874],[8.05499,47.86873],[8.05484,47.86876],[8.05471,47.86879],[8.05458,47.86886],[8.05446,47.86892],[8.05443,47.86899],[8.05437,47.86913],[8.05431,47.86917],[8.05425,47.8692],[8.05411,47.86924],[8.05407,47.86933],[8.05397,47.86937],[8.05396,47.8694],[8.05408,47.86951],[8.05409,47.86959],[8.05411,47.86973],[8.05416,47.86982],[8.05415,47.86991],[8.05417,47.86997],[8.05421,47.87001],[8.05422,47.87009],[8.05414,47.87012],[8.05408,47.87019],[8.05408,47.87026],[8.05397,47.87038],[8.05395,47.87056],[8.05385,47.87063],[8.05367,47.87064],[8.0536,47.87068],[8.05355,47.8708],[8.05349,47.8708],[8.05336,47.87081],[8.05322,47.8708],[8.05311,47.87082],[8.05298,47.8709],[8.05291,47.87094],[8.05279,47.87102],[8.05268,47.87115],[8.05249,47.8712],[8.05241,47.87118],[8.05219,47.87117],[8.0516,47.8712],[8.05136,47.87117],[8.05117,47.87132],[8.05086,47.87136],[8.05073,47.87134],[8.05052,47.87132],[8.05036,47.87124],[8.05017,47.87113],[8.05007,47.87102],[8.04987,47.87098],[8.04974,47.87093],[8.04966,47.87088],[8.04932,47.87092],[8.04917,47.87074],[8.0488,47.87044],[8.04852,47.87047],[8.04837,47.87043],[8.04798,47.87029],[8.04737,47.87031],[8.0472,47.87015],[8.04696,47.87011],[8.04667,47.87009],[8.04661,47.87009],[8.04644,47.87007],[8.04635,47.86998],[8.04627,47.8699],[8.04609,47.86989],[8.04594,47.86984],[8.04588,47.86979],[8.04576,47.86978],[8.04561,47.86979],[8.04554,47.86981],[8.04548,47.86983],[8.04543,47.86984],[8.04523,47.86987],[8.04513,47.86986],[8.04503,47.86986],[8.04486,47.86986],[8.04475,47.86986],[8.04443,47.8699],[8.04427,47.86994],[8.04416,47.86997],[8.04406,47.87004],[8.044,47.87009],[8.0439,47.87009],[8.0437,47.87008],[8.04355,47.87012],[8.04343,47.87021],[8.04325,47.87026],[8.04299,47.8703],[8.04288,47.87041],[8.04253,47.87055],[8.04255,47.87056],[8.04258,47.8706],[8.04267,47.87067],[8.04347,47.87142],[8.04375,47.87169],[8.04406,47.87199],[8.04457,47.87252],[8.04472,47.87268],[8.04523,47.87323],[8.04619,47.87392],[8.04689,47.87443],[8.04715,47.8749],[8.04737,47.87529],[8.04693,47.87554],[8.0466,47.87573],[8.04592,47.87594],[8.04544,47.87629],[8.04514,47.87651],[8.04443,47.87666],[8.04363,47.87764],[8.04332,47.87802],[8.04301,47.87839],[8.04279,47.87906],[8.0424,47.87966],[8.04201,47.88006],[8.04177,47.88031],[8.04173,47.88035],[8.04167,47.88036],[8.04152,47.88047],[8.04145,47.88049],[8.04135,47.88048],[8.04116,47.88049],[8.04106,47.88051],[8.04091,47.88052],[8.04078,47.88056],[8.04068,47.88058],[8.04059,47.88056],[8.04053,47.88057],[8.04049,47.88061],[8.04029,47.88063],[8.04023,47.88065],[8.04016,47.88067],[8.04008,47.88061],[8.03998,47.88056],[8.0399,47.88053],[8.03977,47.88053],[8.03961,47.88046],[8.03947,47.88046],[8.03934,47.88047],[8.0392,47.88045],[8.0391,47.88048],[8.03874,47.88053],[8.03862,47.88058],[8.03848,47.88057],[8.03833,47.88061],[8.03822,47.88062],[8.03814,47.8806],[8.03802,47.88062],[8.03791,47.8806],[8.03782,47.88064],[8.0377,47.88063],[8.03751,47.88058],[8.03737,47.88059],[8.03727,47.88056],[8.03719,47.88049],[8.03714,47.88044],[8.03711,47.88036],[8.03708,47.88031],[8.03705,47.88027],[8.03694,47.88022],[8.0369,47.88018],[8.03692,47.88013],[8.03691,47.88009],[8.03686,47.87978],[8.03682,47.87951],[8.03702,47.87892],[8.03704,47.87848],[8.037,47.87811],[8.03704,47.87767],[8.03723,47.87717],[8.03734,47.87683]]]}},{"type":"Feature","properties":{"id":"lenzkirch","name":"Lenzkirch"},"geometry":{"type":"Polygon","coordinates":[[[8.1191,47.85954],[8.1179,47.85503],[8.11699,47.85399],[8.11533,47.8524],[8.11506,47.85063],[8.1148,47.84964],[8.10754,47.8474],[8.10984,47.84462],[8.11439,47.8438],[8.12338,47.84216],[8.12564,47.84168],[8.1279,47.84123],[8.12846,47.84112],[8.13575,47.84122],[8.13693,47.84122],[8.13705,47.84132],[8.13775,47.84169],[8.13837,47.84208],[8.13977,47.84254],[8.1409,47.84277],[8.14174,47.84339],[8.14231,47.8437],[8.14272,47.84403],[8.14361,47.8443],[8.1457,47.84454],[8.14617,47.84471],[8.14752,47.84578],[8.14828,47.84611],[8.14752,47.84743],[8.14723,47.84851],[8.14728,47.84888],[8.14791,47.84926],[8.14866,47.84965],[8.14839,47.85024],[8.14822,47.85096],[8.14792,47.85164],[8.14818,47.8519],[8.14812,47.85266],[8.1482,47.85275],[8.14814,47.85292],[8.14799,47.85312],[8.14821,47.85324],[8.14846,47.85355],[8.14928,47.85389],[8.14914,47.85422],[8.14997,47.85463],[8.15034,47.85492],[8.15073,47.85512],[8.15079,47.85527],[8.15095,47.85545],[8.15117,47.85545],[8.15134,47.85535],[8.15163,47.85533],[8.15242,47.85553],[8.15306,47.85549],[8.15316,47.85553],[8.15323,47.85563],[8.15326,47.85576],[8.1533,47.85581],[8.15356,47.85584],[8.15358,47.85592],[8.15395,47.85604],[8.15409,47.85624],[8.15409,47.85628],[8.15429,47.85631],[8.15498,47.85646],[8.15603,47.85613],[8.15686,47.85573],[8.15777,47.85594],[8.15822,47.85614],[8.1585,47.85617],[8.15923,47.85629],[8.16037,47.85672],[8.16164,47.85704],[8.1622,47.85725],[8.16327,47.8575],[8.16428,47.85759],[8.16513,47.8577],[8.16615,47.85752],[8.16669,47.85739],[8.17044,47.85794],[8.17165,47.85781],[8.17297,47.85773],[8.17515,47.85755],[8.17732,47.85798],[8.17937,47.85783],[8.17973,47.85776],[8.17997,47.85725],[8.18263,47.8546],[8.18254,47.85355],[8.18251,47.85276],[8.18258,47.85202],[8.18193,47.85119],[8.18178,47.85059],[8.18243,47.85046],[8.18507,47.84951],[8.18675,47.84817],[8.18681,47.84765],[8.18792,47.84699],[8.18943,47.84648],[8.18967,47.84661],[8.18989,47.8467],[8.19018,47.84688],[8.19062,47.84707],[8.19174,47.84742],[8.19196,47.84755],[8.19216,47.84777],[8.19468,47.84724],[8.19693,47.84639],[8.19726,47.84558],[8.19952,47.84559],[8.20202,47.84597],[8.20374,47.84556],[8.20477,47.84511],[8.20472,47.84492],[8.20471,47.84472],[8.20462,47.84455],[8.2045,47.84449],[8.20423,47.84451],[8.20397,47.84448],[8.20386,47.8444],[8.20376,47.84427],[8.20355,47.84413],[8.20349,47.84388],[8.20343,47.84377],[8.20286,47.84283],[8.20274,47.84231],[8.20189,47.84164],[8.19868,47.84081],[8.20013,47.84031],[8.20128,47.83986],[8.20327,47.83866],[8.20612,47.83751],[8.20973,47.83544],[8.21067,47.83508],[8.21166,47.83489],[8.21335,47.8345],[8.21524,47.83403],[8.21661,47.83364],[8.21901,47.8334],[8.22015,47.83295],[8.22458,47.83289],[8.22746,47.83299],[8.23186,47.83341],[8.23325,47.83337],[8.24186,47.83495],[8.24285,47.83428],[8.24384,47.83423],[8.24546,47.8345],[8.24623,47.83475],[8.24769,47.83489],[8.24858,47.83567],[8.24927,47.83671],[8.25025,47.83726],[8.25182,47.83696],[8.25333,47.83717],[8.25431,47.83797],[8.2562,47.83801],[8.25791,47.8385],[8.25787,47.8389],[8.2576,47.83905],[8.25754,47.83912],[8.2575,47.83925],[8.2573,47.83935],[8.25723,47.83948],[8.25729,47.83956],[8.25727,47.83963],[8.25721,47.83967],[8.25717,47.83978],[8.25717,47.83987],[8.25711,47.83989],[8.25715,47.84006],[8.25722,47.84015],[8.25722,47.8402],[8.25711,47.84037],[8.25708,47.84052],[8.25708,47.84065],[8.25695,47.84079],[8.25702,47.84092],[8.257,47.84109],[8.25687,47.84123],[8.25657,47.84136],[8.25648,47.84145],[8.25641,47.84166],[8.25569,47.84207],[8.25563,47.84214],[8.25552,47.84221],[8.25515,47.84233],[8.25461,47.84246],[8.25441,47.84258],[8.25424,47.84288],[8.25413,47.84297],[8.25413,47.84306],[8.2541,47.84316],[8.25396,47.84331],[8.25364,47.84351],[8.25362,47.84369],[8.25357,47.8438],[8.25364,47.84392],[8.25364,47.844],[8.25354,47.84426],[8.25333,47.84459],[8.25338,47.84466],[8.25355,47.84469],[8.25355,47.84483],[8.25351,47.84495],[8.25342,47.84497],[8.25339,47.84513],[8.25326,47.84528],[8.25323,47.84552],[8.2533,47.84568],[8.25333,47.84571],[8.2535,47.84577],[8.25364,47.84589],[8.25368,47.846],[8.25381,47.84606],[8.25394,47.84616],[8.25412,47.84621],[8.25423,47.84617],[8.25427,47.84617],[8.25442,47.84632],[8.25456,47.84641],[8.25465,47.84655],[8.25466,47.84664],[8.25462,47.8467],[8.25464,47.84676],[8.25476,47.84702],[8.25481,47.84708],[8.255,47.84713],[8.25508,47.84712],[8.25523,47.84707],[8.25554,47.84706],[8.25566,47.84712],[8.25589,47.8472],[8.25605,47.84729],[8.25612,47.84739],[8.25617,47.84753],[8.25629,47.8476],[8.25644,47.84763],[8.25668,47.84759],[8.25678,47.84763],[8.25688,47.84776],[8.2569,47.84785],[8.25702,47.84801],[8.25705,47.84823],[8.2572,47.84838],[8.25727,47.84849],[8.25736,47.84857],[8.25746,47.84861],[8.25766,47.84873],[8.25795,47.84886],[8.25803,47.84892],[8.2583,47.84919],[8.25833,47.8493],[8.25846,47.84945],[8.25859,47.84954],[8.25902,47.84973],[8.25908,47.84981],[8.2591,47.84996],[8.25922,47.85001],[8.25938,47.85005],[8.25947,47.8501],[8.2596,47.85008],[8.25994,47.85017],[8.26011,47.85017],[8.26017,47.85021],[8.26018,47.85027],[8.26029,47.85039],[8.26048,47.85055],[8.26071,47.85065],[8.26098,47.85064],[8.26106,47.85067],[8.26116,47.85074],[8.26142,47.85087],[8.26162,47.85092],[8.26183,47.85102],[8.26188,47.85105],[8.26205,47.8514],[8.26267,47.85138],[8.26299,47.85126],[8.26332,47.85123],[8.26362,47.85125],[8.26369,47.85124],[8.2638,47.85117],[8.26405,47.85123],[8.26411,47.85132],[8.26418,47.85136],[8.26428,47.85137],[8.26437,47.85141],[8.26454,47.85153],[8.26468,47.85156],[8.26497,47.85159],[8.2651,47.85163],[8.26539,47.85177],[8.26576,47.85185],[8.26586,47.85185],[8.26615,47.8518],[8.26622,47.85181],[8.2665,47.85178],[8.2671,47.85178],[8.26718,47.85177],[8.26742,47.85169],[8.26754,47.85169],[8.2676,47.85168],[8.26946,47.85298],[8.27026,47.8551],[8.27164,47.85734],[8.27252,47.85843],[8.27362,47.86022],[8.2745,47.86125],[8.27629,47.86198],[8.27949,47.8625],[8.27957,47.86331],[8.27971,47.86428],[8.28021,47.86463],[8.28014,47.86467],[8.28008,47.8647],[8.28008,47.86528],[8.27983,47.8654],[8.27837,47.86674],[8.27633,47.86797],[8.27562,47.86871],[8.27378,47.87125],[8.27326,47.87477],[8.26895,47.87582],[8.26537,47.88257],[8.26099,47.88544],[8.25984,47.88762],[8.25858,47.88913],[8.25755,47.89063],[8.25621,47.89292],[8.25414,47.89341],[8.25283,47.89306],[8.25098,47.89232],[8.24877,47.89155],[8.24799,47.89136],[8.24524,47.89103],[8.2453,47.89155],[8.24464,47.89147],[8.24459,47.89104],[8.24477,47.89049],[8.24328,47.89049],[8.24321,47.89053],[8.24234,47.89035],[8.23959,47.88968],[8.23697,47.88928],[8.23346,47.88958],[8.23237,47.88961],[8.23099,47.88937],[8.22877,47.88887],[8.22815,47.88886],[8.22762,47.88899],[8.22574,47.8899],[8.2245,47.89028],[8.22375,47.89052],[8.22299,47.89062],[8.22192,47.89046],[8.21842,47.89034],[8.21504,47.89045],[8.21344,47.89154],[8.21168,47.89171],[8.21015,47.8924],[8.20889,47.89295],[8.20824,47.89306],[8.20642,47.89305],[8.20454,47.89304],[8.20346,47.89301],[8.20249,47.89302],[8.20231,47.89312],[8.20153,47.89356],[8.20017,47.89432],[8.19928,47.89485],[8.1988,47.89516],[8.19743,47.89592],[8.19661,47.8964],[8.19577,47.89686],[8.1955,47.89702],[8.19416,47.89714],[8.19356,47.89769],[8.1927,47.89846],[8.19156,47.89904],[8.19086,47.89913],[8.19038,47.89916],[8.18959,47.89921],[8.18857,47.89927],[8.18785,47.89953],[8.18686,47.89988],[8.18643,47.9],[8.18528,47.90032],[8.18427,47.90129],[8.183,47.90308],[8.18179,47.90355],[8.18015,47.90421],[8.17882,47.90515],[8.17832,47.90491],[8.17795,47.90461],[8.17777,47.9043],[8.17775,47.90407],[8.17817,47.90312],[8.17765,47.90214],[8.17701,47.90177],[8.17642,47.90131],[8.17624,47.90079],[8.17626,47.90003],[8.17606,47.89927],[8.17614,47.89863],[8.17591,47.89783],[8.17515,47.89766],[8.17437,47.8976],[8.17372,47.89766],[8.17333,47.89781],[8.17218,47.89919],[8.17172,47.89919],[8.17102,47.89904],[8.17014,47.89893],[8.1699,47.8988],[8.16935,47.89858],[8.16902,47.89837],[8.16931,47.89815],[8.16767,47.89725],[8.16724,47.89739],[8.16633,47.89711],[8.16649,47.89689],[8.16566,47.89673],[8.1652,47.89648],[8.16336,47.89599],[8.163,47.89605],[8.16275,47.89685],[8.162,47.89722],[8.16041,47.89687],[8.1601,47.89712],[8.15926,47.89683],[8.15902,47.89683],[8.15738,47.89539],[8.15499,47.89372],[8.15471,47.89348],[8.15473,47.89331],[8.15295,47.89202],[8.15182,47.89141],[8.15112,47.89097],[8.15063,47.89073],[8.15023,47.89043],[8.14966,47.89028],[8.14943,47.89002],[8.14902,47.88985],[8.1485,47.88949],[8.14809,47.88902],[8.14746,47.88867],[8.14635,47.88765],[8.1434,47.88594],[8.14234,47.88552],[8.14132,47.88491],[8.14135,47.88485],[8.14185,47.88481],[8.14069,47.88447],[8.13811,47.88399],[8.13647,47.88377],[8.13406,47.88328],[8.1334,47.88303],[8.12934,47.88003],[8.12852,47.87909],[8.12811,47.87889],[8.1278,47.87883],[8.12713,47.87884],[8.12627,47.87918],[8.12644,47.87708],[8.12651,47.87501],[8.12886,47.87529],[8.13222,47.8764],[8.13313,47.87692],[8.13367,47.87723],[8.13516,47.87824],[8.13535,47.87844],[8.13578,47.87877],[8.1359,47.8787],[8.13636,47.87902],[8.13663,47.87912],[8.13814,47.87941],[8.13867,47.87886],[8.13871,47.87891],[8.13954,47.87713],[8.14278,47.87623],[8.14329,47.87612],[8.14356,47.87584],[8.14386,47.87526],[8.14044,47.87429],[8.14143,47.87374],[8.14171,47.87164],[8.14281,47.87023],[8.1401,47.87],[8.13747,47.86974],[8.13594,47.86975],[8.13426,47.8692],[8.13238,47.86891],[8.13196,47.8693],[8.13012,47.86894],[8.12933,47.86814],[8.12754,47.86886],[8.1274,47.86884],[8.12724,47.86869],[8.12725,47.86863],[8.12714,47.86846],[8.12688,47.86826],[8.12676,47.86807],[8.12657,47.86805],[8.12624,47.86782],[8.12602,47.86775],[8.12591,47.86752],[8.12582,47.86746],[8.12591,47.86738],[8.12601,47.86733],[8.12611,47.86717],[8.12614,47.86689],[8.12612,47.86683],[8.12604,47.86678],[8.126,47.8667],[8.12609,47.86654],[8.1263,47.86638],[8.12629,47.86632],[8.12614,47.86622],[8.12618,47.86614],[8.12618,47.86601],[8.12626,47.86593],[8.1263,47.86575],[8.12629,47.86564],[8.12615,47.86562],[8.12613,47.86557],[8.12621,47.86543],[8.12618,47.8654],[8.12587,47.86522],[8.1258,47.8651],[8.12576,47.86485],[8.12566,47.86484],[8.12545,47.8649],[8.12538,47.86489],[8.12526,47.86476],[8.12525,47.86458],[8.12486,47.86463],[8.12467,47.86459],[8.12461,47.86455],[8.12454,47.8645],[8.12448,47.86427],[8.12426,47.8642],[8.12404,47.86395],[8.12393,47.86391],[8.12321,47.86355],[8.12306,47.86331],[8.12304,47.86281],[8.12299,47.86275],[8.12262,47.86262],[8.1224,47.86259],[8.12237,47.86256],[8.12234,47.86251],[8.12238,47.86238],[8.12241,47.86234],[8.1225,47.86232],[8.12253,47.8622],[8.12236,47.86208],[8.12233,47.86202],[8.1224,47.86167],[8.12244,47.86156],[8.1226,47.86152],[8.12252,47.86144],[8.12225,47.86132],[8.12217,47.86124],[8.12204,47.86118],[8.12189,47.86103],[8.12201,47.86081],[8.12206,47.86076],[8.12212,47.86075],[8.12217,47.86069],[8.12213,47.86062],[8.122,47.86057],[8.12176,47.86056],[8.1216,47.86048],[8.12156,47.86032],[8.12124,47.85995],[8.12112,47.85988],[8.12094,47.85983],[8.12061,47.85971],[8.1203,47.85964],[8.11989,47.85958],[8.11975,47.85961],[8.11961,47.85958],[8.11926,47.85953],[8.11919,47.85953],[8.11917,47.85954],[8.1191,47.85954]]]}},{"type":"Feature","properties":{"id":"eisenbach","name":"Eisenbach (Hochschwarzwald)"},"geometry":{"type":"Polygon","coordinates":[[[8.31436,47.96973],[8.3164,47.97276],[8.31639,47.97322],[8.31626,47.97406],[8.31616,47.97427],[8.31579,47.97488],[8.31476,47.97674],[8.31998,47.9788],[8.32105,47.98202],[8.32134,47.98319],[8.32145,47.98379],[8.32152,47.98417],[8.32123,47.98475],[8.32086,47.98547],[8.32029,47.98678],[8.32012,47.98752],[8.32001,47.98831],[8.31987,47.98868],[8.31782,47.98991],[8.31606,47.99117],[8.31478,47.99192],[8.31373,47.99248],[8.31361,47.9924],[8.31324,47.99249],[8.31313,47.99235],[8.31282,47.9924],[8.31288,47.99283],[8.31275,47.99287],[8.31265,47.99233],[8.31244,47.99212],[8.31227,47.99213],[8.31207,47.99203],[8.31126,47.99257],[8.31141,47.99271],[8.31168,47.99276],[8.31199,47.99285],[8.31212,47.99308],[8.31204,47.99311],[8.3108,47.9935],[8.31012,47.99313],[8.30987,47.99311],[8.30966,47.99309],[8.30944,47.9931],[8.30903,47.99322],[8.3087,47.99326],[8.30819,47.9932],[8.30666,47.99289],[8.30488,47.99244],[8.30289,47.99182],[8.30242,47.99146],[8.3023,47.99135],[8.30198,47.99129],[8.30163,47.99129],[8.30118,47.99136],[8.29991,47.99149],[8.29921,47.99146],[8.29843,47.99127],[8.2975,47.99081],[8.29657,47.99021],[8.2958,47.98967],[8.29539,47.9893],[8.29528,47.98911],[8.29515,47.98891],[8.29491,47.98869],[8.29452,47.98847],[8.2932,47.98797],[8.29263,47.98781],[8.29189,47.98766],[8.29075,47.98758],[8.28999,47.98749],[8.2891,47.98731],[8.28812,47.98721],[8.28421,47.98706],[8.28312,47.9871],[8.28259,47.98712],[8.28218,47.98722],[8.28192,47.98733],[8.28162,47.9875],[8.27932,47.98879],[8.27749,47.98947],[8.27553,47.99009],[8.27465,47.9904],[8.27416,47.99055],[8.27371,47.99066],[8.27305,47.99077],[8.27264,47.9909],[8.27246,47.99103],[8.27231,47.9912],[8.27193,47.99197],[8.27166,47.99228],[8.27079,47.99306],[8.27048,47.99346],[8.26942,47.99317],[8.2685,47.99294],[8.26783,47.99285],[8.2665,47.99279],[8.26576,47.9928],[8.26519,47.99274],[8.26423,47.99259],[8.26337,47.99237],[8.26296,47.99233],[8.26245,47.99227],[8.26162,47.99206],[8.26033,47.9917],[8.25992,47.99168],[8.25937,47.99173],[8.2574,47.99205],[8.25666,47.9921],[8.25621,47.99208],[8.25588,47.99207],[8.25464,47.99191],[8.2541,47.99243],[8.25356,47.99303],[8.25335,47.99346],[8.25323,47.99395],[8.25308,47.99477],[8.25167,47.99522],[8.25076,47.99552],[8.25035,47.99573],[8.24994,47.99589],[8.24879,47.99618],[8.24825,47.99624],[8.2478,47.99618],[8.24731,47.99601],[8.24668,47.99568],[8.24626,47.99559],[8.24577,47.99554],[8.24415,47.99497],[8.24361,47.99478],[8.24193,47.99437],[8.23984,47.9935],[8.23923,47.99315],[8.23894,47.99329],[8.23838,47.99348],[8.2374,47.99372],[8.23681,47.99391],[8.23592,47.9942],[8.23466,47.99467],[8.23341,47.99527],[8.23188,47.99591],[8.23106,47.99619],[8.23015,47.99632],[8.22915,47.99643],[8.22775,47.99687],[8.22494,47.99767],[8.22454,47.99775],[8.22395,47.99776],[8.22203,47.99767],[8.22076,47.99745],[8.21982,47.99725],[8.21925,47.99706],[8.21874,47.99684],[8.21839,47.99661],[8.21807,47.99634],[8.21763,47.99581],[8.21732,47.9956],[8.21716,47.99543],[8.21697,47.99526],[8.21601,47.99427],[8.21577,47.99379],[8.21556,47.99324],[8.21513,47.99262],[8.21517,47.99216],[8.21499,47.99138],[8.215,47.99112],[8.215,47.99081],[8.21506,47.99039],[8.21487,47.98939],[8.21476,47.98911],[8.21326,47.98897],[8.21289,47.98905],[8.21216,47.98913],[8.21165,47.98899],[8.21127,47.98836],[8.21068,47.98795],[8.21025,47.98771],[8.20762,47.98724],[8.20684,47.98697],[8.20616,47.98672],[8.2055,47.98645],[8.20491,47.98596],[8.20403,47.98538],[8.20338,47.98508],[8.20292,47.98481],[8.20268,47.98465],[8.20239,47.98454],[8.20164,47.98428],[8.20076,47.98403],[8.20019,47.98392],[8.19969,47.98385],[8.19867,47.98379],[8.19803,47.98371],[8.19655,47.98371],[8.19551,47.98291],[8.19497,47.98238],[8.19424,47.98147],[8.19374,47.98023],[8.19376,47.97993],[8.19378,47.97799],[8.19372,47.97749],[8.19346,47.97666],[8.19433,47.9765],[8.19506,47.97628],[8.19567,47.97597],[8.19601,47.97567],[8.1967,47.97517],[8.1972,47.97477],[8.1975,47.97458],[8.19833,47.97441],[8.19886,47.97435],[8.19932,47.97422],[8.2007,47.97332],[8.20148,47.97297],[8.20227,47.97254],[8.20274,47.97234],[8.20405,47.97208],[8.20608,47.97189],[8.20831,47.97199],[8.20804,47.97261],[8.20774,47.97312],[8.20736,47.97365],[8.20855,47.97406],[8.20932,47.97425],[8.21112,47.97463],[8.2128,47.97486],[8.21553,47.97459],[8.21618,47.9745],[8.21683,47.9744],[8.21762,47.97412],[8.21894,47.97355],[8.22001,47.97308],[8.22113,47.9726],[8.22234,47.97157],[8.22286,47.97102],[8.22302,47.97086],[8.22376,47.97041],[8.22456,47.96993],[8.22569,47.97035],[8.22648,47.97066],[8.22705,47.97079],[8.22831,47.97088],[8.23089,47.97008],[8.23196,47.96807],[8.23402,47.9688],[8.23526,47.9694],[8.23619,47.9703],[8.23669,47.97084],[8.23711,47.97131],[8.23775,47.97223],[8.23898,47.97359],[8.2393,47.97398],[8.24066,47.97507],[8.24215,47.97398],[8.24336,47.97273],[8.24353,47.97253],[8.24478,47.97222],[8.24527,47.97209],[8.24574,47.97203],[8.24825,47.97172],[8.25426,47.97287],[8.25838,47.97365],[8.25928,47.97364],[8.26051,47.97357],[8.26213,47.97326],[8.26416,47.97278],[8.26599,47.97251],[8.26726,47.97217],[8.26862,47.97175],[8.2679,47.97066],[8.26713,47.96952],[8.26665,47.96872],[8.26536,47.96678],[8.26482,47.96583],[8.26418,47.96408],[8.26317,47.96173],[8.26244,47.96045],[8.26214,47.95983],[8.26069,47.95823],[8.26298,47.95823],[8.26374,47.95815],[8.26306,47.95751],[8.26253,47.95711],[8.26368,47.95677],[8.26424,47.95657],[8.26399,47.95646],[8.26359,47.95661],[8.26361,47.95662],[8.26315,47.95683],[8.26308,47.95646],[8.26327,47.95579],[8.2633,47.95534],[8.26351,47.9553],[8.26326,47.9549],[8.26288,47.95452],[8.26257,47.95462],[8.26232,47.95422],[8.26214,47.95375],[8.26134,47.95309],[8.26059,47.95285],[8.26054,47.95294],[8.25994,47.95281],[8.25902,47.95268],[8.25821,47.95263],[8.25613,47.95172],[8.25621,47.95154],[8.25732,47.95127],[8.25739,47.95111],[8.25811,47.95117],[8.25714,47.95094],[8.25548,47.95049],[8.25314,47.94988],[8.25188,47.94982],[8.24995,47.94996],[8.248,47.95011],[8.24714,47.95],[8.24714,47.94996],[8.24717,47.94949],[8.24759,47.94937],[8.24765,47.94883],[8.2475,47.94819],[8.2473,47.94796],[8.24746,47.9476],[8.24777,47.94762],[8.24798,47.94724],[8.24895,47.94763],[8.24924,47.94722],[8.24929,47.94685],[8.2495,47.94642],[8.24924,47.94622],[8.24973,47.94596],[8.2506,47.94719],[8.2516,47.9469],[8.25182,47.9471],[8.25197,47.94703],[8.25206,47.9471],[8.25205,47.94712],[8.25231,47.94727],[8.25256,47.94722],[8.25281,47.94712],[8.25349,47.94702],[8.25388,47.94699],[8.25412,47.94681],[8.25442,47.94672],[8.25477,47.94673],[8.25636,47.94591],[8.25651,47.9452],[8.25778,47.94493],[8.25745,47.94415],[8.25949,47.94399],[8.26149,47.94384],[8.26702,47.94189],[8.2714,47.94373],[8.27153,47.94375],[8.27173,47.94383],[8.27198,47.94384],[8.27221,47.9438],[8.27241,47.9439],[8.27322,47.94384],[8.27354,47.94387],[8.27407,47.94397],[8.27428,47.94399],[8.27561,47.94401],[8.27581,47.94402],[8.27698,47.94376],[8.27781,47.94403],[8.27781,47.94406],[8.27799,47.94397],[8.27812,47.94394],[8.27846,47.9438],[8.27855,47.94387],[8.27895,47.94383],[8.27904,47.9438],[8.27935,47.94378],[8.27955,47.94369],[8.27971,47.9435],[8.27978,47.94353],[8.27992,47.94349],[8.28006,47.94352],[8.28028,47.9435],[8.28041,47.94345],[8.28042,47.94342],[8.28055,47.94342],[8.2807,47.94335],[8.28075,47.94336],[8.28083,47.94324],[8.28094,47.94316],[8.2809,47.94309],[8.28108,47.94298],[8.28109,47.94295],[8.28122,47.94292],[8.28126,47.94286],[8.28121,47.94278],[8.2813,47.94266],[8.28142,47.94261],[8.28158,47.94255],[8.28237,47.94249],[8.28271,47.9424],[8.28312,47.94214],[8.28439,47.94178],[8.28509,47.94152],[8.28539,47.94172],[8.28584,47.94165],[8.28608,47.94181],[8.28688,47.94192],[8.28752,47.9419],[8.28775,47.94216],[8.28844,47.94209],[8.29158,47.94264],[8.29216,47.94261],[8.29261,47.94276],[8.29335,47.9427],[8.29394,47.94242],[8.29449,47.94235],[8.2947,47.94219],[8.29497,47.94217],[8.29523,47.94204],[8.29602,47.94196],[8.29606,47.94196],[8.29701,47.94179],[8.29782,47.94176],[8.29852,47.94159],[8.30013,47.9414],[8.30047,47.94152],[8.30173,47.94159],[8.30211,47.94185],[8.30258,47.94181],[8.30294,47.94195],[8.30304,47.94194],[8.30312,47.94176],[8.30323,47.94176],[8.30333,47.94187],[8.30332,47.94207],[8.30382,47.94224],[8.30413,47.9422],[8.30469,47.9425],[8.30503,47.94243],[8.30577,47.94258],[8.30607,47.94277],[8.30639,47.94278],[8.30678,47.94272],[8.3073,47.94301],[8.30772,47.94302],[8.30828,47.94339],[8.30917,47.94338],[8.30952,47.94364],[8.3098,47.94366],[8.31017,47.94382],[8.31059,47.94369],[8.31173,47.94387],[8.3128,47.94362],[8.31365,47.94352],[8.3144,47.94352],[8.31454,47.94489],[8.31443,47.94545],[8.31418,47.94599],[8.31536,47.94624],[8.31572,47.94637],[8.31608,47.9465],[8.31632,47.94664],[8.31638,47.94673],[8.31638,47.94694],[8.31621,47.94727],[8.31602,47.94753],[8.31635,47.94918],[8.3161,47.94991],[8.31582,47.9504],[8.31566,47.95053],[8.31562,47.95052],[8.31548,47.95068],[8.31512,47.95096],[8.31434,47.9515],[8.31378,47.95183],[8.31325,47.95165],[8.31134,47.9512],[8.31044,47.95102],[8.30731,47.95072],[8.30703,47.9507],[8.3057,47.9503],[8.30363,47.94977],[8.3025,47.94943],[8.30228,47.9499],[8.30209,47.9504],[8.30122,47.95185],[8.30115,47.95203],[8.29906,47.95201],[8.29669,47.95197],[8.29619,47.95196],[8.29321,47.95191],[8.29229,47.95199],[8.28856,47.95152],[8.28398,47.95098],[8.28276,47.95087],[8.28194,47.95093],[8.281,47.95109],[8.27898,47.95152],[8.27597,47.95219],[8.27565,47.95223],[8.27311,47.95186],[8.27135,47.95251],[8.26968,47.95322],[8.27058,47.95345],[8.2709,47.95364],[8.27136,47.95432],[8.27197,47.95486],[8.27241,47.95516],[8.27272,47.95548],[8.27404,47.95756],[8.27489,47.9586],[8.27528,47.95893],[8.27549,47.95911],[8.27626,47.95952],[8.27659,47.95957],[8.27716,47.95954],[8.27734,47.95948],[8.27768,47.95938],[8.27836,47.9591],[8.27897,47.9589],[8.27952,47.95878],[8.28035,47.95848],[8.28068,47.95843],[8.28102,47.95847],[8.28121,47.95854],[8.28168,47.95867],[8.28395,47.95963],[8.28489,47.95997],[8.28519,47.96018],[8.28574,47.96041],[8.28629,47.96047],[8.28672,47.96072],[8.28731,47.96115],[8.28759,47.96125],[8.28834,47.96128],[8.28839,47.96128],[8.28875,47.96129],[8.28934,47.96129],[8.28943,47.96129],[8.29019,47.96131],[8.29093,47.96127],[8.29052,47.96107],[8.29034,47.96095],[8.29034,47.96083],[8.29048,47.96075],[8.29079,47.96066],[8.29114,47.96061],[8.29126,47.96054],[8.29149,47.96021],[8.29242,47.9593],[8.29369,47.95837],[8.29465,47.95846],[8.29488,47.95848],[8.2966,47.95891],[8.29632,47.9596],[8.29601,47.96042],[8.29578,47.96097],[8.29573,47.96131],[8.29561,47.96146],[8.29541,47.96209],[8.29521,47.96285],[8.29645,47.96293],[8.29688,47.96351],[8.29757,47.96424],[8.29952,47.9657],[8.29941,47.96592],[8.30173,47.96601],[8.30318,47.96589],[8.30532,47.96524],[8.30547,47.96518],[8.30645,47.96499],[8.30684,47.96493],[8.30714,47.96486],[8.30635,47.96879],[8.30601,47.97055],[8.30713,47.97044],[8.30842,47.97027],[8.30979,47.9701],[8.31243,47.97024],[8.31436,47.96973]]]}},{"type":"Feature","properties":{"id":"titisee_neustadt","name":"Titisee-Neustadt"},"geometry":{"type":"Polygon","coordinates":[[[8.13403,47.97951],[8.13418,47.97926],[8.13434,47.97911],[8.13509,47.97844],[8.13526,47.9781],[8.13527,47.97727],[8.13547,47.97682],[8.13533,47.97622],[8.13539,47.97577],[8.1352,47.97552],[8.13513,47.97522],[8.13563,47.97425],[8.13601,47.97324],[8.13678,47.97294],[8.13871,47.97189],[8.13956,47.97126],[8.13964,47.97111],[8.13963,47.97095],[8.14001,47.97068],[8.14009,47.97038],[8.14024,47.97025],[8.14065,47.97019],[8.14086,47.97004],[8.14156,47.97011],[8.14184,47.97006],[8.14223,47.97011],[8.14314,47.97005],[8.14346,47.97015],[8.14442,47.97015],[8.14498,47.97006],[8.14627,47.97008],[8.14712,47.96996],[8.14733,47.96979],[8.14764,47.96983],[8.14793,47.96977],[8.14802,47.96967],[8.1482,47.9696],[8.14884,47.96908],[8.14899,47.96904],[8.14915,47.96881],[8.14954,47.96866],[8.14982,47.96813],[8.15029,47.96782],[8.15121,47.96756],[8.15167,47.96686],[8.15191,47.96675],[8.15232,47.9664],[8.15242,47.96617],[8.1524,47.96581],[8.15248,47.96575],[8.1528,47.96565],[8.15249,47.96521],[8.15252,47.9645],[8.15246,47.96414],[8.15195,47.96388],[8.15155,47.96314],[8.15156,47.96293],[8.1512,47.96201],[8.15089,47.96167],[8.15141,47.96116],[8.15135,47.96107],[8.15171,47.96059],[8.15174,47.9599],[8.15193,47.95951],[8.15163,47.9595],[8.15173,47.95935],[8.15118,47.95936],[8.15097,47.9593],[8.15068,47.95904],[8.15022,47.959],[8.1495,47.95916],[8.14993,47.95876],[8.15075,47.95818],[8.15201,47.957],[8.15111,47.95591],[8.15017,47.95587],[8.14916,47.95541],[8.14835,47.95489],[8.14378,47.95421],[8.14438,47.95335],[8.14462,47.95345],[8.14662,47.95274],[8.14663,47.95273],[8.14777,47.95024],[8.14879,47.94762],[8.14877,47.947],[8.14953,47.94687],[8.15145,47.94599],[8.15177,47.94583],[8.15484,47.94491],[8.15543,47.94224],[8.15623,47.94005],[8.15689,47.93868],[8.15734,47.93803],[8.15655,47.93802],[8.15545,47.9379],[8.15426,47.93757],[8.15256,47.93668],[8.15006,47.93601],[8.14934,47.93594],[8.14794,47.9357],[8.1474,47.93575],[8.14668,47.93571],[8.1454,47.93529],[8.14402,47.93497],[8.14339,47.93506],[8.14282,47.93527],[8.14223,47.93533],[8.14092,47.93535],[8.13988,47.93547],[8.13626,47.93514],[8.13585,47.93522],[8.13464,47.93566],[8.13153,47.93619],[8.13035,47.93627],[8.12893,47.93621],[8.12822,47.9382],[8.12776,47.9389],[8.12596,47.94019],[8.12457,47.94074],[8.12046,47.94039],[8.11961,47.93811],[8.11882,47.9351],[8.11812,47.93331],[8.11467,47.92875],[8.11388,47.92816],[8.11338,47.92641],[8.11213,47.92456],[8.11203,47.92426],[8.1121,47.91945],[8.11117,47.91715],[8.11066,47.91601],[8.11014,47.91414],[8.11003,47.91363],[8.10983,47.91289],[8.1095,47.91212],[8.11084,47.91173],[8.11264,47.9112],[8.11354,47.9108],[8.11507,47.90996],[8.11714,47.90914],[8.11889,47.90828],[8.11983,47.90783],[8.12025,47.90762],[8.12052,47.90748],[8.12044,47.90742],[8.12125,47.90709],[8.12299,47.90636],[8.12372,47.90608],[8.12514,47.90553],[8.12545,47.90545],[8.12635,47.90527],[8.12633,47.90528],[8.12709,47.90518],[8.12766,47.90521],[8.1277,47.90521],[8.12797,47.90527],[8.12883,47.90555],[8.13,47.90557],[8.13076,47.90559],[8.13151,47.9057],[8.13261,47.90585],[8.13373,47.90072],[8.13426,47.90068],[8.13573,47.90041],[8.13757,47.9003],[8.14013,47.89897],[8.14149,47.89848],[8.14261,47.89821],[8.14349,47.89805],[8.14355,47.89804],[8.14525,47.89774],[8.1356,47.88732],[8.13728,47.8849],[8.13811,47.88399],[8.14069,47.88447],[8.14185,47.88481],[8.14135,47.88485],[8.14132,47.88491],[8.14234,47.88552],[8.1434,47.88594],[8.14635,47.88765],[8.14746,47.88867],[8.14809,47.88902],[8.1485,47.88949],[8.14902,47.88985],[8.14943,47.89002],[8.14966,47.89028],[8.15023,47.89043],[8.15063,47.89073],[8.15112,47.89097],[8.15182,47.89141],[8.15295,47.89202],[8.15473,47.89331],[8.15471,47.89348],[8.15499,47.89372],[8.15738,47.89539],[8.15902,47.89683],[8.15926,47.89683],[8.1601,47.89712],[8.16041,47.89687],[8.162,47.89722],[8.16275,47.89685],[8.163,47.89605],[8.16336,47.89599],[8.1652,47.89648],[8.16566,47.89673],[8.16649,47.89689],[8.16633,47.89711],[8.16724,47.89739],[8.16767,47.89725],[8.16931,47.89815],[8.16902,47.89837],[8.16935,47.89858],[8.1699,47.8988],[8.17014,47.89893],[8.17102,47.89904],[8.17172,47.89919],[8.17218,47.89919],[8.17333,47.89781],[8.17372,47.89766],[8.17437,47.8976],[8.17515,47.89766],[8.17591,47.89783],[8.17614,47.89863],[8.17606,47.89927],[8.17626,47.90003],[8.17624,47.90079],[8.17642,47.90131],[8.17701,47.90177],[8.17765,47.90214],[8.17817,47.90312],[8.17775,47.90407],[8.17777,47.9043],[8.17795,47.90461],[8.17832,47.90491],[8.17882,47.90515],[8.18015,47.90421],[8.18179,47.90355],[8.183,47.90308],[8.18427,47.90129],[8.18528,47.90032],[8.18643,47.9],[8.18686,47.89988],[8.18785,47.89953],[8.18857,47.89927],[8.18959,47.89921],[8.19038,47.89916],[8.19086,47.89913],[8.19156,47.89904],[8.1927,47.89846],[8.19356,47.89769],[8.19416,47.89714],[8.1955,47.89702],[8.19577,47.89686],[8.19661,47.8964],[8.19743,47.89592],[8.1988,47.89516],[8.19928,47.89485],[8.20017,47.89432],[8.20153,47.89356],[8.20231,47.89312],[8.20249,47.89302],[8.20346,47.89301],[8.20454,47.89304],[8.20642,47.89305],[8.20824,47.89306],[8.20889,47.89295],[8.21015,47.8924],[8.21168,47.89171],[8.21344,47.89154],[8.21504,47.89045],[8.21842,47.89034],[8.22192,47.89046],[8.22299,47.89062],[8.22375,47.89052],[8.2245,47.89028],[8.22574,47.8899],[8.22762,47.88899],[8.22815,47.88886],[8.22877,47.88887],[8.23099,47.88937],[8.23237,47.88961],[8.23346,47.88958],[8.23697,47.88928],[8.23959,47.88968],[8.24234,47.89035],[8.24321,47.89053],[8.24328,47.89049],[8.24477,47.89049],[8.24459,47.89104],[8.24464,47.89147],[8.2453,47.89155],[8.24524,47.89103],[8.24799,47.89136],[8.24877,47.89155],[8.25098,47.89232],[8.25283,47.89306],[8.25414,47.89341],[8.25525,47.89434],[8.2577,47.8972],[8.25786,47.8983],[8.2578,47.89873],[8.25839,47.90233],[8.25942,47.90254],[8.26214,47.9019],[8.26657,47.9022],[8.27157,47.90384],[8.2719,47.90398],[8.27122,47.90433],[8.27064,47.90449],[8.26945,47.90445],[8.26933,47.90436],[8.26893,47.9042],[8.26767,47.90408],[8.26725,47.90433],[8.2687,47.90476],[8.26864,47.9049],[8.26813,47.90516],[8.26779,47.90523],[8.26753,47.90553],[8.26607,47.90599],[8.26542,47.90644],[8.26502,47.90662],[8.26474,47.90688],[8.26426,47.90696],[8.26398,47.90687],[8.26378,47.90694],[8.26372,47.90717],[8.26354,47.90734],[8.26394,47.90764],[8.26327,47.90836],[8.26197,47.90848],[8.26052,47.90852],[8.25886,47.90878],[8.25807,47.90842],[8.25754,47.90798],[8.25693,47.90767],[8.25478,47.9074],[8.25448,47.90748],[8.25335,47.90817],[8.25257,47.90803],[8.25103,47.90791],[8.25029,47.90927],[8.25025,47.90932],[8.24931,47.91057],[8.24801,47.91197],[8.24584,47.91409],[8.24534,47.91487],[8.24484,47.91629],[8.24495,47.91674],[8.24475,47.91849],[8.24475,47.92013],[8.24602,47.92083],[8.24768,47.92275],[8.24622,47.92369],[8.24251,47.92508],[8.24292,47.92549],[8.24352,47.92614],[8.24507,47.92831],[8.24652,47.92969],[8.24861,47.93118],[8.24801,47.93189],[8.24789,47.93284],[8.24738,47.9336],[8.24775,47.93407],[8.24963,47.93567],[8.24894,47.93665],[8.24496,47.94219],[8.24433,47.94436],[8.24385,47.94498],[8.24466,47.94465],[8.24476,47.94468],[8.24478,47.94487],[8.24576,47.9449],[8.24634,47.945],[8.24757,47.94547],[8.24846,47.94575],[8.24924,47.94622],[8.2495,47.94642],[8.24929,47.94685],[8.24924,47.94722],[8.24895,47.94763],[8.24798,47.94724],[8.24777,47.94762],[8.24746,47.9476],[8.2473,47.94796],[8.2475,47.94819],[8.24765,47.94883],[8.24759,47.94937],[8.24717,47.94949],[8.24714,47.94996],[8.24714,47.95],[8.248,47.95011],[8.24995,47.94996],[8.25188,47.94982],[8.25314,47.94988],[8.25548,47.95049],[8.25714,47.95094],[8.25811,47.95117],[8.25739,47.95111],[8.25732,47.95127],[8.25621,47.95154],[8.25613,47.95172],[8.25821,47.95263],[8.25902,47.95268],[8.25994,47.95281],[8.26054,47.95294],[8.26059,47.95285],[8.26134,47.95309],[8.26214,47.95375],[8.26232,47.95422],[8.26257,47.95462],[8.26288,47.95452],[8.26326,47.9549],[8.26351,47.9553],[8.2633,47.95534],[8.26327,47.95579],[8.26308,47.95646],[8.26315,47.95683],[8.26361,47.95662],[8.26359,47.95661],[8.26399,47.95646],[8.26424,47.95657],[8.26368,47.95677],[8.26253,47.95711],[8.26306,47.95751],[8.26374,47.95815],[8.26298,47.95823],[8.26069,47.95823],[8.26214,47.95983],[8.26244,47.96045],[8.26317,47.96173],[8.26418,47.96408],[8.26482,47.96583],[8.26536,47.96678],[8.26665,47.96872],[8.26713,47.96952],[8.2679,47.97066],[8.26862,47.97175],[8.26726,47.97217],[8.26599,47.97251],[8.26416,47.97278],[8.26213,47.97326],[8.26051,47.97357],[8.25928,47.97364],[8.25838,47.97365],[8.25426,47.97287],[8.24825,47.97172],[8.24574,47.97203],[8.24527,47.97209],[8.24478,47.97222],[8.24353,47.97253],[8.24336,47.97273],[8.24215,47.97398],[8.24066,47.97507],[8.2393,47.97398],[8.23898,47.97359],[8.23775,47.97223],[8.23711,47.97131],[8.23669,47.97084],[8.23619,47.9703],[8.23526,47.9694],[8.23402,47.9688],[8.23196,47.96807],[8.23089,47.97008],[8.22831,47.97088],[8.22705,47.97079],[8.22648,47.97066],[8.22569,47.97035],[8.22456,47.96993],[8.22376,47.97041],[8.22302,47.97086],[8.22286,47.97102],[8.22234,47.97157],[8.22113,47.9726],[8.22001,47.97308],[8.21894,47.97355],[8.21762,47.97412],[8.21683,47.9744],[8.21618,47.9745],[8.21553,47.97459],[8.2128,47.97486],[8.21112,47.97463],[8.20932,47.97425],[8.20855,47.97406],[8.20736,47.97365],[8.20774,47.97312],[8.20804,47.97261],[8.20831,47.97199],[8.20608,47.97189],[8.20405,47.97208],[8.20274,47.97234],[8.20227,47.97254],[8.20148,47.97297],[8.2007,47.97332],[8.19932,47.97422],[8.19886,47.97435],[8.19833,47.97441],[8.1975,47.97458],[8.1972,47.97477],[8.1967,47.97517],[8.19601,47.97567],[8.19567,47.97597],[8.19506,47.97628],[8.19433,47.9765],[8.19346,47.97666],[8.19372,47.97749],[8.19378,47.97799],[8.19376,47.97993],[8.19374,47.98023],[8.19424,47.98147],[8.19497,47.98238],[8.19551,47.98291],[8.19655,47.98371],[8.19642,47.9839],[8.19593,47.98466],[8.19557,47.98523],[8.1951,47.98583],[8.19394,47.98677],[8.19398,47.98719],[8.19422,47.988],[8.19434,47.9892],[8.19427,47.98942],[8.19423,47.98987],[8.19392,47.99035],[8.1936,47.99073],[8.19327,47.99112],[8.19271,47.99175],[8.1924,47.99236],[8.19207,47.99303],[8.19161,47.99347],[8.19113,47.99367],[8.19066,47.9937],[8.19042,47.99368],[8.19005,47.99363],[8.18873,47.99342],[8.18752,47.99323],[8.18631,47.99302],[8.18491,47.9928],[8.18388,47.99262],[8.18288,47.99284],[8.18198,47.99299],[8.18093,47.99316],[8.1804,47.99323],[8.17958,47.99333],[8.17518,47.99388],[8.17479,47.99394],[8.17441,47.99397],[8.17358,47.99407],[8.17244,47.99419],[8.17134,47.9943],[8.16916,47.99357],[8.16781,47.99313],[8.16688,47.9924],[8.16615,47.99163],[8.16526,47.99185],[8.16154,47.9938],[8.16137,47.99637],[8.1615,47.99699],[8.16365,47.99828],[8.16311,47.99865],[8.16262,47.99899],[8.16172,47.9994],[8.16037,47.9999],[8.1592,48.0],[8.15774,48.00051],[8.15656,48.00134],[8.15639,48.00146],[8.15382,48.00136],[8.15153,48.00135],[8.15096,48.00135],[8.15167,48.00074],[8.15278,47.99949],[8.15294,47.99948],[8.15251,47.99907],[8.15241,47.99858],[8.15196,47.99844],[8.15171,47.99808],[8.15223,47.9976],[8.15291,47.99688],[8.15381,47.99642],[8.15403,47.99653],[8.15438,47.99625],[8.15392,47.99581],[8.15315,47.9954],[8.15289,47.99502],[8.15256,47.99591],[8.15218,47.99605],[8.15188,47.996],[8.15153,47.99569],[8.15111,47.99549],[8.15056,47.99503],[8.14976,47.99491],[8.14897,47.99531],[8.14876,47.99553],[8.14693,47.99551],[8.14629,47.9953],[8.14567,47.99525],[8.14525,47.99496],[8.14472,47.99511],[8.14385,47.99483],[8.14334,47.99458],[8.14308,47.99394],[8.14301,47.99316],[8.14312,47.99275],[8.14344,47.9925],[8.14264,47.99244],[8.14322,47.99215],[8.14095,47.99217],[8.14,47.99222],[8.13884,47.99218],[8.13868,47.99165],[8.13813,47.99059],[8.13769,47.99025],[8.1365,47.9899],[8.13586,47.99],[8.13567,47.9904],[8.13513,47.99026],[8.1348,47.99058],[8.13435,47.99155],[8.1334,47.99192],[8.13289,47.99242],[8.13244,47.9927],[8.13232,47.99305],[8.13147,47.99287],[8.13061,47.99282],[8.12913,47.99293],[8.12859,47.99175],[8.12904,47.99194],[8.1297,47.99191],[8.12992,47.99183],[8.13037,47.9918],[8.13093,47.99168],[8.13119,47.99151],[8.13171,47.99133],[8.13199,47.99127],[8.13278,47.99078],[8.13289,47.99063],[8.13296,47.99013],[8.13286,47.98976],[8.13292,47.98936],[8.13274,47.98917],[8.13253,47.98912],[8.13238,47.98885],[8.13238,47.9885],[8.13244,47.98823],[8.13267,47.98799],[8.13306,47.98788],[8.13294,47.98748],[8.13297,47.98733],[8.13311,47.98724],[8.1332,47.98684],[8.13351,47.98669],[8.13358,47.98651],[8.13376,47.9864],[8.13378,47.98632],[8.13393,47.98627],[8.13406,47.98625],[8.13416,47.98621],[8.13426,47.98609],[8.13426,47.98601],[8.13443,47.98591],[8.13462,47.98578],[8.13461,47.98573],[8.13465,47.9857],[8.1346,47.98552],[8.13465,47.98548],[8.13469,47.98547],[8.13475,47.98546],[8.13481,47.98533],[8.1349,47.98527],[8.13486,47.98517],[8.1349,47.98505],[8.13487,47.98497],[8.13493,47.98489],[8.1349,47.98482],[8.13492,47.98465],[8.13499,47.98456],[8.13495,47.98425],[8.13503,47.98362],[8.1351,47.98342],[8.13504,47.9831],[8.13509,47.98289],[8.13499,47.9827],[8.135,47.9825],[8.13494,47.98213],[8.1344,47.98131],[8.13426,47.98091],[8.13421,47.98067],[8.13435,47.98038],[8.13427,47.97997],[8.13403,47.97951]]]}},{"type":"Feature","properties":{"id":"friedenweiler","name":"Friedenweiler"},"geometry":{"type":"Polygon","coordinates":[[[8.25414,47.89341],[8.25621,47.89292],[8.25755,47.89063],[8.25858,47.88913],[8.25984,47.88762],[8.26099,47.88544],[8.26537,47.88257],[8.26895,47.87582],[8.27326,47.87477],[8.27378,47.87125],[8.27562,47.86871],[8.27633,47.86797],[8.27837,47.86674],[8.27983,47.8654],[8.28008,47.86528],[8.28008,47.8647],[8.28014,47.86467],[8.28098,47.86502],[8.28031,47.86575],[8.28046,47.86636],[8.28021,47.86688],[8.28071,47.8671],[8.28099,47.86774],[8.2817,47.86803],[8.28219,47.86829],[8.28273,47.86906],[8.28286,47.86932],[8.28344,47.86966],[8.28334,47.87012],[8.28288,47.8702],[8.28262,47.87059],[8.28269,47.87078],[8.28263,47.87102],[8.28237,47.87127],[8.28121,47.87189],[8.28123,47.87213],[8.28192,47.87246],[8.28179,47.87276],[8.28125,47.87278],[8.281,47.8729],[8.28086,47.87323],[8.28127,47.87354],[8.2826,47.87381],[8.28305,47.87485],[8.28421,47.87503],[8.28482,47.87526],[8.28575,47.87519],[8.28616,47.87559],[8.28665,47.87591],[8.28728,47.87588],[8.28821,47.87658],[8.28823,47.87663],[8.28816,47.87698],[8.28877,47.87727],[8.28903,47.87777],[8.28937,47.87809],[8.28945,47.87817],[8.28958,47.87829],[8.28974,47.87845],[8.28987,47.87863],[8.28995,47.8788],[8.29599,47.87803],[8.29993,47.87755],[8.30033,47.87771],[8.3038,47.87826],[8.30382,47.87874],[8.30473,47.87863],[8.30599,47.87823],[8.30712,47.87862],[8.30729,47.87828],[8.3089,47.8787],[8.30891,47.87899],[8.30959,47.8788],[8.31013,47.87877],[8.31091,47.8823],[8.3113,47.8827],[8.3109,47.88316],[8.31007,47.88381],[8.31124,47.8841],[8.3112,47.88432],[8.3113,47.88433],[8.31105,47.88675],[8.3113,47.88675],[8.31129,47.88698],[8.31164,47.8869],[8.31145,47.88818],[8.31182,47.88856],[8.31174,47.88891],[8.31181,47.8892],[8.31142,47.88996],[8.31197,47.89014],[8.31108,47.89061],[8.31033,47.89092],[8.31088,47.89095],[8.31112,47.89102],[8.31117,47.89116],[8.31076,47.89181],[8.31002,47.89267],[8.30915,47.89378],[8.30933,47.89384],[8.30841,47.89518],[8.30804,47.89499],[8.30757,47.89562],[8.30693,47.89623],[8.30707,47.89631],[8.30664,47.8967],[8.30663,47.89679],[8.30504,47.89779],[8.3041,47.89881],[8.3036,47.89987],[8.30378,47.8999],[8.30348,47.90095],[8.30351,47.90157],[8.30335,47.903],[8.30204,47.90504],[8.30083,47.90674],[8.29746,47.9096],[8.29591,47.91207],[8.29464,47.91477],[8.29458,47.91503],[8.29446,47.92001],[8.2927,47.92297],[8.29399,47.9246],[8.29766,47.92921],[8.297,47.93231],[8.29624,47.93434],[8.29584,47.93505],[8.29598,47.93897],[8.29602,47.94196],[8.29523,47.94204],[8.29497,47.94217],[8.2947,47.94219],[8.29449,47.94235],[8.29394,47.94242],[8.29335,47.9427],[8.29261,47.94276],[8.29216,47.94261],[8.29158,47.94264],[8.28844,47.94209],[8.28775,47.94216],[8.28752,47.9419],[8.28688,47.94192],[8.28608,47.94181],[8.28584,47.94165],[8.28539,47.94172],[8.28509,47.94152],[8.28439,47.94178],[8.28312,47.94214],[8.28271,47.9424],[8.28237,47.94249],[8.28158,47.94255],[8.28142,47.94261],[8.2813,47.94266],[8.28121,47.94278],[8.28126,47.94286],[8.28122,47.94292],[8.28109,47.94295],[8.28108,47.94298],[8.2809,47.94309],[8.28094,47.94316],[8.28083,47.94324],[8.28075,47.94336],[8.2807,47.94335],[8.28055,47.94342],[8.28042,47.94342],[8.28041,47.94345],[8.28028,47.9435],[8.28006,47.94352],[8.27992,47.94349],[8.27978,47.94353],[8.27971,47.9435],[8.27955,47.94369],[8.27935,47.94378],[8.27904,47.9438],[8.27895,47.94383],[8.27855,47.94387],[8.27846,47.9438],[8.27812,47.94394],[8.27799,47.94397],[8.27781,47.94406],[8.27781,47.94403],[8.27698,47.94376],[8.27581,47.94402],[8.27561,47.94401],[8.27428,47.94399],[8.27407,47.94397],[8.27354,47.94387],[8.27322,47.94384],[8.27241,47.9439],[8.27221,47.9438],[8.27198,47.94384],[8.27173,47.94383],[8.27153,47.94375],[8.2714,47.94373],[8.26702,47.94189],[8.26149,47.94384],[8.25949,47.94399],[8.25745,47.94415],[8.25778,47.94493],[8.25651,47.9452],[8.25636,47.94591],[8.25477,47.94673],[8.25442,47.94672],[8.25412,47.94681],[8.25388,47.94699],[8.25349,47.94702],[8.25281,47.94712],[8.25256,47.94722],[8.25231,47.94727],[8.25205,47.94712],[8.25206,47.9471],[8.25197,47.94703],[8.25182,47.9471],[8.2516,47.9469],[8.2506,47.94719],[8.24973,47.94596],[8.24924,47.94622],[8.24846,47.94575],[8.24757,47.94547],[8.24634,47.945],[8.24576,47.9449],[8.24478,47.94487],[8.24476,47.94468],[8.24466,47.94465],[8.24385,47.94498],[8.24433,47.94436],[8.24496,47.94219],[8.24894,47.93665],[8.24963,47.93567],[8.24775,47.93407],[8.24738,47.9336],[8.24789,47.93284],[8.24801,47.93189],[8.24861,47.93118],[8.24652,47.92969],[8.24507,47.92831],[8.24352,47.92614],[8.24292,47.92549],[8.24251,47.92508],[8.24622,47.92369],[8.24768,47.92275],[8.24602,47.92083],[8.24475,47.92013],[8.24475,47.91849],[8.24495,47.91674],[8.24484,47.91629],[8.24534,47.91487],[8.24584,47.91409],[8.24801,47.91197],[8.24931,47.91057],[8.25025,47.90932],[8.25029,47.90927],[8.25103,47.90791],[8.25257,47.90803],[8.25335,47.90817],[8.25448,47.90748],[8.25478,47.9074],[8.25693,47.90767],[8.25754,47.90798],[8.25807,47.90842],[8.25886,47.90878],[8.26052,47.90852],[8.26197,47.90848],[8.26327,47.90836],[8.26394,47.90764],[8.26354,47.90734],[8.26372,47.90717],[8.26378,47.90694],[8.26398,47.90687],[8.26426,47.90696],[8.26474,47.90688],[8.26502,47.90662],[8.26542,47.90644],[8.26607,47.90599],[8.26753,47.90553],[8.26779,47.90523],[8.26813,47.90516],[8.26864,47.9049],[8.2687,47.90476],[8.26725,47.90433],[8.26767,47.90408],[8.26893,47.9042],[8.26933,47.90436],[8.26945,47.90445],[8.27064,47.90449],[8.27122,47.90433],[8.2719,47.90398],[8.27157,47.90384],[8.26657,47.9022],[8.26214,47.9019],[8.25942,47.90254],[8.25839,47.90233],[8.2578,47.89873],[8.25786,47.8983],[8.2577,47.8972],[8.25525,47.89434],[8.25414,47.89341]]]}},{"type":"Feature","properties":{"id":"loeffingen","name":"Löffingen"},"geometry":{"type":"Polygon","coordinates":[[[8.2676,47.85168],[8.26765,47.85168],[8.26781,47.85166],[8.26789,47.85166],[8.26811,47.85157],[8.26834,47.85154],[8.2684,47.85151],[8.2685,47.85156],[8.26854,47.85154],[8.26878,47.85157],[8.2691,47.85148],[8.2698,47.85166],[8.27013,47.85166],[8.27077,47.85153],[8.271,47.85153],[8.27117,47.85158],[8.27145,47.85155],[8.27164,47.85148],[8.272,47.85148],[8.27214,47.85146],[8.27228,47.85145],[8.27264,47.85159],[8.27279,47.85161],[8.27293,47.85158],[8.27307,47.85152],[8.27322,47.85147],[8.27341,47.85142],[8.2736,47.8514],[8.2737,47.8514],[8.2743,47.85159],[8.27451,47.85163],[8.27551,47.85162],[8.27608,47.8519],[8.27613,47.8519],[8.27632,47.8518],[8.27654,47.85179],[8.27674,47.85172],[8.27693,47.85186],[8.27746,47.85213],[8.27751,47.85214],[8.27798,47.85203],[8.2783,47.8522],[8.27852,47.85236],[8.27863,47.85236],[8.27894,47.85227],[8.27919,47.8523],[8.27948,47.85239],[8.28024,47.85248],[8.28103,47.85266],[8.28125,47.8526],[8.28177,47.85261],[8.28231,47.85257],[8.28246,47.85259],[8.28264,47.85268],[8.2827,47.85267],[8.28286,47.85257],[8.28396,47.85309],[8.28579,47.8532],[8.28594,47.85325],[8.28613,47.85324],[8.28626,47.85328],[8.28676,47.85333],[8.28684,47.85336],[8.28708,47.85352],[8.28715,47.85373],[8.28754,47.85409],[8.28833,47.85409],[8.28918,47.85391],[8.29058,47.85356],[8.29072,47.8534],[8.29099,47.85327],[8.2911,47.85316],[8.29117,47.853],[8.29117,47.85242],[8.29137,47.85191],[8.29144,47.85182],[8.29188,47.85141],[8.29218,47.85098],[8.29231,47.85056],[8.29239,47.84976],[8.29219,47.84946],[8.29166,47.849],[8.29161,47.84855],[8.29243,47.84793],[8.2925,47.84792],[8.2927,47.84795],[8.29273,47.84806],[8.29285,47.84817],[8.29307,47.84825],[8.29366,47.84835],[8.29415,47.84837],[8.29433,47.84832],[8.29505,47.84782],[8.29562,47.84711],[8.29551,47.84685],[8.29548,47.84667],[8.29551,47.84658],[8.29563,47.84648],[8.29579,47.84643],[8.29612,47.84645],[8.29633,47.84652],[8.29672,47.84681],[8.29688,47.84685],[8.29769,47.84689],[8.29998,47.84677],[8.30084,47.84667],[8.30226,47.84646],[8.30235,47.84647],[8.30249,47.84651],[8.303,47.84678],[8.30304,47.84683],[8.30313,47.84735],[8.30317,47.84747],[8.30328,47.84762],[8.30349,47.84781],[8.30405,47.84814],[8.30453,47.84838],[8.30472,47.84838],[8.30495,47.84833],[8.30544,47.84818],[8.30571,47.84812],[8.3062,47.84812],[8.30634,47.84818],[8.3069,47.84833],[8.30749,47.84821],[8.30771,47.84809],[8.3079,47.84764],[8.30798,47.84723],[8.30831,47.84675],[8.30862,47.84635],[8.30882,47.84606],[8.30947,47.84531],[8.30972,47.84509],[8.31001,47.8449],[8.31018,47.84485],[8.31067,47.84463],[8.31134,47.84448],[8.31199,47.8444],[8.31243,47.84454],[8.31265,47.84455],[8.3131,47.84463],[8.31356,47.84478],[8.31386,47.84465],[8.31405,47.84452],[8.31416,47.84441],[8.31444,47.84381],[8.3148,47.8433],[8.31518,47.84311],[8.31532,47.84308],[8.31574,47.84318],[8.31605,47.84335],[8.31669,47.8438],[8.317,47.84395],[8.31718,47.84399],[8.31745,47.84397],[8.31765,47.84392],[8.31785,47.84383],[8.31824,47.8436],[8.31843,47.84348],[8.31872,47.84337],[8.31922,47.84315],[8.32083,47.8421],[8.32091,47.84206],[8.32161,47.84194],[8.32198,47.84199],[8.32267,47.84225],[8.32341,47.84264],[8.32404,47.84313],[8.32427,47.84348],[8.32418,47.84383],[8.32408,47.84402],[8.32404,47.84432],[8.32408,47.84468],[8.32419,47.84482],[8.32451,47.84502],[8.32482,47.84511],[8.32502,47.84513],[8.32526,47.84511],[8.32567,47.845],[8.32595,47.84489],[8.32642,47.84463],[8.32678,47.84433],[8.32696,47.8441],[8.327,47.84395],[8.32683,47.84344],[8.32711,47.84328],[8.32746,47.84326],[8.32835,47.84331],[8.32861,47.84352],[8.32883,47.84417],[8.32918,47.84492],[8.3297,47.84533],[8.33,47.84565],[8.33047,47.84577],[8.33082,47.84582],[8.3312,47.84558],[8.33141,47.8455],[8.33173,47.84523],[8.33201,47.8451],[8.33268,47.84495],[8.33355,47.8448],[8.33403,47.84478],[8.33459,47.84482],[8.33484,47.84484],[8.33569,47.845],[8.336,47.84499],[8.33628,47.84489],[8.33682,47.84456],[8.33757,47.84399],[8.33793,47.84385],[8.33825,47.84375],[8.33869,47.84379],[8.33966,47.84404],[8.33998,47.84396],[8.3407,47.84354],[8.34079,47.84342],[8.34125,47.8432],[8.34214,47.84293],[8.34246,47.84287],[8.34314,47.84279],[8.34358,47.84282],[8.34405,47.84301],[8.34448,47.8432],[8.34556,47.84378],[8.34618,47.84395],[8.34688,47.84409],[8.3478,47.84391],[8.34904,47.84355],[8.3496,47.84331],[8.35036,47.84271],[8.35068,47.8426],[8.35117,47.84266],[8.35172,47.84285],[8.35302,47.84349],[8.35343,47.84359],[8.3537,47.84359],[8.35396,47.84356],[8.35514,47.84317],[8.35525,47.84368],[8.35718,47.84313],[8.35725,47.84471],[8.35747,47.84483],[8.35773,47.845],[8.35837,47.84463],[8.35917,47.84413],[8.35997,47.84396],[8.36115,47.84339],[8.36302,47.84271],[8.36392,47.84246],[8.36489,47.84231],[8.36585,47.84187],[8.3674,47.84145],[8.36831,47.84123],[8.36878,47.84067],[8.3694,47.83916],[8.36967,47.83927],[8.37035,47.83987],[8.37078,47.8401],[8.37162,47.84016],[8.3725,47.84031],[8.37344,47.84034],[8.37433,47.84044],[8.37555,47.84046],[8.3765,47.84105],[8.37691,47.84137],[8.37719,47.84174],[8.37728,47.84178],[8.37811,47.84175],[8.37854,47.84171],[8.37961,47.84144],[8.38004,47.84138],[8.38056,47.84128],[8.38073,47.84125],[8.38163,47.84097],[8.38206,47.84088],[8.38355,47.84023],[8.38384,47.84015],[8.38409,47.84014],[8.3842,47.84017],[8.38491,47.84058],[8.38618,47.84164],[8.38631,47.84168],[8.38639,47.84168],[8.38657,47.8416],[8.38751,47.84106],[8.38836,47.84069],[8.38872,47.84058],[8.38928,47.84048],[8.39013,47.84069],[8.3912,47.84102],[8.39234,47.8414],[8.3927,47.84157],[8.39291,47.84179],[8.39349,47.8427],[8.39392,47.84325],[8.39417,47.84341],[8.39461,47.84341],[8.39499,47.84337],[8.3952,47.84331],[8.39549,47.84318],[8.39658,47.84286],[8.39765,47.84252],[8.39791,47.84249],[8.39808,47.84253],[8.39825,47.84263],[8.39851,47.84301],[8.39871,47.84343],[8.39898,47.84385],[8.39909,47.84411],[8.39907,47.84449],[8.39895,47.84482],[8.39892,47.84526],[8.39903,47.84572],[8.39926,47.84584],[8.39965,47.84595],[8.39987,47.84599],[8.40047,47.84604],[8.40207,47.84575],[8.40276,47.84557],[8.40294,47.84556],[8.40341,47.8456],[8.4035,47.84568],[8.40375,47.84584],[8.40391,47.846],[8.40397,47.84634],[8.40406,47.84657],[8.40408,47.84676],[8.40392,47.84704],[8.40324,47.84743],[8.40311,47.84746],[8.40309,47.84766],[8.40315,47.84779],[8.40409,47.84823],[8.40442,47.84829],[8.40483,47.84833],[8.40529,47.84827],[8.40591,47.84811],[8.40645,47.84793],[8.40663,47.8479],[8.40699,47.848],[8.40724,47.84832],[8.40745,47.84867],[8.40755,47.84894],[8.40755,47.84931],[8.40751,47.84964],[8.40747,47.84972],[8.40751,47.85025],[8.4075,47.85045],[8.40812,47.8509],[8.40895,47.8508],[8.41012,47.85046],[8.41059,47.85027],[8.41072,47.85024],[8.41112,47.85078],[8.41094,47.85119],[8.41078,47.85202],[8.41087,47.85228],[8.41116,47.85241],[8.41149,47.85235],[8.41181,47.85223],[8.41521,47.85154],[8.41568,47.85155],[8.41629,47.85172],[8.41681,47.85174],[8.41713,47.85173],[8.41747,47.85167],[8.4179,47.85166],[8.41828,47.8517],[8.41883,47.85175],[8.41937,47.85194],[8.41968,47.85212],[8.41995,47.85236],[8.42048,47.85306],[8.42101,47.85345],[8.42147,47.85361],[8.42173,47.85359],[8.42186,47.85348],[8.42234,47.85318],[8.42307,47.85263],[8.42336,47.85248],[8.42362,47.85247],[8.42392,47.8525],[8.42405,47.85263],[8.42443,47.85299],[8.42446,47.85328],[8.42457,47.85346],[8.4248,47.85369],[8.42492,47.85373],[8.4252,47.85377],[8.42567,47.85379],[8.42739,47.85367],[8.42846,47.85385],[8.42897,47.85397],[8.42946,47.85387],[8.42975,47.8536],[8.43008,47.85313],[8.43033,47.85291],[8.43065,47.85269],[8.43135,47.85253],[8.43195,47.85264],[8.43333,47.85299],[8.43372,47.85304],[8.43398,47.853],[8.43445,47.85265],[8.43551,47.8517],[8.43581,47.85158],[8.43605,47.85157],[8.43621,47.85162],[8.43641,47.85186],[8.43655,47.85212],[8.43673,47.85223],[8.4374,47.85285],[8.43778,47.8531],[8.43852,47.85351],[8.43919,47.85384],[8.43929,47.85389],[8.43914,47.85399],[8.4389,47.85413],[8.43877,47.85419],[8.43874,47.8542],[8.43867,47.85424],[8.43857,47.8543],[8.43802,47.85465],[8.43769,47.85491],[8.43762,47.85497],[8.43752,47.85507],[8.43733,47.85536],[8.43737,47.85638],[8.43744,47.85665],[8.4376,47.8568],[8.43772,47.8569],[8.43779,47.85717],[8.43766,47.85733],[8.43746,47.85739],[8.43725,47.85743],[8.43685,47.8575],[8.43639,47.8576],[8.43619,47.85773],[8.43596,47.85797],[8.43571,47.85824],[8.43553,47.8586],[8.43523,47.8592],[8.43506,47.85941],[8.43468,47.85956],[8.43428,47.85976],[8.43394,47.86],[8.43382,47.86019],[8.43392,47.86032],[8.434,47.86036],[8.43417,47.86039],[8.43436,47.86039],[8.43466,47.86032],[8.435,47.86028],[8.43541,47.86028],[8.43581,47.86037],[8.43605,47.86052],[8.43607,47.86056],[8.43613,47.86072],[8.43616,47.86099],[8.43616,47.86104],[8.43614,47.86113],[8.43613,47.86124],[8.43613,47.86136],[8.43614,47.86148],[8.43618,47.86155],[8.43629,47.86163],[8.43645,47.86166],[8.43674,47.86165],[8.43697,47.86162],[8.43723,47.86153],[8.4374,47.86151],[8.43757,47.86152],[8.4377,47.86156],[8.43779,47.86162],[8.43787,47.86174],[8.438,47.86204],[8.4381,47.86224],[8.43826,47.8625],[8.43844,47.86283],[8.43861,47.86308],[8.43878,47.86334],[8.43891,47.86351],[8.43896,47.86364],[8.43896,47.86374],[8.43898,47.86381],[8.43897,47.86387],[8.43896,47.86395],[8.43892,47.86418],[8.43889,47.86443],[8.43889,47.86452],[8.43893,47.8646],[8.43901,47.86467],[8.43911,47.86472],[8.43922,47.86475],[8.43932,47.86476],[8.43938,47.86477],[8.43964,47.86481],[8.43996,47.86489],[8.44005,47.86494],[8.4401,47.865],[8.44013,47.8651],[8.44015,47.86519],[8.44013,47.86528],[8.44011,47.86533],[8.43998,47.86541],[8.4398,47.86549],[8.43944,47.86564],[8.43908,47.86577],[8.43893,47.86581],[8.43881,47.86583],[8.43874,47.86585],[8.43864,47.86585],[8.43854,47.86585],[8.43833,47.8658],[8.43818,47.86577],[8.43806,47.86574],[8.43787,47.8657],[8.43767,47.86565],[8.43745,47.86559],[8.43723,47.86553],[8.43694,47.86547],[8.43682,47.86547],[8.43669,47.86548],[8.43663,47.86551],[8.43659,47.86555],[8.43656,47.86563],[8.43655,47.86578],[8.43655,47.86594],[8.43656,47.86618],[8.43655,47.86633],[8.43652,47.86646],[8.43649,47.86657],[8.43642,47.86668],[8.43632,47.86683],[8.43624,47.86693],[8.43612,47.86705],[8.43602,47.86716],[8.43596,47.86724],[8.43593,47.86732],[8.43596,47.86739],[8.43603,47.86745],[8.43614,47.86752],[8.43629,47.86758],[8.43658,47.86766],[8.43689,47.86776],[8.43701,47.8678],[8.43718,47.86788],[8.43741,47.868],[8.43754,47.86817],[8.4376,47.86833],[8.43761,47.86842],[8.43761,47.86853],[8.43759,47.86863],[8.43754,47.86872],[8.43745,47.8688],[8.43725,47.86892],[8.43714,47.8691],[8.43711,47.86927],[8.43713,47.86946],[8.4372,47.86962],[8.43726,47.86972],[8.43733,47.86981],[8.43753,47.86988],[8.43806,47.86996],[8.43879,47.87001],[8.43894,47.87007],[8.43905,47.87024],[8.43909,47.87044],[8.4391,47.87054],[8.43907,47.87059],[8.43904,47.87063],[8.439,47.87069],[8.43886,47.87076],[8.43858,47.87085],[8.43855,47.87088],[8.4383,47.87101],[8.438,47.87113],[8.4378,47.8714],[8.43775,47.87172],[8.43769,47.87215],[8.43762,47.87247],[8.43783,47.87275],[8.4379,47.87284],[8.43791,47.8729],[8.43783,47.873],[8.43774,47.87307],[8.43753,47.87311],[8.4373,47.87314],[8.4372,47.87315],[8.4371,47.87318],[8.43699,47.8732],[8.43692,47.87328],[8.43693,47.87343],[8.43701,47.87355],[8.43721,47.8738],[8.43731,47.87401],[8.43744,47.87433],[8.43763,47.87449],[8.4379,47.87454],[8.43815,47.87454],[8.43833,47.87442],[8.43855,47.87436],[8.43887,47.87436],[8.43932,47.8745],[8.43971,47.87471],[8.43968,47.87485],[8.43964,47.87493],[8.43955,47.87506],[8.43933,47.87517],[8.43895,47.87536],[8.43866,47.87541],[8.4384,47.87542],[8.43825,47.87549],[8.4383,47.87565],[8.43834,47.87576],[8.43855,47.87597],[8.4387,47.87608],[8.43909,47.87618],[8.43943,47.87631],[8.43961,47.87647],[8.43957,47.87673],[8.43946,47.87689],[8.4393,47.87695],[8.43904,47.87699],[8.43866,47.87697],[8.43838,47.87693],[8.438,47.87685],[8.43764,47.87679],[8.43725,47.87682],[8.43693,47.87687],[8.43654,47.87695],[8.43612,47.87702],[8.43559,47.87708],[8.43548,47.8771],[8.43509,47.87714],[8.43466,47.8772],[8.43435,47.87731],[8.43427,47.87741],[8.43426,47.87755],[8.43431,47.87768],[8.43449,47.87779],[8.43465,47.87789],[8.43515,47.87807],[8.43537,47.87821],[8.4354,47.87847],[8.4353,47.8786],[8.43508,47.87869],[8.43482,47.8788],[8.43475,47.87882],[8.43465,47.87884],[8.43454,47.87885],[8.43421,47.87886],[8.4338,47.87889],[8.43363,47.8789],[8.4335,47.87894],[8.43338,47.87901],[8.43328,47.8791],[8.43318,47.87925],[8.43312,47.87933],[8.43306,47.87939],[8.43284,47.87949],[8.43253,47.8795],[8.43236,47.87937],[8.43207,47.87928],[8.43172,47.8794],[8.43152,47.87956],[8.43126,47.87969],[8.43082,47.87986],[8.43044,47.88011],[8.4303,47.88028],[8.43052,47.88043],[8.43072,47.88057],[8.43065,47.88066],[8.43055,47.88069],[8.43026,47.88073],[8.42997,47.88072],[8.42983,47.88071],[8.42951,47.88072],[8.42924,47.8807],[8.42883,47.88056],[8.42854,47.88046],[8.4283,47.88038],[8.4282,47.88035],[8.42776,47.88032],[8.42738,47.88037],[8.427,47.88043],[8.42667,47.88047],[8.42642,47.88054],[8.42616,47.88063],[8.42596,47.88073],[8.42577,47.88086],[8.42563,47.88096],[8.42548,47.88111],[8.42535,47.88118],[8.4253,47.88121],[8.42521,47.88127],[8.42504,47.88139],[8.42482,47.88151],[8.42467,47.88154],[8.42413,47.88159],[8.42383,47.88171],[8.42349,47.88201],[8.4233,47.88221],[8.42328,47.8823],[8.42324,47.88237],[8.42313,47.88263],[8.42283,47.8828],[8.42261,47.88286],[8.42232,47.88278],[8.42214,47.88274],[8.42202,47.88268],[8.42193,47.88285],[8.42197,47.88301],[8.42199,47.88319],[8.42195,47.88344],[8.42203,47.88355],[8.4222,47.88367],[8.42217,47.88377],[8.42207,47.88394],[8.4219,47.88402],[8.42176,47.88409],[8.42135,47.88419],[8.42102,47.88434],[8.42099,47.88461],[8.42115,47.88481],[8.42139,47.88497],[8.42177,47.88521],[8.42203,47.88535],[8.42225,47.88548],[8.42254,47.88553],[8.42256,47.88567],[8.42246,47.88588],[8.42225,47.88626],[8.42207,47.88663],[8.42182,47.8869],[8.42154,47.88696],[8.4213,47.88699],[8.42126,47.887],[8.42122,47.887],[8.42106,47.88703],[8.42046,47.88727],[8.41986,47.88754],[8.41937,47.88809],[8.41921,47.88846],[8.41923,47.8888],[8.4192,47.88904],[8.41918,47.88913],[8.41933,47.88919],[8.41948,47.88919],[8.41969,47.88916],[8.42003,47.88911],[8.42022,47.88913],[8.42031,47.88912],[8.42044,47.88911],[8.42076,47.88914],[8.42114,47.88915],[8.42132,47.88918],[8.42145,47.88923],[8.42184,47.88947],[8.42194,47.88947],[8.42203,47.88952],[8.42203,47.88982],[8.42198,47.89],[8.42186,47.89014],[8.42175,47.89026],[8.42123,47.89049],[8.42118,47.89051],[8.42104,47.89055],[8.42081,47.89067],[8.42024,47.89103],[8.41985,47.89121],[8.41958,47.89135],[8.41909,47.8915],[8.41872,47.89167],[8.41863,47.89193],[8.41846,47.89211],[8.41824,47.89235],[8.41821,47.89238],[8.41818,47.8924],[8.41752,47.89311],[8.4174,47.89318],[8.41707,47.89337],[8.41663,47.89352],[8.41631,47.89369],[8.41608,47.89395],[8.4158,47.8941],[8.41552,47.89414],[8.41519,47.89419],[8.41475,47.89419],[8.41442,47.89418],[8.41407,47.89425],[8.41363,47.89434],[8.41318,47.89446],[8.41266,47.89458],[8.41227,47.89459],[8.41187,47.89457],[8.41121,47.89455],[8.4106,47.8945],[8.41016,47.89453],[8.41003,47.89454],[8.40985,47.89456],[8.40933,47.89462],[8.40867,47.8947],[8.40806,47.89476],[8.40737,47.89478],[8.40675,47.89478],[8.40621,47.89485],[8.40578,47.89511],[8.40548,47.89535],[8.40537,47.89546],[8.40514,47.89578],[8.40493,47.89597],[8.40493,47.89603],[8.40495,47.89611],[8.40505,47.89615],[8.40519,47.89619],[8.40529,47.89627],[8.4054,47.89629],[8.40554,47.89636],[8.40578,47.89644],[8.40643,47.89671],[8.40702,47.89713],[8.40758,47.89745],[8.40803,47.89769],[8.4085,47.89775],[8.40901,47.89783],[8.40944,47.89788],[8.4098,47.89794],[8.41023,47.89815],[8.41057,47.89848],[8.4111,47.8988],[8.41164,47.89894],[8.41197,47.89905],[8.41202,47.89912],[8.41211,47.89921],[8.41217,47.89928],[8.41226,47.89946],[8.41233,47.89964],[8.41235,47.8998],[8.41241,47.89993],[8.41246,47.9001],[8.4125,47.90022],[8.41255,47.90036],[8.41264,47.90049],[8.41274,47.9006],[8.41284,47.90068],[8.41291,47.90077],[8.41297,47.90085],[8.41297,47.90095],[8.41296,47.90107],[8.41292,47.90116],[8.41284,47.90128],[8.4128,47.90138],[8.41277,47.90147],[8.41268,47.90155],[8.41264,47.90158],[8.4126,47.90161],[8.41249,47.90168],[8.41233,47.90176],[8.41222,47.90183],[8.4121,47.90194],[8.41206,47.902],[8.41203,47.90208],[8.41198,47.90213],[8.41199,47.90221],[8.41206,47.90225],[8.41214,47.90231],[8.41214,47.90239],[8.41211,47.90247],[8.41204,47.90256],[8.41194,47.90266],[8.4118,47.90277],[8.41173,47.9028],[8.41166,47.90284],[8.4116,47.90294],[8.41153,47.90303],[8.41139,47.90314],[8.41129,47.90326],[8.41118,47.90337],[8.41111,47.90349],[8.41104,47.90359],[8.411,47.90367],[8.41092,47.90375],[8.41087,47.90379],[8.41076,47.90382],[8.41057,47.90385],[8.41038,47.90392],[8.41027,47.90398],[8.41018,47.90404],[8.41002,47.90416],[8.40988,47.90426],[8.40976,47.90438],[8.40962,47.90449],[8.40954,47.90455],[8.40947,47.9046],[8.40932,47.90468],[8.40911,47.9048],[8.40898,47.90488],[8.40886,47.90494],[8.40868,47.90502],[8.40856,47.90507],[8.40843,47.9051],[8.40827,47.90513],[8.40811,47.90516],[8.40794,47.9052],[8.40783,47.90524],[8.40771,47.90528],[8.40755,47.90531],[8.40736,47.90533],[8.40719,47.90535],[8.40714,47.9054],[8.40708,47.90548],[8.40701,47.90554],[8.40685,47.90562],[8.40677,47.90564],[8.40666,47.90562],[8.40653,47.90561],[8.40639,47.9056],[8.40634,47.90557],[8.4063,47.90552],[8.40624,47.90547],[8.40616,47.90546],[8.40606,47.90546],[8.40591,47.90547],[8.40579,47.90549],[8.40564,47.90549],[8.40557,47.90547],[8.40551,47.90546],[8.40537,47.90543],[8.40523,47.90541],[8.40501,47.9054],[8.40477,47.9054],[8.40453,47.9054],[8.40433,47.90539],[8.40415,47.90541],[8.404,47.90543],[8.4039,47.90546],[8.40379,47.90546],[8.40372,47.90546],[8.40361,47.90542],[8.40347,47.90537],[8.40323,47.9053],[8.40301,47.90525],[8.40283,47.90523],[8.40269,47.90527],[8.40249,47.90532],[8.40234,47.90536],[8.40211,47.9054],[8.40184,47.90543],[8.4016,47.90547],[8.40144,47.9055],[8.40125,47.90552],[8.4011,47.90551],[8.40084,47.90551],[8.40054,47.90554],[8.4002,47.90563],[8.40009,47.90567],[8.4,47.9057],[8.4,47.90571],[8.39993,47.90574],[8.3998,47.90582],[8.39964,47.90593],[8.3994,47.90609],[8.39919,47.90624],[8.39898,47.90636],[8.39884,47.90646],[8.39867,47.90655],[8.39851,47.90666],[8.39836,47.90677],[8.39826,47.90683],[8.39813,47.9069],[8.39797,47.90695],[8.39794,47.90696],[8.39784,47.907],[8.39778,47.90702],[8.39773,47.90704],[8.39761,47.90708],[8.39744,47.90718],[8.39731,47.90727],[8.39722,47.90739],[8.39717,47.90754],[8.39719,47.90768],[8.39725,47.90781],[8.3973,47.90795],[8.39733,47.90815],[8.39734,47.9083],[8.39735,47.90845],[8.39737,47.90857],[8.39715,47.90876],[8.39711,47.90885],[8.39707,47.90897],[8.39687,47.90907],[8.3966,47.90915],[8.39631,47.90923],[8.39601,47.90929],[8.39581,47.90934],[8.39557,47.90938],[8.39537,47.90941],[8.39511,47.90945],[8.39494,47.90954],[8.39482,47.90965],[8.3947,47.90977],[8.39458,47.90993],[8.39449,47.91005],[8.39437,47.91017],[8.39419,47.91021],[8.39391,47.91021],[8.39361,47.91021],[8.39343,47.91023],[8.39333,47.91025],[8.39327,47.91034],[8.39325,47.91048],[8.3932,47.91064],[8.39309,47.91074],[8.39296,47.91083],[8.39279,47.9109],[8.39257,47.91098],[8.39242,47.91107],[8.39227,47.91109],[8.39206,47.91107],[8.39185,47.91103],[8.39156,47.911],[8.39139,47.91101],[8.39124,47.91109],[8.39116,47.91117],[8.39108,47.91132],[8.39106,47.91134],[8.391,47.9114],[8.39068,47.91164],[8.39059,47.91169],[8.39052,47.91173],[8.39042,47.91179],[8.39018,47.91187],[8.38999,47.91196],[8.38982,47.91203],[8.38967,47.91208],[8.38959,47.91211],[8.38934,47.91219],[8.38918,47.91221],[8.389,47.9122],[8.38865,47.91221],[8.38845,47.91222],[8.38825,47.91227],[8.38816,47.9123],[8.38817,47.91235],[8.38809,47.91236],[8.38793,47.91237],[8.38774,47.91238],[8.38755,47.91243],[8.3875,47.91241],[8.38747,47.91235],[8.38731,47.9124],[8.38709,47.91246],[8.38683,47.91246],[8.38653,47.91246],[8.3862,47.91242],[8.38584,47.9124],[8.38553,47.91233],[8.38536,47.91231],[8.38511,47.91227],[8.38497,47.9123],[8.38474,47.9123],[8.3844,47.9123],[8.38407,47.91236],[8.38381,47.91239],[8.38369,47.91235],[8.38356,47.91228],[8.38336,47.91226],[8.38315,47.91223],[8.38311,47.91223],[8.38448,47.91303],[8.38342,47.91315],[8.38242,47.91327],[8.3819,47.91335],[8.38066,47.91367],[8.37983,47.91414],[8.37876,47.91478],[8.37855,47.91523],[8.37911,47.91565],[8.37971,47.91597],[8.38021,47.91615],[8.37933,47.91636],[8.37786,47.91682],[8.3764,47.91734],[8.37532,47.91775],[8.37478,47.91804],[8.37446,47.91818],[8.37422,47.91827],[8.37378,47.91843],[8.37331,47.9186],[8.37301,47.91889],[8.37273,47.91911],[8.3724,47.91926],[8.37184,47.91953],[8.37118,47.91982],[8.37076,47.92],[8.37009,47.92034],[8.3695,47.92062],[8.36946,47.92124],[8.37073,47.92165],[8.36998,47.92173],[8.36866,47.92192],[8.36759,47.92205],[8.36616,47.92224],[8.36465,47.92245],[8.36292,47.92264],[8.36299,47.92283],[8.363,47.92287],[8.36245,47.92295],[8.36183,47.92306],[8.36141,47.92313],[8.36073,47.92328],[8.36032,47.92339],[8.35995,47.92352],[8.35868,47.92402],[8.35762,47.92444],[8.35693,47.92473],[8.35489,47.92551],[8.35444,47.9257],[8.35579,47.92709],[8.35673,47.92799],[8.3573,47.92856],[8.35757,47.92891],[8.35765,47.929],[8.35749,47.92908],[8.35729,47.92919],[8.35696,47.92928],[8.35607,47.92954],[8.35559,47.92968],[8.3552,47.92985],[8.35511,47.92987],[8.35479,47.92994],[8.35441,47.93002],[8.35404,47.93006],[8.35386,47.9301],[8.35373,47.93017],[8.35359,47.9302],[8.35341,47.93018],[8.35322,47.93024],[8.35309,47.93034],[8.35298,47.93042],[8.35283,47.93042],[8.35272,47.93039],[8.35256,47.93043],[8.35233,47.93055],[8.35199,47.93075],[8.35169,47.9309],[8.35143,47.93103],[8.35125,47.93101],[8.35111,47.931],[8.35104,47.93107],[8.35096,47.93117],[8.35081,47.93126],[8.35071,47.93124],[8.3506,47.93123],[8.35044,47.93127],[8.35027,47.93131],[8.35019,47.93138],[8.35027,47.93144],[8.35038,47.93151],[8.3504,47.93159],[8.35033,47.93162],[8.35017,47.93166],[8.35005,47.93174],[8.34996,47.93182],[8.34991,47.93187],[8.34979,47.93203],[8.34969,47.93213],[8.34966,47.93223],[8.34971,47.93239],[8.34973,47.9325],[8.34977,47.93256],[8.3498,47.93266],[8.34979,47.93272],[8.34973,47.93272],[8.34966,47.93267],[8.34958,47.93267],[8.34946,47.93276],[8.34939,47.93287],[8.34937,47.93297],[8.34936,47.93318],[8.34932,47.93325],[8.34924,47.93326],[8.34919,47.93325],[8.34913,47.93328],[8.3491,47.93335],[8.34903,47.93336],[8.34895,47.93333],[8.34887,47.93335],[8.34881,47.93342],[8.34876,47.93346],[8.34871,47.93351],[8.34864,47.93354],[8.34863,47.93355],[8.34854,47.93357],[8.34853,47.93363],[8.34859,47.93369],[8.34868,47.93374],[8.34874,47.93377],[8.34877,47.93382],[8.34875,47.93392],[8.34869,47.93399],[8.34858,47.93408],[8.34854,47.93415],[8.34848,47.93422],[8.34839,47.93431],[8.34824,47.93438],[8.34812,47.93443],[8.34809,47.93447],[8.3481,47.93452],[8.34806,47.93459],[8.348,47.93461],[8.34793,47.93463],[8.34777,47.93461],[8.34764,47.93461],[8.34754,47.93466],[8.34742,47.93475],[8.34735,47.93485],[8.3472,47.93497],[8.34708,47.93509],[8.34702,47.93521],[8.34697,47.93531],[8.34689,47.93543],[8.34679,47.9355],[8.34669,47.93548],[8.34661,47.93541],[8.34651,47.93537],[8.34638,47.93539],[8.34633,47.93541],[8.34625,47.93545],[8.34611,47.93556],[8.34608,47.93563],[8.34617,47.93568],[8.34627,47.93573],[8.34629,47.93579],[8.34624,47.93582],[8.34615,47.93582],[8.34598,47.93582],[8.34581,47.93586],[8.34563,47.9359],[8.34551,47.93589],[8.34539,47.93585],[8.34525,47.93585],[8.34505,47.93587],[8.34471,47.9359],[8.34435,47.93593],[8.34416,47.93598],[8.34394,47.93607],[8.34385,47.93613],[8.3438,47.93618],[8.34371,47.93617],[8.34368,47.93613],[8.34359,47.93613],[8.34351,47.93622],[8.34344,47.93635],[8.34334,47.93645],[8.3434,47.93651],[8.34337,47.9366],[8.34327,47.93669],[8.3431,47.93673],[8.34297,47.93671],[8.34287,47.93668],[8.34274,47.9367],[8.34267,47.93679],[8.34263,47.93693],[8.34254,47.937],[8.34245,47.93706],[8.34238,47.93707],[8.34228,47.93712],[8.34211,47.93724],[8.34195,47.93733],[8.34176,47.9374],[8.34156,47.93746],[8.34143,47.93747],[8.34125,47.93744],[8.34108,47.9374],[8.34096,47.93742],[8.34079,47.93749],[8.34046,47.93753],[8.34031,47.93755],[8.34017,47.93756],[8.33999,47.93755],[8.33985,47.93754],[8.33971,47.93754],[8.3396,47.93756],[8.33953,47.93761],[8.3394,47.93768],[8.33929,47.93773],[8.3392,47.9378],[8.33914,47.93789],[8.33911,47.938],[8.33908,47.93811],[8.33901,47.9382],[8.33893,47.93825],[8.33884,47.93829],[8.33871,47.93835],[8.33861,47.93841],[8.33866,47.93846],[8.33873,47.9385],[8.33878,47.93859],[8.33875,47.93869],[8.33869,47.9388],[8.33859,47.93888],[8.3385,47.93889],[8.3384,47.93885],[8.33829,47.93886],[8.33818,47.93891],[8.33809,47.93896],[8.33795,47.93898],[8.33785,47.93898],[8.33777,47.939],[8.3377,47.93904],[8.33761,47.93903],[8.33754,47.93901],[8.33745,47.93897],[8.3373,47.93896],[8.33712,47.93899],[8.33699,47.93905],[8.3369,47.93913],[8.33682,47.93917],[8.33678,47.93917],[8.33673,47.93913],[8.3367,47.93908],[8.33667,47.93902],[8.33665,47.93896],[8.3366,47.9389],[8.33655,47.93888],[8.33649,47.93891],[8.33644,47.93892],[8.33632,47.93896],[8.33618,47.93898],[8.33603,47.93899],[8.33584,47.93898],[8.33556,47.93898],[8.33536,47.93898],[8.33521,47.93902],[8.33513,47.93907],[8.33506,47.93915],[8.335,47.9392],[8.33493,47.93923],[8.33485,47.93923],[8.33468,47.93924],[8.33445,47.93923],[8.33432,47.93924],[8.3342,47.93927],[8.33411,47.93932],[8.33403,47.93938],[8.33397,47.93942],[8.3339,47.93944],[8.33378,47.93945],[8.33363,47.93947],[8.33351,47.93949],[8.33343,47.93955],[8.33333,47.93959],[8.3332,47.93961],[8.33302,47.9396],[8.33285,47.93958],[8.33266,47.93953],[8.33248,47.9395],[8.33235,47.9395],[8.33221,47.93952],[8.33203,47.93956],[8.33182,47.9396],[8.33164,47.93963],[8.33146,47.93965],[8.33132,47.93968],[8.33125,47.93973],[8.3312,47.93979],[8.33112,47.93982],[8.331,47.93985],[8.33082,47.93987],[8.33056,47.9399],[8.33045,47.93989],[8.33035,47.9399],[8.33024,47.93991],[8.33012,47.93994],[8.32988,47.93998],[8.32963,47.94013],[8.32924,47.94022],[8.32879,47.94031],[8.32805,47.94035],[8.32712,47.94029],[8.32665,47.94034],[8.32639,47.94035],[8.32627,47.94041],[8.32616,47.94053],[8.32606,47.94066],[8.32589,47.94072],[8.32562,47.94074],[8.32532,47.94076],[8.32495,47.94072],[8.32465,47.94072],[8.32442,47.94087],[8.32424,47.94112],[8.32377,47.94104],[8.32299,47.941],[8.32263,47.94134],[8.3219,47.9417],[8.3215,47.94169],[8.3214,47.94169],[8.3213,47.94174],[8.32122,47.94183],[8.32114,47.94192],[8.32097,47.942],[8.32061,47.942],[8.32035,47.94208],[8.32028,47.94222],[8.32013,47.94236],[8.3198,47.94246],[8.31926,47.94258],[8.31897,47.94306],[8.31842,47.94339],[8.31792,47.94342],[8.3175,47.94353],[8.31726,47.94348],[8.31674,47.94347],[8.3161,47.94355],[8.31525,47.94359],[8.31501,47.94358],[8.3144,47.94352],[8.31365,47.94352],[8.3128,47.94362],[8.31173,47.94387],[8.31059,47.94369],[8.31017,47.94382],[8.3098,47.94366],[8.30952,47.94364],[8.30917,47.94338],[8.30828,47.94339],[8.30772,47.94302],[8.3073,47.94301],[8.30678,47.94272],[8.30639,47.94278],[8.30607,47.94277],[8.30577,47.94258],[8.30503,47.94243],[8.30469,47.9425],[8.30413,47.9422],[8.30382,47.94224],[8.30332,47.94207],[8.30333,47.94187],[8.30323,47.94176],[8.30312,47.94176],[8.30304,47.94194],[8.30294,47.94195],[8.30258,47.94181],[8.30211,47.94185],[8.30173,47.94159],[8.30047,47.94152],[8.30013,47.9414],[8.29852,47.94159],[8.29782,47.94176],[8.29701,47.94179],[8.29606,47.94196],[8.29602,47.94196],[8.29598,47.93897],[8.29584,47.93505],[8.29624,47.93434],[8.297,47.93231],[8.29766,47.92921],[8.29399,47.9246],[8.2927,47.92297],[8.29446,47.92001],[8.29458,47.91503],[8.29464,47.91477],[8.29591,47.91207],[8.29746,47.9096],[8.30083,47.90674],[8.30204,47.90504],[8.30335,47.903],[8.30351,47.90157],[8.30348,47.90095],[8.30378,47.8999],[8.3036,47.89987],[8.3041,47.89881],[8.30504,47.89779],[8.30663,47.89679],[8.30664,47.8967],[8.30707,47.89631],[8.30693,47.89623],[8.30757,47.89562],[8.30804,47.89499],[8.30841,47.89518],[8.30933,47.89384],[8.30915,47.89378],[8.31002,47.89267],[8.31076,47.89181],[8.31117,47.89116],[8.31112,47.89102],[8.31088,47.89095],[8.31033,47.89092],[8.31108,47.89061],[8.31197,47.89014],[8.31142,47.88996],[8.31181,47.8892],[8.31174,47.88891],[8.31182,47.88856],[8.31145,47.88818],[8.31164,47.8869],[8.31129,47.88698],[8.3113,47.88675],[8.31105,47.88675],[8.3113,47.88433],[8.3112,47.88432],[8.31124,47.8841],[8.31007,47.88381],[8.3109,47.88316],[8.3113,47.8827],[8.31091,47.8823],[8.31013,47.87877],[8.30959,47.8788],[8.30891,47.87899],[8.3089,47.8787],[8.30729,47.87828],[8.30712,47.87862],[8.30599,47.87823],[8.30473,47.87863],[8.30382,47.87874],[8.3038,47.87826],[8.30033,47.87771],[8.29993,47.87755],[8.29599,47.87803],[8.28995,47.8788],[8.28987,47.87863],[8.28974,47.87845],[8.28958,47.87829],[8.28945,47.87817],[8.28937,47.87809],[8.28903,47.87777],[8.28877,47.87727],[8.28816,47.87698],[8.28823,47.87663],[8.28821,47.87658],[8.28728,47.87588],[8.28665,47.87591],[8.28616,47.87559],[8.28575,47.87519],[8.28482,47.87526],[8.28421,47.87503],[8.28305,47.87485],[8.2826,47.87381],[8.28127,47.87354],[8.28086,47.87323],[8.281,47.8729],[8.28125,47.87278],[8.28179,47.87276],[8.28192,47.87246],[8.28123,47.87213],[8.28121,47.87189],[8.28237,47.87127],[8.28263,47.87102],[8.28269,47.87078],[8.28262,47.87059],[8.28288,47.8702],[8.28334,47.87012],[8.28344,47.86966],[8.28286,47.86932],[8.28273,47.86906],[8.28219,47.86829],[8.2817,47.86803],[8.28099,47.86774],[8.28071,47.8671],[8.28021,47.86688],[8.28046,47.86636],[8.28031,47.86575],[8.28098,47.86502],[8.28014,47.86467],[8.28021,47.86463],[8.27971,47.86428],[8.27957,47.86331],[8.27949,47.8625],[8.27629,47.86198],[8.2745,47.86125],[8.27362,47.86022],[8.27252,47.85843],[8.27164,47.85734],[8.27026,47.8551],[8.26946,47.85298],[8.2676,47.85168]]]}},{"type":"Feature","properties":{"id":"schallstadt","name":"Schallstadt"},"geometry":{"type":"Polygon","coordinates":[[[7.7519,47.94817],[7.75229,47.94798],[7.75249,47.94788],[7.75297,47.94764],[7.75376,47.94741],[7.75441,47.94716],[7.75522,47.94692],[7.75608,47.94668],[7.7568,47.94646],[7.75688,47.94657],[7.75788,47.94629],[7.7586,47.9461],[7.75897,47.94663],[7.75992,47.94636],[7.76297,47.94568],[7.76496,47.94499],[7.76664,47.94447],[7.76857,47.94382],[7.77034,47.94328],[7.77215,47.94205],[7.7732,47.94138],[7.7738,47.9413],[7.77419,47.94114],[7.77444,47.94103],[7.77475,47.9409],[7.77482,47.94088],[7.77494,47.94074],[7.77511,47.94056],[7.77623,47.94001],[7.7763,47.93998],[7.77785,47.93948],[7.77861,47.93894],[7.77915,47.93856],[7.77984,47.93789],[7.78004,47.93724],[7.78038,47.93657],[7.78095,47.9358],[7.78102,47.93747],[7.78092,47.93845],[7.78077,47.93903],[7.77995,47.9408],[7.77939,47.94136],[7.7786,47.9417],[7.77781,47.94169],[7.77616,47.94142],[7.77499,47.94129],[7.7735,47.94198],[7.7721,47.94284],[7.77155,47.94423],[7.77054,47.94537],[7.7709,47.94573],[7.77109,47.94629],[7.77044,47.94765],[7.76982,47.94839],[7.7688,47.94941],[7.76731,47.95083],[7.76775,47.95155],[7.76695,47.95196],[7.76577,47.95257],[7.76572,47.95255],[7.76559,47.95257],[7.76552,47.95262],[7.76662,47.95364],[7.76729,47.95417],[7.76637,47.95439],[7.76736,47.95525],[7.76608,47.95544],[7.76611,47.95548],[7.76611,47.95549],[7.76613,47.95552],[7.76614,47.95554],[7.76616,47.95558],[7.76618,47.95561],[7.767,47.95628],[7.7662,47.95629],[7.76621,47.95632],[7.76567,47.95634],[7.76567,47.95639],[7.76561,47.95641],[7.76626,47.95687],[7.76661,47.95684],[7.76663,47.95688],[7.76722,47.9568],[7.76757,47.95671],[7.7685,47.95776],[7.76813,47.95785],[7.76922,47.9592],[7.76892,47.95924],[7.76892,47.95931],[7.76883,47.95933],[7.76884,47.95935],[7.76888,47.95941],[7.76898,47.9594],[7.76901,47.95941],[7.76924,47.95972],[7.77015,47.96145],[7.77019,47.96161],[7.77044,47.96205],[7.77087,47.96249],[7.77124,47.96279],[7.77227,47.96346],[7.77268,47.96367],[7.77312,47.96386],[7.77322,47.96386],[7.77337,47.96392],[7.77415,47.96409],[7.7745,47.96412],[7.77466,47.96407],[7.7749,47.96411],[7.77521,47.96409],[7.7752,47.96399],[7.77547,47.9635],[7.7764,47.96363],[7.77668,47.96363],[7.77712,47.96356],[7.77752,47.96347],[7.77748,47.96341],[7.77846,47.96312],[7.7792,47.963],[7.77943,47.96298],[7.7792,47.96264],[7.77959,47.9626],[7.78004,47.96262],[7.78026,47.96266],[7.78063,47.96281],[7.78101,47.96304],[7.78116,47.96316],[7.78139,47.96313],[7.78153,47.96334],[7.7821,47.96308],[7.78244,47.96331],[7.78278,47.96363],[7.7827,47.96377],[7.78276,47.96385],[7.78339,47.96363],[7.78347,47.96356],[7.78376,47.9638],[7.78428,47.96408],[7.78442,47.96399],[7.78533,47.96412],[7.78663,47.96435],[7.78786,47.96514],[7.78856,47.96583],[7.78919,47.96653],[7.7897,47.96733],[7.79027,47.96836],[7.79055,47.96885],[7.78875,47.96882],[7.78802,47.96899],[7.78778,47.96904],[7.78779,47.96908],[7.78769,47.96909],[7.78747,47.9691],[7.78737,47.96911],[7.78698,47.96927],[7.78693,47.96935],[7.78669,47.96928],[7.7866,47.96924],[7.78645,47.96919],[7.78592,47.96953],[7.78579,47.96944],[7.78566,47.96934],[7.78514,47.96967],[7.78496,47.96947],[7.78441,47.96983],[7.78441,47.96988],[7.78438,47.96991],[7.78426,47.96997],[7.78392,47.96974],[7.78359,47.96993],[7.78348,47.96986],[7.78342,47.96989],[7.78289,47.97016],[7.78277,47.97008],[7.78209,47.97046],[7.78202,47.9704],[7.78164,47.97039],[7.78111,47.97037],[7.78061,47.97058],[7.78039,47.97066],[7.78028,47.97074],[7.77996,47.97094],[7.77818,47.97207],[7.77806,47.97215],[7.77792,47.97217],[7.77789,47.97218],[7.77582,47.97271],[7.77608,47.97339],[7.77627,47.97387],[7.77228,47.9749],[7.77265,47.97544],[7.77218,47.97564],[7.77212,47.97563],[7.77207,47.97564],[7.77203,47.97566],[7.77184,47.97584],[7.77105,47.97658],[7.771,47.97663],[7.76991,47.97762],[7.76808,47.97841],[7.768,47.97844],[7.76795,47.97847],[7.76794,47.97846],[7.76733,47.97808],[7.76572,47.97702],[7.76337,47.97681],[7.76242,47.97704],[7.76009,47.97765],[7.75765,47.97838],[7.75639,47.97872],[7.75596,47.97881],[7.75512,47.9788],[7.75678,47.98052],[7.75591,47.98043],[7.75424,47.98016],[7.75245,47.97981],[7.75005,47.97936],[7.74943,47.97921],[7.74822,47.9789],[7.74701,47.97874],[7.74566,47.97869],[7.74445,47.97889],[7.7435,47.97916],[7.74324,47.97924],[7.74231,47.97956],[7.74215,47.97963],[7.74162,47.97967],[7.74083,47.97974],[7.74084,47.97988],[7.74039,47.97991],[7.73995,47.9799],[7.73943,47.97994],[7.73927,47.98006],[7.73857,47.98009],[7.738,47.9801],[7.73698,47.98012],[7.73678,47.98012],[7.7363,47.98008],[7.73608,47.97994],[7.73575,47.97961],[7.73532,47.97933],[7.73498,47.97922],[7.73437,47.97907],[7.73378,47.97904],[7.73347,47.97901],[7.73328,47.97897],[7.73306,47.97892],[7.73284,47.97881],[7.73254,47.97863],[7.73167,47.97801],[7.73133,47.97777],[7.73123,47.97785],[7.7312,47.97787],[7.73095,47.97806],[7.73078,47.97814],[7.72919,47.97706],[7.72887,47.9772],[7.7285,47.97745],[7.72763,47.97812],[7.72752,47.97798],[7.7275,47.97796],[7.72722,47.9776],[7.72715,47.97763],[7.7267,47.97716],[7.72658,47.97721],[7.72555,47.97638],[7.72553,47.97636],[7.72518,47.97608],[7.72441,47.97558],[7.7244,47.97558],[7.72432,47.97561],[7.72431,47.97562],[7.72395,47.97577],[7.72375,47.97572],[7.72356,47.97571],[7.72402,47.97539],[7.72406,47.97536],[7.72423,47.97524],[7.72513,47.97462],[7.72509,47.97459],[7.72507,47.97458],[7.72503,47.97456],[7.72404,47.97397],[7.72398,47.97392],[7.72381,47.97383],[7.72367,47.97374],[7.72359,47.97369],[7.72349,47.97363],[7.72348,47.97362],[7.72301,47.97334],[7.72298,47.97333],[7.72181,47.97263],[7.72186,47.97256],[7.72188,47.97254],[7.72197,47.97243],[7.72201,47.97239],[7.72205,47.97234],[7.72207,47.97231],[7.72217,47.97219],[7.72227,47.97209],[7.72235,47.97201],[7.72237,47.97198],[7.72206,47.97175],[7.72171,47.97149],[7.72142,47.9713],[7.72117,47.97114],[7.72089,47.97096],[7.72066,47.97085],[7.72021,47.9706],[7.71981,47.97029],[7.71971,47.97008],[7.7196,47.96993],[7.71915,47.96934],[7.71869,47.96878],[7.71727,47.96905],[7.71713,47.96893],[7.7168,47.96868],[7.71545,47.96796],[7.71348,47.96682],[7.71222,47.96622],[7.71046,47.96537],[7.71018,47.9652],[7.70993,47.96505],[7.709,47.96452],[7.70754,47.9637],[7.70567,47.96281],[7.70513,47.96259],[7.70483,47.96251],[7.7048,47.9625],[7.70473,47.96247],[7.70373,47.962],[7.69865,47.95969],[7.69814,47.96],[7.69802,47.96007],[7.69799,47.96009],[7.69787,47.96016],[7.69759,47.96033],[7.69713,47.96073],[7.69666,47.96109],[7.69653,47.9612],[7.69629,47.9614],[7.69568,47.96185],[7.69546,47.96197],[7.69522,47.96206],[7.69489,47.96217],[7.69462,47.96225],[7.69386,47.96245],[7.69365,47.9625],[7.69245,47.96282],[7.69227,47.96288],[7.69097,47.9632],[7.69072,47.96326],[7.69062,47.96328],[7.69015,47.9634],[7.68942,47.96354],[7.68937,47.96347],[7.6888,47.96257],[7.6878,47.96109],[7.68669,47.96142],[7.68664,47.96144],[7.68471,47.96202],[7.68381,47.96229],[7.6837,47.96228],[7.68368,47.96228],[7.68366,47.96228],[7.68342,47.96227],[7.68141,47.96152],[7.68136,47.9615],[7.68135,47.96149],[7.67951,47.96088],[7.67918,47.96057],[7.67841,47.95995],[7.67762,47.95929],[7.67756,47.95924],[7.67757,47.95923],[7.67801,47.95886],[7.6765,47.95748],[7.67861,47.95584],[7.67863,47.95583],[7.6787,47.95578],[7.67877,47.95573],[7.67953,47.95534],[7.67966,47.95523],[7.68053,47.95477],[7.68161,47.95419],[7.68168,47.95415],[7.67863,47.95345],[7.67755,47.95318],[7.67776,47.95278],[7.67897,47.95232],[7.68091,47.95158],[7.68155,47.95134],[7.68156,47.95134],[7.6816,47.95132],[7.68234,47.95106],[7.68236,47.95105],[7.68239,47.95104],[7.6842,47.95037],[7.68423,47.95036],[7.68425,47.95035],[7.687,47.94934],[7.68707,47.94933],[7.6871,47.94931],[7.68735,47.94927],[7.69128,47.94871],[7.69105,47.94818],[7.69116,47.94817],[7.6936,47.9478],[7.69386,47.94807],[7.69396,47.94804],[7.69438,47.94787],[7.69903,47.94608],[7.69909,47.94605],[7.69989,47.94742],[7.70235,47.94648],[7.70482,47.94552],[7.70728,47.94457],[7.70764,47.94444],[7.70791,47.94434],[7.70947,47.94374],[7.712,47.94277],[7.71211,47.94273],[7.71275,47.94161],[7.71276,47.94162],[7.71483,47.94282],[7.71622,47.94363],[7.71648,47.94341],[7.71668,47.94322],[7.7167,47.9432],[7.71687,47.94303],[7.71709,47.94283],[7.71759,47.94233],[7.71763,47.94235],[7.7202,47.94344],[7.72025,47.94343],[7.72108,47.94282],[7.72133,47.94258],[7.72138,47.94261],[7.72141,47.94263],[7.72143,47.94264],[7.72314,47.94355],[7.72438,47.94226],[7.72441,47.94226],[7.72445,47.94226],[7.72448,47.94227],[7.72579,47.94254],[7.72582,47.94255],[7.72587,47.94256],[7.72591,47.94257],[7.72694,47.94278],[7.72741,47.94288],[7.72512,47.94628],[7.72483,47.94637],[7.7248,47.94638],[7.72474,47.9464],[7.72409,47.94757],[7.72416,47.94784],[7.72393,47.94832],[7.72377,47.94865],[7.7238,47.94866],[7.72543,47.94922],[7.72481,47.95008],[7.7245,47.95049],[7.72453,47.9505],[7.72464,47.95054],[7.72466,47.95054],[7.72587,47.95093],[7.72596,47.95099],[7.72735,47.95189],[7.72736,47.95191],[7.72737,47.95193],[7.72739,47.95195],[7.72804,47.95283],[7.72887,47.954],[7.72981,47.95369],[7.73075,47.95355],[7.73257,47.95349],[7.7332,47.95346],[7.7336,47.95346],[7.73411,47.95341],[7.73454,47.95324],[7.73482,47.95316],[7.73509,47.95309],[7.73516,47.95308],[7.73517,47.95308],[7.73542,47.95307],[7.73611,47.95305],[7.73613,47.95209],[7.73626,47.95207],[7.73641,47.95204],[7.7366,47.95201],[7.73669,47.9518],[7.7368,47.95149],[7.7369,47.95133],[7.73716,47.95104],[7.7374,47.95086],[7.73746,47.95083],[7.73788,47.95056],[7.73839,47.95024],[7.73856,47.95013],[7.73869,47.95004],[7.739,47.94991],[7.74011,47.94939],[7.74022,47.94934],[7.74237,47.9484],[7.74245,47.94837],[7.74228,47.94816],[7.74294,47.94789],[7.74296,47.94792],[7.74333,47.94771],[7.74366,47.94758],[7.74379,47.94776],[7.74506,47.94721],[7.74516,47.94732],[7.74587,47.94702],[7.74552,47.94663],[7.74635,47.94654],[7.74639,47.94649],[7.74651,47.94661],[7.74727,47.94637],[7.74745,47.94633],[7.74752,47.94615],[7.74799,47.94596],[7.74858,47.94571],[7.74895,47.94604],[7.74919,47.94627],[7.7499,47.94671],[7.75068,47.9471],[7.75141,47.94764],[7.75165,47.94789],[7.7519,47.94817]]]}},{"type":"Feature","properties":{"id":"bollschweil","name":"Bollschweil"},"geometry":{"type":"Polygon","coordinates":[[[7.84041,47.92084],[7.84009,47.92092],[7.83965,47.92112],[7.83897,47.92137],[7.83746,47.92161],[7.83678,47.92157],[7.8361,47.92162],[7.83536,47.92197],[7.83503,47.92209],[7.83478,47.92219],[7.8345,47.92233],[7.83314,47.92208],[7.83262,47.92196],[7.83208,47.92184],[7.831,47.92185],[7.83071,47.92186],[7.83015,47.9219],[7.82861,47.92206],[7.8273,47.92214],[7.82602,47.92237],[7.82571,47.92241],[7.82504,47.92249],[7.82397,47.92244],[7.82336,47.92227],[7.82256,47.92215],[7.82179,47.92221],[7.82092,47.92234],[7.82034,47.92253],[7.81922,47.92323],[7.81883,47.92362],[7.81833,47.92397],[7.8169,47.9237],[7.816,47.92347],[7.81452,47.92338],[7.81336,47.92319],[7.81132,47.92251],[7.81056,47.92247],[7.80995,47.92263],[7.80745,47.92291],[7.80622,47.92382],[7.80598,47.92381],[7.8057,47.92401],[7.80517,47.92402],[7.80438,47.92423],[7.80435,47.92424],[7.80421,47.92433],[7.80395,47.92444],[7.80345,47.92495],[7.80217,47.92545],[7.80164,47.92515],[7.8015,47.92525],[7.80134,47.9253],[7.80127,47.92539],[7.80111,47.92541],[7.801,47.9255],[7.80144,47.92611],[7.8,47.9264],[7.79987,47.92651],[7.79936,47.92673],[7.79916,47.92692],[7.7998,47.92707],[7.79967,47.9271],[7.79961,47.9272],[7.79943,47.92748],[7.79906,47.92789],[7.79889,47.92808],[7.79883,47.92828],[7.79811,47.92828],[7.79815,47.92849],[7.79819,47.92869],[7.79835,47.92904],[7.7981,47.92911],[7.79794,47.92916],[7.79784,47.92911],[7.79705,47.92968],[7.79752,47.93002],[7.7969,47.93036],[7.79669,47.93047],[7.79558,47.931],[7.79452,47.93158],[7.79409,47.93184],[7.7922,47.93231],[7.79188,47.9324],[7.79149,47.93242],[7.79084,47.93248],[7.78982,47.93278],[7.78913,47.93319],[7.78828,47.93382],[7.78749,47.93442],[7.78509,47.93612],[7.78481,47.93627],[7.7843,47.93653],[7.78368,47.9364],[7.7829,47.93623],[7.78155,47.93593],[7.78095,47.9358],[7.78044,47.93541],[7.77964,47.9351],[7.77791,47.93495],[7.77677,47.93474],[7.77558,47.93454],[7.77483,47.93408],[7.77454,47.93368],[7.77431,47.93336],[7.77385,47.9329],[7.77377,47.93271],[7.7735,47.93215],[7.77359,47.93143],[7.77431,47.93144],[7.7741,47.93127],[7.77399,47.93104],[7.7738,47.93081],[7.77361,47.93059],[7.77313,47.93013],[7.77253,47.92959],[7.77246,47.92963],[7.77221,47.92934],[7.77175,47.92884],[7.77141,47.92848],[7.77114,47.928],[7.77029,47.9266],[7.76947,47.92522],[7.76749,47.9248],[7.76739,47.92478],[7.76732,47.92476],[7.76723,47.92474],[7.76719,47.92452],[7.76696,47.92322],[7.76772,47.92319],[7.76799,47.92268],[7.7686,47.92251],[7.77062,47.92208],[7.77132,47.92146],[7.77073,47.92072],[7.77049,47.92047],[7.77078,47.9203],[7.77068,47.92026],[7.77166,47.91965],[7.77141,47.91946],[7.77092,47.91916],[7.7707,47.91899],[7.77061,47.91879],[7.77063,47.91842],[7.77079,47.91822],[7.77079,47.91821],[7.77089,47.9179],[7.77086,47.9179],[7.77083,47.9179],[7.77088,47.91752],[7.77106,47.9172],[7.77115,47.91652],[7.77122,47.91633],[7.77135,47.91613],[7.77169,47.91584],[7.77193,47.91569],[7.77209,47.91573],[7.77307,47.91565],[7.77385,47.91567],[7.77517,47.91561],[7.77553,47.91562],[7.77573,47.9156],[7.77625,47.91544],[7.7773,47.91507],[7.77837,47.91465],[7.7785,47.91434],[7.77892,47.91406],[7.77911,47.91395],[7.77946,47.91377],[7.7795,47.91373],[7.77979,47.91371],[7.78048,47.91359],[7.78068,47.91363],[7.7811,47.91368],[7.78143,47.91375],[7.78163,47.91408],[7.78171,47.91407],[7.78208,47.91393],[7.78281,47.91402],[7.78565,47.9142],[7.78611,47.91423],[7.78703,47.91421],[7.78861,47.91422],[7.78974,47.91423],[7.79002,47.91391],[7.79019,47.9137],[7.79041,47.91335],[7.79094,47.91301],[7.79168,47.91247],[7.79261,47.91192],[7.79314,47.91159],[7.79393,47.91103],[7.79437,47.91073],[7.79489,47.9104],[7.79562,47.90997],[7.79647,47.90962],[7.79707,47.90931],[7.79774,47.90893],[7.79886,47.90827],[7.79981,47.90769],[7.80045,47.90778],[7.8009,47.90783],[7.80102,47.9079],[7.80137,47.90782],[7.80161,47.90778],[7.80186,47.90773],[7.80247,47.90761],[7.80282,47.9075],[7.80355,47.90732],[7.80381,47.90727],[7.80452,47.90744],[7.80493,47.90757],[7.80526,47.90767],[7.80627,47.90813],[7.80689,47.9079],[7.80751,47.90766],[7.80832,47.90739],[7.80862,47.90697],[7.80928,47.90608],[7.80975,47.90558],[7.81039,47.90495],[7.81137,47.90568],[7.8126,47.90666],[7.81334,47.90728],[7.81386,47.90691],[7.81421,47.90663],[7.81462,47.90629],[7.81516,47.90575],[7.8155,47.90524],[7.81576,47.90467],[7.81582,47.90466],[7.81771,47.90459],[7.81831,47.90409],[7.81866,47.90353],[7.81893,47.9035],[7.81911,47.90313],[7.81926,47.90289],[7.81927,47.90265],[7.81924,47.90233],[7.81927,47.9021],[7.81929,47.90177],[7.81928,47.90122],[7.81912,47.90072],[7.81948,47.90052],[7.82048,47.90007],[7.82149,47.89983],[7.82205,47.89975],[7.82279,47.89976],[7.82306,47.89963],[7.82331,47.89923],[7.82338,47.89906],[7.82362,47.89865],[7.82393,47.89837],[7.8243,47.89817],[7.82481,47.89796],[7.82522,47.8978],[7.82567,47.89766],[7.82699,47.89784],[7.82923,47.89962],[7.83079,47.89867],[7.83096,47.89843],[7.83112,47.89821],[7.8313,47.89755],[7.83158,47.89725],[7.83149,47.89667],[7.83169,47.89642],[7.83267,47.89586],[7.83309,47.89558],[7.83328,47.89545],[7.83368,47.89511],[7.83458,47.89436],[7.83564,47.89446],[7.8361,47.89444],[7.83677,47.89436],[7.83771,47.89414],[7.8399,47.89373],[7.84342,47.89321],[7.8437,47.89328],[7.84419,47.8934],[7.84555,47.89396],[7.84646,47.89479],[7.84649,47.89505],[7.8465,47.89514],[7.84701,47.89538],[7.8475,47.89549],[7.84813,47.89556],[7.84816,47.89565],[7.84827,47.89576],[7.84847,47.89589],[7.84874,47.89613],[7.84905,47.89642],[7.84925,47.8966],[7.84958,47.89692],[7.85025,47.8974],[7.85083,47.89764],[7.85153,47.89788],[7.85196,47.898],[7.85254,47.89813],[7.85431,47.89859],[7.85528,47.89866],[7.85618,47.8987],[7.8572,47.89898],[7.85772,47.89916],[7.85817,47.89926],[7.85885,47.89936],[7.85936,47.89944],[7.85968,47.89946],[7.86013,47.89962],[7.8608,47.89985],[7.86151,47.90006],[7.86255,47.90036],[7.86287,47.90045],[7.86337,47.90058],[7.86472,47.9008],[7.8657,47.90099],[7.86677,47.90112],[7.86685,47.90112],[7.86712,47.90115],[7.86737,47.90123],[7.8678,47.90137],[7.86854,47.90167],[7.86893,47.9018],[7.86942,47.90186],[7.87013,47.90191],[7.87075,47.90199],[7.8711,47.90206],[7.87175,47.90225],[7.87267,47.90251],[7.87332,47.90273],[7.87391,47.90295],[7.87498,47.90358],[7.87332,47.90395],[7.8715,47.90451],[7.87066,47.9057],[7.87047,47.90594],[7.86974,47.90759],[7.86956,47.90782],[7.86925,47.90809],[7.86833,47.90879],[7.86796,47.90927],[7.8658,47.90986],[7.86527,47.91057],[7.86391,47.91022],[7.86214,47.91097],[7.8601,47.91174],[7.85795,47.91162],[7.85643,47.91275],[7.85588,47.91422],[7.8543,47.91576],[7.85402,47.91597],[7.85363,47.91644],[7.85341,47.91684],[7.85334,47.91712],[7.85339,47.91745],[7.85355,47.91753],[7.85359,47.91768],[7.85346,47.91821],[7.85323,47.91848],[7.85285,47.919],[7.85235,47.91924],[7.85211,47.9197],[7.85181,47.92007],[7.85157,47.92028],[7.85136,47.92039],[7.85102,47.9208],[7.85057,47.92104],[7.84963,47.92136],[7.84866,47.92132],[7.8475,47.92141],[7.84669,47.92148],[7.84599,47.92156],[7.84542,47.92181],[7.84455,47.92212],[7.84443,47.92217],[7.84353,47.92214],[7.84307,47.92217],[7.8427,47.92228],[7.84251,47.92191],[7.84154,47.92111],[7.84041,47.92084]]]}},{"type":"Feature","properties":{"id":"ebringen","name":"Ebringen"},"geometry":{"type":"Polygon","coordinates":[[[7.78095,47.9358],[7.78155,47.93593],[7.7829,47.93623],[7.78368,47.9364],[7.7843,47.93653],[7.78481,47.93627],[7.78509,47.93612],[7.78749,47.93442],[7.78828,47.93382],[7.78913,47.93319],[7.78982,47.93278],[7.79084,47.93248],[7.79149,47.93242],[7.79188,47.9324],[7.79247,47.93342],[7.79359,47.93536],[7.79402,47.9351],[7.79431,47.93493],[7.79521,47.93535],[7.7949,47.93549],[7.79441,47.93576],[7.79382,47.93617],[7.79356,47.93635],[7.79357,47.93661],[7.7936,47.9377],[7.79362,47.93838],[7.79402,47.93885],[7.79441,47.93922],[7.79468,47.93949],[7.79499,47.93969],[7.79571,47.93985],[7.79649,47.93988],[7.79686,47.93993],[7.79741,47.94004],[7.79773,47.94015],[7.79774,47.94015],[7.79775,47.94016],[7.79816,47.94029],[7.79836,47.94043],[7.79977,47.94098],[7.80072,47.94129],[7.8012,47.94148],[7.8014,47.94158],[7.80152,47.94162],[7.80278,47.94204],[7.80391,47.94247],[7.80409,47.94243],[7.80458,47.94232],[7.80465,47.94203],[7.80521,47.94211],[7.80526,47.94211],[7.8053,47.94212],[7.8053,47.94214],[7.80529,47.94217],[7.80527,47.94221],[7.80517,47.94233],[7.80516,47.94236],[7.80505,47.94248],[7.80502,47.94257],[7.80501,47.94262],[7.80499,47.94268],[7.80499,47.94271],[7.80501,47.94277],[7.80503,47.9428],[7.80504,47.94284],[7.80506,47.94288],[7.80507,47.94293],[7.80509,47.94298],[7.80508,47.94299],[7.80513,47.94303],[7.80513,47.94307],[7.8051,47.94309],[7.8051,47.94312],[7.80515,47.94315],[7.80515,47.94315],[7.80519,47.94319],[7.80523,47.94323],[7.80525,47.94325],[7.80523,47.94334],[7.80521,47.94338],[7.80519,47.94342],[7.8052,47.94345],[7.80524,47.94349],[7.80523,47.9435],[7.80525,47.94355],[7.8051,47.94372],[7.80501,47.94379],[7.80498,47.94383],[7.80498,47.94387],[7.80497,47.94392],[7.80496,47.94403],[7.80496,47.9441],[7.80495,47.94413],[7.80496,47.94418],[7.80494,47.94423],[7.80492,47.94425],[7.80479,47.94431],[7.80476,47.9444],[7.80471,47.94444],[7.80466,47.94449],[7.80462,47.94455],[7.80464,47.9446],[7.80462,47.94466],[7.80466,47.94472],[7.80466,47.9448],[7.80465,47.9449],[7.80465,47.9449],[7.80462,47.94508],[7.80445,47.94531],[7.80441,47.94536],[7.80431,47.9455],[7.80442,47.94552],[7.80433,47.94569],[7.80431,47.94573],[7.80429,47.94576],[7.80428,47.94577],[7.80417,47.94598],[7.8043,47.94601],[7.80397,47.9468],[7.80384,47.94675],[7.8038,47.94682],[7.80308,47.94797],[7.80323,47.94807],[7.80342,47.94819],[7.80343,47.9482],[7.80362,47.94833],[7.80368,47.94837],[7.80382,47.94846],[7.80391,47.94852],[7.80408,47.94863],[7.8042,47.94871],[7.80429,47.94877],[7.80438,47.94883],[7.80454,47.94893],[7.80462,47.94899],[7.8047,47.94904],[7.8048,47.94911],[7.80482,47.94913],[7.80491,47.94923],[7.80497,47.94929],[7.80502,47.94934],[7.80508,47.9494],[7.80513,47.94946],[7.80535,47.9497],[7.8054,47.94976],[7.80545,47.94981],[7.80545,47.94981],[7.80551,47.94987],[7.80561,47.94999],[7.80572,47.9501],[7.80577,47.95016],[7.80582,47.95022],[7.80593,47.95033],[7.80598,47.95038],[7.80606,47.95045],[7.80618,47.95056],[7.80619,47.95057],[7.80631,47.95067],[7.80642,47.95078],[7.80649,47.95084],[7.80656,47.95089],[7.80681,47.95111],[7.80693,47.95122],[7.80705,47.95132],[7.80705,47.95133],[7.80711,47.95138],[7.8073,47.95156],[7.80736,47.95162],[7.80785,47.95208],[7.80828,47.95256],[7.80838,47.95266],[7.80868,47.95297],[7.80894,47.95336],[7.80919,47.95374],[7.80938,47.95421],[7.80952,47.95464],[7.8094,47.95534],[7.80949,47.9564],[7.8095,47.95643],[7.80951,47.9565],[7.80943,47.95687],[7.8092,47.95796],[7.80918,47.95843],[7.80918,47.95897],[7.80916,47.95958],[7.80929,47.96053],[7.80918,47.96113],[7.80924,47.96144],[7.80931,47.96179],[7.80931,47.96209],[7.80939,47.96236],[7.80944,47.96259],[7.80945,47.96278],[7.8094,47.96323],[7.80891,47.96377],[7.80891,47.96379],[7.80888,47.96428],[7.80891,47.96471],[7.80887,47.96518],[7.80905,47.9657],[7.80903,47.96578],[7.80906,47.9659],[7.80763,47.9657],[7.80738,47.96556],[7.80703,47.9654],[7.80676,47.96528],[7.80659,47.9651],[7.80625,47.96477],[7.80613,47.96463],[7.80527,47.96446],[7.80444,47.96433],[7.80214,47.96408],[7.80117,47.96435],[7.80044,47.96455],[7.7993,47.96527],[7.79758,47.96564],[7.79563,47.96627],[7.79217,47.96836],[7.79055,47.96885],[7.79027,47.96836],[7.7897,47.96733],[7.78919,47.96653],[7.78856,47.96583],[7.78786,47.96514],[7.78663,47.96435],[7.78533,47.96412],[7.78442,47.96399],[7.78428,47.96408],[7.78376,47.9638],[7.78347,47.96356],[7.78339,47.96363],[7.78276,47.96385],[7.7827,47.96377],[7.78278,47.96363],[7.78244,47.96331],[7.7821,47.96308],[7.78153,47.96334],[7.78139,47.96313],[7.78116,47.96316],[7.78101,47.96304],[7.78063,47.96281],[7.78026,47.96266],[7.78004,47.96262],[7.77959,47.9626],[7.7792,47.96264],[7.77943,47.96298],[7.7792,47.963],[7.77846,47.96312],[7.77748,47.96341],[7.77752,47.96347],[7.77712,47.96356],[7.77668,47.96363],[7.7764,47.96363],[7.77547,47.9635],[7.7752,47.96399],[7.77521,47.96409],[7.7749,47.96411],[7.77466,47.96407],[7.7745,47.96412],[7.77415,47.96409],[7.77337,47.96392],[7.77322,47.96386],[7.77312,47.96386],[7.77268,47.96367],[7.77227,47.96346],[7.77124,47.96279],[7.77087,47.96249],[7.77044,47.96205],[7.77019,47.96161],[7.77015,47.96145],[7.76924,47.95972],[7.76901,47.95941],[7.76898,47.9594],[7.76888,47.95941],[7.76884,47.95935],[7.76883,47.95933],[7.76892,47.95931],[7.76892,47.95924],[7.76922,47.9592],[7.76813,47.95785],[7.7685,47.95776],[7.76757,47.95671],[7.76722,47.9568],[7.76663,47.95688],[7.76661,47.95684],[7.76626,47.95687],[7.76561,47.95641],[7.76567,47.95639],[7.76567,47.95634],[7.76621,47.95632],[7.7662,47.95629],[7.767,47.95628],[7.76618,47.95561],[7.76616,47.95558],[7.76614,47.95554],[7.76613,47.95552],[7.76611,47.95549],[7.76611,47.95548],[7.76608,47.95544],[7.76736,47.95525],[7.76637,47.95439],[7.76729,47.95417],[7.76662,47.95364],[7.76552,47.95262],[7.76559,47.95257],[7.76572,47.95255],[7.76577,47.95257],[7.76695,47.95196],[7.76775,47.95155],[7.76731,47.95083],[7.7688,47.94941],[7.76982,47.94839],[7.77044,47.94765],[7.77109,47.94629],[7.7709,47.94573],[7.77054,47.94537],[7.77155,47.94423],[7.7721,47.94284],[7.7735,47.94198],[7.77499,47.94129],[7.77616,47.94142],[7.77781,47.94169],[7.7786,47.9417],[7.77939,47.94136],[7.77995,47.9408],[7.78077,47.93903],[7.78092,47.93845],[7.78102,47.93747],[7.78095,47.9358]]]}},{"type":"Feature","properties":{"id":"pfaffenweiler","name":"Pfaffenweiler"},"geometry":{"type":"Polygon","coordinates":[[[7.73951,47.93646],[7.73967,47.93642],[7.74019,47.93626],[7.74042,47.93619],[7.74082,47.93607],[7.74095,47.93603],[7.74161,47.93583],[7.74294,47.93543],[7.74259,47.93491],[7.74398,47.9346],[7.74482,47.93438],[7.74486,47.93438],[7.74493,47.93436],[7.74639,47.93397],[7.74661,47.93392],[7.7469,47.93434],[7.74699,47.9343],[7.74754,47.93411],[7.74757,47.93409],[7.74906,47.93354],[7.74872,47.93308],[7.74889,47.93301],[7.74952,47.93275],[7.7499,47.93259],[7.74976,47.93236],[7.74995,47.93228],[7.74999,47.93232],[7.75043,47.93287],[7.75048,47.93285],[7.75074,47.93278],[7.75107,47.93269],[7.75114,47.93267],[7.75212,47.9324],[7.7542,47.93185],[7.75428,47.93182],[7.7544,47.93158],[7.75443,47.93138],[7.75439,47.93111],[7.75432,47.93085],[7.75436,47.9306],[7.75435,47.9301],[7.75438,47.92965],[7.75445,47.92949],[7.75453,47.92917],[7.75807,47.9287],[7.75988,47.92866],[7.76071,47.92857],[7.76157,47.92859],[7.76305,47.92923],[7.76478,47.93057],[7.76645,47.93148],[7.76827,47.93215],[7.76878,47.93235],[7.76999,47.93281],[7.77088,47.93366],[7.7712,47.93398],[7.77163,47.93438],[7.77203,47.93474],[7.77427,47.9354],[7.77557,47.93578],[7.77579,47.93579],[7.77612,47.93578],[7.77683,47.93574],[7.77772,47.93569],[7.77962,47.93559],[7.78082,47.93578],[7.78095,47.9358],[7.78038,47.93657],[7.78004,47.93724],[7.77984,47.93789],[7.77915,47.93856],[7.77861,47.93894],[7.77785,47.93948],[7.7763,47.93998],[7.77623,47.94001],[7.77511,47.94056],[7.77494,47.94074],[7.77482,47.94088],[7.77475,47.9409],[7.77444,47.94103],[7.77419,47.94114],[7.7738,47.9413],[7.7732,47.94138],[7.77215,47.94205],[7.77034,47.94328],[7.76857,47.94382],[7.76664,47.94447],[7.76496,47.94499],[7.76297,47.94568],[7.75992,47.94636],[7.75897,47.94663],[7.7586,47.9461],[7.75788,47.94629],[7.75688,47.94657],[7.7568,47.94646],[7.75608,47.94668],[7.75522,47.94692],[7.75441,47.94716],[7.75376,47.94741],[7.75297,47.94764],[7.75249,47.94788],[7.75229,47.94798],[7.7519,47.94817],[7.75165,47.94789],[7.75141,47.94764],[7.75068,47.9471],[7.7499,47.94671],[7.74919,47.94627],[7.74895,47.94604],[7.74858,47.94571],[7.74824,47.94545],[7.74765,47.94465],[7.74738,47.9442],[7.74729,47.94402],[7.74704,47.94338],[7.74708,47.94336],[7.7471,47.94336],[7.74668,47.94231],[7.74657,47.94194],[7.7465,47.94168],[7.74636,47.94154],[7.74584,47.94104],[7.74504,47.94026],[7.7445,47.93975],[7.74331,47.93903],[7.74317,47.93895],[7.74314,47.93893],[7.74108,47.93784],[7.74039,47.93745],[7.73966,47.93665],[7.73951,47.93646]]]}},{"type":"Feature","properties":{"id":"ehrenkirchen","name":"Ehrenkirchen"},"geometry":{"type":"Polygon","coordinates":[[[7.78095,47.9358],[7.78082,47.93578],[7.77962,47.93559],[7.77772,47.93569],[7.77683,47.93574],[7.77612,47.93578],[7.77579,47.93579],[7.77557,47.93578],[7.77427,47.9354],[7.77203,47.93474],[7.77163,47.93438],[7.7712,47.93398],[7.77088,47.93366],[7.76999,47.93281],[7.76878,47.93235],[7.76827,47.93215],[7.76645,47.93148],[7.76478,47.93057],[7.76305,47.92923],[7.76157,47.92859],[7.76071,47.92857],[7.75988,47.92866],[7.75807,47.9287],[7.75453,47.92917],[7.75445,47.92949],[7.75438,47.92965],[7.75435,47.9301],[7.75436,47.9306],[7.75432,47.93085],[7.75439,47.93111],[7.75443,47.93138],[7.7544,47.93158],[7.75428,47.93182],[7.7542,47.93185],[7.75212,47.9324],[7.75114,47.93267],[7.75107,47.93269],[7.75074,47.93278],[7.75048,47.93285],[7.75043,47.93287],[7.74999,47.93232],[7.74995,47.93228],[7.74976,47.93236],[7.7499,47.93259],[7.74952,47.93275],[7.74889,47.93301],[7.74872,47.93308],[7.74906,47.93354],[7.74757,47.93409],[7.74754,47.93411],[7.74699,47.9343],[7.7469,47.93434],[7.74661,47.93392],[7.74639,47.93397],[7.74493,47.93436],[7.74486,47.93438],[7.74482,47.93438],[7.74398,47.9346],[7.74259,47.93491],[7.74294,47.93543],[7.74161,47.93583],[7.74095,47.93603],[7.74082,47.93607],[7.74042,47.93619],[7.74019,47.93626],[7.73967,47.93642],[7.73951,47.93646],[7.73966,47.93665],[7.74039,47.93745],[7.74108,47.93784],[7.74314,47.93893],[7.74317,47.93895],[7.74331,47.93903],[7.7445,47.93975],[7.74504,47.94026],[7.74584,47.94104],[7.74636,47.94154],[7.7465,47.94168],[7.74657,47.94194],[7.74668,47.94231],[7.7471,47.94336],[7.74708,47.94336],[7.74704,47.94338],[7.74729,47.94402],[7.74738,47.9442],[7.74765,47.94465],[7.74824,47.94545],[7.74858,47.94571],[7.74799,47.94596],[7.74752,47.94615],[7.74745,47.94633],[7.74727,47.94637],[7.74651,47.94661],[7.74639,47.94649],[7.74635,47.94654],[7.74552,47.94663],[7.74587,47.94702],[7.74516,47.94732],[7.74506,47.94721],[7.74379,47.94776],[7.74366,47.94758],[7.74333,47.94771],[7.74296,47.94792],[7.74294,47.94789],[7.74228,47.94816],[7.74245,47.94837],[7.74237,47.9484],[7.74022,47.94934],[7.74011,47.94939],[7.739,47.94991],[7.73869,47.95004],[7.73856,47.95013],[7.73839,47.95024],[7.73788,47.95056],[7.73746,47.95083],[7.7374,47.95086],[7.73716,47.95104],[7.7369,47.95133],[7.7368,47.95149],[7.73669,47.9518],[7.7366,47.95201],[7.73641,47.95204],[7.73626,47.95207],[7.73613,47.95209],[7.73611,47.95305],[7.73542,47.95307],[7.73517,47.95308],[7.73516,47.95308],[7.73509,47.95309],[7.73482,47.95316],[7.73454,47.95324],[7.73411,47.95341],[7.7336,47.95346],[7.7332,47.95346],[7.73257,47.95349],[7.73075,47.95355],[7.72981,47.95369],[7.72887,47.954],[7.72804,47.95283],[7.72739,47.95195],[7.72737,47.95193],[7.72736,47.95191],[7.72735,47.95189],[7.72596,47.95099],[7.72587,47.95093],[7.72466,47.95054],[7.72464,47.95054],[7.72453,47.9505],[7.7245,47.95049],[7.72481,47.95008],[7.72543,47.94922],[7.7238,47.94866],[7.72377,47.94865],[7.72393,47.94832],[7.72416,47.94784],[7.72409,47.94757],[7.72474,47.9464],[7.7248,47.94638],[7.72483,47.94637],[7.72512,47.94628],[7.72741,47.94288],[7.72694,47.94278],[7.72591,47.94257],[7.72587,47.94256],[7.72582,47.94255],[7.72579,47.94254],[7.72448,47.94227],[7.72445,47.94226],[7.72441,47.94226],[7.72438,47.94226],[7.72314,47.94355],[7.72143,47.94264],[7.72141,47.94263],[7.72138,47.94261],[7.72133,47.94258],[7.72108,47.94282],[7.72025,47.94343],[7.7202,47.94344],[7.71763,47.94235],[7.71759,47.94233],[7.71709,47.94283],[7.71687,47.94303],[7.7167,47.9432],[7.71668,47.94322],[7.71648,47.94341],[7.71622,47.94363],[7.71483,47.94282],[7.71276,47.94162],[7.71275,47.94161],[7.71211,47.94273],[7.712,47.94277],[7.70947,47.94374],[7.70791,47.94434],[7.70723,47.94316],[7.7072,47.94312],[7.70692,47.94319],[7.70648,47.94246],[7.70648,47.94245],[7.70646,47.94242],[7.70645,47.94238],[7.70665,47.94229],[7.70717,47.94181],[7.70728,47.94173],[7.70735,47.94167],[7.70749,47.94152],[7.70759,47.94143],[7.70776,47.94135],[7.70818,47.94119],[7.70839,47.94107],[7.70847,47.94076],[7.70761,47.94008],[7.70783,47.93991],[7.7073,47.93952],[7.70734,47.93946],[7.70657,47.93866],[7.70662,47.93861],[7.70666,47.93855],[7.7067,47.9385],[7.70587,47.93756],[7.70639,47.93736],[7.70663,47.93727],[7.70553,47.93616],[7.70579,47.936],[7.70465,47.93487],[7.70475,47.93483],[7.70506,47.93472],[7.70387,47.93352],[7.7039,47.93346],[7.70391,47.93344],[7.70384,47.93336],[7.70351,47.93299],[7.70294,47.93242],[7.70167,47.93141],[7.70297,47.93037],[7.70356,47.93088],[7.70541,47.92995],[7.70545,47.92988],[7.70562,47.92972],[7.70598,47.92941],[7.70653,47.92893],[7.70661,47.92882],[7.70721,47.92795],[7.70742,47.92756],[7.70756,47.92718],[7.70771,47.92674],[7.70687,47.92618],[7.70751,47.92594],[7.70841,47.9256],[7.70899,47.92538],[7.70901,47.9254],[7.71032,47.92462],[7.71052,47.92481],[7.71055,47.9248],[7.7114,47.92558],[7.71126,47.92541],[7.71116,47.92519],[7.7111,47.925],[7.71107,47.92427],[7.71108,47.92393],[7.71115,47.92383],[7.71121,47.92362],[7.71123,47.92345],[7.71123,47.92326],[7.71116,47.92306],[7.71107,47.92288],[7.71104,47.92231],[7.71103,47.92205],[7.71112,47.92146],[7.71125,47.92118],[7.7114,47.92096],[7.71154,47.92077],[7.7117,47.92058],[7.71179,47.9205],[7.7133,47.91887],[7.71399,47.91815],[7.71452,47.91759],[7.71621,47.91772],[7.71627,47.91749],[7.71623,47.9174],[7.71619,47.91717],[7.7161,47.917],[7.71599,47.91683],[7.71569,47.91656],[7.71566,47.91648],[7.71567,47.91638],[7.71578,47.91618],[7.71891,47.91276],[7.71909,47.91257],[7.71934,47.91228],[7.71951,47.91211],[7.71974,47.91222],[7.71998,47.91236],[7.72025,47.91251],[7.72076,47.91285],[7.72091,47.91297],[7.72109,47.91285],[7.72185,47.91131],[7.72191,47.91115],[7.72189,47.91091],[7.7217,47.90908],[7.72175,47.90889],[7.72211,47.90806],[7.72214,47.90799],[7.72294,47.90595],[7.72101,47.90514],[7.72094,47.90511],[7.72199,47.90398],[7.72272,47.90319],[7.72333,47.90252],[7.7237,47.90207],[7.72394,47.90173],[7.72419,47.90133],[7.72431,47.90112],[7.72452,47.90071],[7.72458,47.90073],[7.7252,47.90088],[7.72697,47.90128],[7.727,47.90129],[7.72704,47.9013],[7.72737,47.90138],[7.72739,47.901],[7.72741,47.90084],[7.72769,47.90073],[7.72774,47.90071],[7.72779,47.90069],[7.72824,47.90052],[7.7285,47.90035],[7.72859,47.90026],[7.72874,47.90013],[7.72885,47.90002],[7.72902,47.89989],[7.72915,47.89977],[7.72952,47.89951],[7.72987,47.89931],[7.73094,47.8988],[7.7314,47.89863],[7.73193,47.89851],[7.73219,47.89844],[7.73256,47.89842],[7.7333,47.89838],[7.73416,47.89837],[7.73413,47.89827],[7.73447,47.89822],[7.73501,47.89812],[7.73539,47.89798],[7.73581,47.89776],[7.73583,47.89775],[7.73586,47.89775],[7.73596,47.89768],[7.73637,47.89744],[7.73647,47.89748],[7.73651,47.89751],[7.7366,47.89755],[7.7367,47.8974],[7.73707,47.89705],[7.73716,47.89703],[7.73732,47.89711],[7.73785,47.89768],[7.73803,47.89792],[7.73807,47.89791],[7.73808,47.8979],[7.73855,47.89772],[7.73862,47.8977],[7.73904,47.89815],[7.73948,47.89797],[7.7395,47.89805],[7.73977,47.89794],[7.7398,47.89793],[7.74059,47.89764],[7.74035,47.89733],[7.7407,47.89715],[7.74083,47.89708],[7.74087,47.89706],[7.74104,47.89698],[7.74118,47.89692],[7.74125,47.89689],[7.74149,47.89677],[7.74149,47.89677],[7.7417,47.89694],[7.74172,47.89695],[7.74173,47.89694],[7.7418,47.89689],[7.74214,47.89667],[7.74318,47.89749],[7.74324,47.89754],[7.7433,47.89759],[7.74398,47.8971],[7.74422,47.89694],[7.74478,47.89658],[7.74505,47.8964],[7.74521,47.8963],[7.74551,47.89608],[7.74744,47.89478],[7.74747,47.89476],[7.7475,47.89474],[7.74777,47.89483],[7.74915,47.8938],[7.74897,47.89363],[7.75,47.89317],[7.75085,47.89314],[7.75213,47.89332],[7.75292,47.89226],[7.75327,47.89195],[7.75445,47.89131],[7.7542,47.89094],[7.75395,47.89075],[7.75394,47.89048],[7.75404,47.89029],[7.75402,47.88941],[7.75408,47.88918],[7.75459,47.88863],[7.75507,47.88828],[7.75563,47.88802],[7.75614,47.88726],[7.75744,47.88627],[7.75926,47.88527],[7.76015,47.88515],[7.76079,47.88478],[7.76117,47.88448],[7.76152,47.88404],[7.7618,47.88361],[7.76233,47.88318],[7.76243,47.8827],[7.76248,47.88222],[7.76261,47.88193],[7.76268,47.88142],[7.76296,47.88101],[7.76287,47.88039],[7.76309,47.87984],[7.76301,47.87908],[7.76256,47.87757],[7.7636,47.87723],[7.76499,47.8773],[7.76677,47.87726],[7.76744,47.8773],[7.76841,47.87724],[7.7686,47.87703],[7.76909,47.87679],[7.7694,47.87666],[7.77029,47.87627],[7.7715,47.87581],[7.77244,47.87558],[7.77285,47.87525],[7.77394,47.87444],[7.77494,47.87403],[7.77562,47.87403],[7.77644,47.87435],[7.77714,47.87498],[7.77806,47.87563],[7.7794,47.87625],[7.77961,47.87632],[7.78047,47.87658],[7.78112,47.87698],[7.78171,47.87773],[7.78264,47.87789],[7.78355,47.87794],[7.78525,47.87832],[7.78613,47.87835],[7.78683,47.87825],[7.78784,47.87817],[7.78836,47.87762],[7.78905,47.87718],[7.7897,47.87674],[7.78984,47.87651],[7.79032,47.87626],[7.79066,47.87607],[7.79152,47.87565],[7.79193,47.87554],[7.7932,47.87529],[7.79387,47.87504],[7.79449,47.87478],[7.79483,47.8747],[7.79528,47.87495],[7.79585,47.87536],[7.7961,47.87554],[7.79679,47.87575],[7.79744,47.87602],[7.7978,47.87642],[7.79867,47.87657],[7.79957,47.87693],[7.79988,47.87706],[7.80025,47.87758],[7.80058,47.87832],[7.80086,47.87908],[7.80096,47.87988],[7.80124,47.88003],[7.80155,47.87985],[7.80254,47.87995],[7.80326,47.88008],[7.80364,47.88024],[7.80373,47.88035],[7.80394,47.88053],[7.80471,47.88017],[7.80579,47.88052],[7.80736,47.88047],[7.80827,47.88038],[7.80952,47.88028],[7.81048,47.88057],[7.81143,47.88084],[7.81194,47.88112],[7.81244,47.88138],[7.81326,47.88165],[7.81409,47.8821],[7.81507,47.8825],[7.81508,47.88251],[7.81573,47.88356],[7.81608,47.88381],[7.81613,47.88383],[7.81703,47.88418],[7.81715,47.88419],[7.81804,47.88427],[7.81854,47.88421],[7.81907,47.88445],[7.81941,47.8845],[7.81986,47.88457],[7.82071,47.88463],[7.82117,47.88482],[7.82192,47.88506],[7.82289,47.88549],[7.82408,47.8852],[7.82515,47.88504],[7.82615,47.88518],[7.82715,47.88533],[7.82811,47.88518],[7.82905,47.88504],[7.8302,47.88558],[7.8303,47.88563],[7.83045,47.88565],[7.83151,47.88622],[7.83158,47.88626],[7.8323,47.88662],[7.83315,47.88702],[7.83343,47.88714],[7.83365,47.88723],[7.83369,47.88731],[7.83483,47.88798],[7.83529,47.88817],[7.83603,47.88848],[7.83701,47.8886],[7.83778,47.88845],[7.83812,47.88847],[7.83842,47.88848],[7.83954,47.8888],[7.83973,47.88891],[7.83999,47.88911],[7.84021,47.88927],[7.84042,47.8894],[7.84067,47.88952],[7.84087,47.88962],[7.84117,47.88968],[7.8416,47.88973],[7.84203,47.8898],[7.84229,47.89067],[7.84247,47.89099],[7.84302,47.89164],[7.84312,47.89255],[7.84342,47.89321],[7.8399,47.89373],[7.83771,47.89414],[7.83677,47.89436],[7.8361,47.89444],[7.83564,47.89446],[7.83458,47.89436],[7.83368,47.89511],[7.83328,47.89545],[7.83309,47.89558],[7.83267,47.89586],[7.83169,47.89642],[7.83149,47.89667],[7.83158,47.89725],[7.8313,47.89755],[7.83112,47.89821],[7.83096,47.89843],[7.83079,47.89867],[7.82923,47.89962],[7.82699,47.89784],[7.82567,47.89766],[7.82522,47.8978],[7.82481,47.89796],[7.8243,47.89817],[7.82393,47.89837],[7.82362,47.89865],[7.82338,47.89906],[7.82331,47.89923],[7.82306,47.89963],[7.82279,47.89976],[7.82205,47.89975],[7.82149,47.89983],[7.82048,47.90007],[7.81948,47.90052],[7.81912,47.90072],[7.81928,47.90122],[7.81929,47.90177],[7.81927,47.9021],[7.81924,47.90233],[7.81927,47.90265],[7.81926,47.90289],[7.81911,47.90313],[7.81893,47.9035],[7.81866,47.90353],[7.81831,47.90409],[7.81771,47.90459],[7.81582,47.90466],[7.81576,47.90467],[7.8155,47.90524],[7.81516,47.90575],[7.81462,47.90629],[7.81421,47.90663],[7.81386,47.90691],[7.81334,47.90728],[7.8126,47.90666],[7.81137,47.90568],[7.81039,47.90495],[7.80975,47.90558],[7.80928,47.90608],[7.80862,47.90697],[7.80832,47.90739],[7.80751,47.90766],[7.80689,47.9079],[7.80627,47.90813],[7.80526,47.90767],[7.80493,47.90757],[7.80452,47.90744],[7.80381,47.90727],[7.80355,47.90732],[7.80282,47.9075],[7.80247,47.90761],[7.80186,47.90773],[7.80161,47.90778],[7.80137,47.90782],[7.80102,47.9079],[7.8009,47.90783],[7.80045,47.90778],[7.79981,47.90769],[7.79886,47.90827],[7.79774,47.90893],[7.79707,47.90931],[7.79647,47.90962],[7.79562,47.90997],[7.79489,47.9104],[7.79437,47.91073],[7.79393,47.91103],[7.79314,47.91159],[7.79261,47.91192],[7.79168,47.91247],[7.79094,47.91301],[7.79041,47.91335],[7.79019,47.9137],[7.79002,47.91391],[7.78974,47.91423],[7.78861,47.91422],[7.78703,47.91421],[7.78611,47.91423],[7.78565,47.9142],[7.78281,47.91402],[7.78208,47.91393],[7.78171,47.91407],[7.78163,47.91408],[7.78143,47.91375],[7.7811,47.91368],[7.78068,47.91363],[7.78048,47.91359],[7.77979,47.91371],[7.7795,47.91373],[7.77946,47.91377],[7.77911,47.91395],[7.77892,47.91406],[7.7785,47.91434],[7.77837,47.91465],[7.7773,47.91507],[7.77625,47.91544],[7.77573,47.9156],[7.77553,47.91562],[7.77517,47.91561],[7.77385,47.91567],[7.77307,47.91565],[7.77209,47.91573],[7.77193,47.91569],[7.77169,47.91584],[7.77135,47.91613],[7.77122,47.91633],[7.77115,47.91652],[7.77106,47.9172],[7.77088,47.91752],[7.77083,47.9179],[7.77086,47.9179],[7.77089,47.9179],[7.77079,47.91821],[7.77079,47.91822],[7.77063,47.91842],[7.77061,47.91879],[7.7707,47.91899],[7.77092,47.91916],[7.77141,47.91946],[7.77166,47.91965],[7.77068,47.92026],[7.77078,47.9203],[7.77049,47.92047],[7.77073,47.92072],[7.77132,47.92146],[7.77062,47.92208],[7.7686,47.92251],[7.76799,47.92268],[7.76772,47.92319],[7.76696,47.92322],[7.76719,47.92452],[7.76723,47.92474],[7.76732,47.92476],[7.76739,47.92478],[7.76749,47.9248],[7.76947,47.92522],[7.77029,47.9266],[7.77114,47.928],[7.77141,47.92848],[7.77175,47.92884],[7.77221,47.92934],[7.77246,47.92963],[7.77253,47.92959],[7.77313,47.93013],[7.77361,47.93059],[7.7738,47.93081],[7.77399,47.93104],[7.7741,47.93127],[7.77431,47.93144],[7.77359,47.93143],[7.7735,47.93215],[7.77377,47.93271],[7.77385,47.9329],[7.77431,47.93336],[7.77454,47.93368],[7.77483,47.93408],[7.77558,47.93454],[7.77677,47.93474],[7.77791,47.93495],[7.77964,47.9351],[7.78044,47.93541],[7.78095,47.9358]]]}},{"type":"Feature","properties":{"id":"wittnau","name":"Wittnau"},"geometry":{"type":"Polygon","coordinates":[[[7.82861,47.92206],[7.83015,47.9219],[7.83071,47.92186],[7.831,47.92185],[7.83208,47.92184],[7.83262,47.92196],[7.83314,47.92208],[7.8345,47.92233],[7.83478,47.92219],[7.83503,47.92209],[7.83536,47.92197],[7.8361,47.92162],[7.83678,47.92157],[7.83746,47.92161],[7.83897,47.92137],[7.83965,47.92112],[7.84009,47.92092],[7.84041,47.92084],[7.84154,47.92111],[7.84251,47.92191],[7.8427,47.92228],[7.84246,47.92267],[7.84221,47.92296],[7.84194,47.9235],[7.842,47.92403],[7.84185,47.92537],[7.8419,47.92569],[7.84192,47.92602],[7.84205,47.92635],[7.8424,47.92682],[7.84244,47.92736],[7.84244,47.92758],[7.84221,47.92836],[7.83869,47.93246],[7.83763,47.93418],[7.8372,47.93516],[7.83608,47.93637],[7.8361,47.93854],[7.83536,47.94078],[7.83523,47.94185],[7.83551,47.94291],[7.83561,47.94393],[7.8355,47.94399],[7.8347,47.94413],[7.83447,47.94441],[7.8342,47.9444],[7.83396,47.94451],[7.83367,47.94491],[7.83346,47.94542],[7.83288,47.94566],[7.83196,47.94529],[7.83179,47.94543],[7.83114,47.94577],[7.83018,47.94614],[7.83004,47.9463],[7.82988,47.94678],[7.82978,47.947],[7.82914,47.9476],[7.82895,47.94767],[7.8281,47.94789],[7.82818,47.9482],[7.82697,47.94822],[7.82571,47.9484],[7.82558,47.94838],[7.82535,47.94827],[7.82471,47.94837],[7.82453,47.94854],[7.82436,47.9488],[7.82451,47.94891],[7.8241,47.94909],[7.82399,47.94913],[7.82391,47.94916],[7.82389,47.94917],[7.8236,47.94928],[7.82369,47.94936],[7.82353,47.94944],[7.82347,47.94947],[7.82331,47.94954],[7.82312,47.94938],[7.82305,47.9494],[7.82299,47.94943],[7.82245,47.94964],[7.82243,47.94965],[7.82242,47.94966],[7.82208,47.94985],[7.82205,47.94986],[7.822,47.94989],[7.8215,47.95018],[7.82073,47.95062],[7.82033,47.95084],[7.82012,47.95096],[7.81977,47.95116],[7.8197,47.9512],[7.81908,47.95129],[7.8192,47.95154],[7.81854,47.95195],[7.81851,47.95197],[7.81849,47.95198],[7.81818,47.95219],[7.81792,47.95237],[7.8177,47.95244],[7.81662,47.95278],[7.81649,47.95282],[7.81619,47.9529],[7.81599,47.95295],[7.81568,47.95303],[7.81556,47.95306],[7.8151,47.95318],[7.8143,47.95338],[7.81396,47.95349],[7.81385,47.95352],[7.81338,47.95363],[7.81123,47.9542],[7.80952,47.95464],[7.80938,47.95421],[7.80919,47.95374],[7.80894,47.95336],[7.80868,47.95297],[7.80838,47.95266],[7.80828,47.95256],[7.80785,47.95208],[7.80736,47.95162],[7.8073,47.95156],[7.80711,47.95138],[7.80705,47.95133],[7.80705,47.95132],[7.80693,47.95122],[7.80681,47.95111],[7.80656,47.95089],[7.80649,47.95084],[7.80642,47.95078],[7.80631,47.95067],[7.80619,47.95057],[7.80618,47.95056],[7.80606,47.95045],[7.80598,47.95038],[7.80593,47.95033],[7.80582,47.95022],[7.80577,47.95016],[7.80572,47.9501],[7.80561,47.94999],[7.80551,47.94987],[7.80545,47.94981],[7.80545,47.94981],[7.8054,47.94976],[7.80535,47.9497],[7.80513,47.94946],[7.80508,47.9494],[7.80502,47.94934],[7.80497,47.94929],[7.80491,47.94923],[7.80482,47.94913],[7.8048,47.94911],[7.8047,47.94904],[7.80462,47.94899],[7.80454,47.94893],[7.80438,47.94883],[7.80429,47.94877],[7.8042,47.94871],[7.80408,47.94863],[7.80391,47.94852],[7.80382,47.94846],[7.80368,47.94837],[7.80362,47.94833],[7.80343,47.9482],[7.80342,47.94819],[7.80323,47.94807],[7.80308,47.94797],[7.8038,47.94682],[7.80384,47.94675],[7.80397,47.9468],[7.8043,47.94601],[7.80417,47.94598],[7.80428,47.94577],[7.80429,47.94576],[7.80431,47.94573],[7.80433,47.94569],[7.80442,47.94552],[7.80431,47.9455],[7.80441,47.94536],[7.80445,47.94531],[7.80462,47.94508],[7.80465,47.9449],[7.80465,47.9449],[7.80466,47.9448],[7.80466,47.94472],[7.80462,47.94466],[7.80464,47.9446],[7.80462,47.94455],[7.80466,47.94449],[7.80471,47.94444],[7.80476,47.9444],[7.80479,47.94431],[7.80492,47.94425],[7.80494,47.94423],[7.80496,47.94418],[7.80495,47.94413],[7.80496,47.9441],[7.80496,47.94403],[7.80497,47.94392],[7.80498,47.94387],[7.80498,47.94383],[7.80501,47.94379],[7.8051,47.94372],[7.80525,47.94355],[7.80523,47.9435],[7.80524,47.94349],[7.8052,47.94345],[7.80519,47.94342],[7.80521,47.94338],[7.80523,47.94334],[7.80525,47.94325],[7.80523,47.94323],[7.80519,47.94319],[7.80515,47.94315],[7.80515,47.94315],[7.8051,47.94312],[7.8051,47.94309],[7.80513,47.94307],[7.80513,47.94303],[7.80508,47.94299],[7.80509,47.94298],[7.80507,47.94293],[7.80506,47.94288],[7.80504,47.94284],[7.80503,47.9428],[7.80501,47.94277],[7.80499,47.94271],[7.80499,47.94268],[7.80501,47.94262],[7.80502,47.94257],[7.80505,47.94248],[7.80516,47.94236],[7.80517,47.94233],[7.80527,47.94221],[7.80529,47.94217],[7.8053,47.94214],[7.8053,47.94212],[7.80531,47.94209],[7.80536,47.94196],[7.80539,47.94189],[7.80543,47.9418],[7.80546,47.94158],[7.8055,47.94138],[7.80551,47.94133],[7.80551,47.94132],[7.80547,47.94083],[7.80569,47.9408],[7.80576,47.94076],[7.80581,47.94069],[7.80587,47.94058],[7.806,47.94029],[7.80591,47.94005],[7.80584,47.93986],[7.80583,47.93982],[7.80594,47.93961],[7.80602,47.93941],[7.80608,47.93929],[7.80608,47.939],[7.80638,47.93889],[7.80664,47.93879],[7.80677,47.93889],[7.80687,47.93885],[7.80699,47.93894],[7.80696,47.93876],[7.80691,47.93849],[7.8068,47.9384],[7.80706,47.93818],[7.80727,47.93834],[7.80734,47.9383],[7.80765,47.93854],[7.80815,47.93823],[7.80845,47.93808],[7.80884,47.93801],[7.80907,47.93792],[7.80909,47.93791],[7.80922,47.93791],[7.80924,47.93791],[7.80928,47.93791],[7.80932,47.9379],[7.8095,47.93786],[7.80967,47.93787],[7.80973,47.93788],[7.8098,47.93787],[7.8099,47.93785],[7.81,47.93783],[7.81017,47.93782],[7.81027,47.93786],[7.81032,47.93786],[7.81037,47.93786],[7.81046,47.93782],[7.81063,47.9378],[7.81066,47.93784],[7.81069,47.93786],[7.81079,47.9379],[7.81085,47.93795],[7.81092,47.93799],[7.81101,47.938],[7.81106,47.93801],[7.81114,47.938],[7.81128,47.93799],[7.81156,47.93801],[7.81158,47.93791],[7.81166,47.93755],[7.81262,47.93741],[7.81282,47.93768],[7.81297,47.93761],[7.81324,47.93782],[7.81341,47.93774],[7.81357,47.93783],[7.81389,47.93789],[7.81389,47.93755],[7.81398,47.93754],[7.81401,47.93754],[7.81409,47.93753],[7.81399,47.93729],[7.81401,47.93729],[7.81469,47.93701],[7.81526,47.93683],[7.81579,47.93729],[7.81584,47.93734],[7.81586,47.93735],[7.81619,47.93716],[7.81626,47.93712],[7.81645,47.93703],[7.81694,47.93679],[7.81645,47.93627],[7.81663,47.93621],[7.817,47.93609],[7.81715,47.93604],[7.81789,47.9358],[7.81809,47.93595],[7.81871,47.93553],[7.81908,47.93522],[7.81972,47.93503],[7.81987,47.93499],[7.82,47.93507],[7.82031,47.93493],[7.82084,47.93457],[7.8211,47.93439],[7.82132,47.93424],[7.82174,47.93389],[7.82195,47.93362],[7.82195,47.93362],[7.82198,47.93362],[7.82227,47.93358],[7.82245,47.93356],[7.82269,47.93354],[7.8233,47.93348],[7.82358,47.93342],[7.82393,47.93335],[7.82404,47.93332],[7.82407,47.93331],[7.82423,47.93327],[7.82435,47.93324],[7.8245,47.9332],[7.82452,47.9332],[7.82452,47.9332],[7.8248,47.93314],[7.82499,47.9331],[7.825,47.9331],[7.82506,47.93309],[7.82517,47.93307],[7.82533,47.93303],[7.82534,47.93303],[7.82552,47.933],[7.82561,47.93298],[7.82593,47.9329],[7.82597,47.93289],[7.82621,47.93284],[7.82601,47.93251],[7.82543,47.93216],[7.82545,47.93138],[7.82585,47.93089],[7.82622,47.93038],[7.82646,47.92993],[7.82662,47.92962],[7.82803,47.92921],[7.82921,47.92884],[7.8296,47.92819],[7.83004,47.92757],[7.83031,47.92722],[7.83035,47.92654],[7.83,47.9257],[7.82971,47.92489],[7.82955,47.92443],[7.82936,47.92397],[7.82907,47.92334],[7.82886,47.92283],[7.8287,47.92241],[7.82861,47.92206]]]}},{"type":"Feature","properties":{"id":"au","name":"Au"},"geometry":{"type":"Polygon","coordinates":[[[7.85568,47.95009],[7.85568,47.95026],[7.85556,47.95042],[7.85542,47.95067],[7.85526,47.95096],[7.8551,47.95121],[7.8549,47.95144],[7.85454,47.9519],[7.85432,47.95216],[7.85399,47.95255],[7.85398,47.95268],[7.854,47.95289],[7.85405,47.95324],[7.85403,47.95353],[7.85395,47.95396],[7.85397,47.95417],[7.85415,47.95468],[7.85414,47.95477],[7.85405,47.95483],[7.85391,47.95492],[7.85367,47.95508],[7.85334,47.95526],[7.85296,47.95542],[7.85224,47.95583],[7.851,47.95629],[7.85061,47.95648],[7.85041,47.95653],[7.85013,47.9566],[7.84949,47.95673],[7.8493,47.95683],[7.84923,47.95695],[7.84909,47.95718],[7.84882,47.95778],[7.84864,47.95818],[7.84854,47.95847],[7.8486,47.95883],[7.84874,47.95957],[7.84894,47.96044],[7.8489,47.96081],[7.84874,47.96128],[7.84861,47.96164],[7.84853,47.96168],[7.84843,47.96172],[7.84825,47.96181],[7.84771,47.96206],[7.84735,47.96221],[7.84712,47.96232],[7.84695,47.96243],[7.84608,47.96231],[7.84399,47.96201],[7.84236,47.96155],[7.83977,47.96103],[7.83817,47.96048],[7.83781,47.96033],[7.83686,47.96032],[7.83613,47.96014],[7.83538,47.96014],[7.83397,47.96008],[7.83299,47.96013],[7.83261,47.96009],[7.83254,47.95983],[7.83157,47.9598],[7.83141,47.96009],[7.83136,47.96015],[7.83129,47.96018],[7.83091,47.96015],[7.83078,47.96016],[7.8306,47.96022],[7.83048,47.9597],[7.82995,47.95968],[7.8297,47.95965],[7.82937,47.95961],[7.8288,47.95956],[7.82877,47.95955],[7.82869,47.95954],[7.82864,47.95954],[7.8283,47.95952],[7.82823,47.95951],[7.82812,47.95951],[7.82728,47.95946],[7.82722,47.95946],[7.82518,47.95934],[7.82433,47.95928],[7.82427,47.95928],[7.82382,47.95925],[7.82375,47.95925],[7.82372,47.95924],[7.82284,47.95919],[7.82262,47.95918],[7.82161,47.95914],[7.82099,47.95914],[7.82067,47.95914],[7.81949,47.95914],[7.81853,47.95914],[7.81841,47.95914],[7.81527,47.95914],[7.81525,47.95914],[7.81416,47.95914],[7.81404,47.95914],[7.8129,47.95916],[7.81135,47.95919],[7.80984,47.95909],[7.80918,47.95897],[7.80918,47.95843],[7.8092,47.95796],[7.80943,47.95687],[7.80951,47.9565],[7.8095,47.95643],[7.80949,47.9564],[7.8094,47.95534],[7.80952,47.95464],[7.81123,47.9542],[7.81338,47.95363],[7.81385,47.95352],[7.81396,47.95349],[7.8143,47.95338],[7.8151,47.95318],[7.81556,47.95306],[7.81568,47.95303],[7.81599,47.95295],[7.81619,47.9529],[7.81649,47.95282],[7.81662,47.95278],[7.8177,47.95244],[7.81792,47.95237],[7.81818,47.95219],[7.81849,47.95198],[7.81851,47.95197],[7.81854,47.95195],[7.8192,47.95154],[7.81908,47.95129],[7.8197,47.9512],[7.81977,47.95116],[7.82012,47.95096],[7.82033,47.95084],[7.82073,47.95062],[7.8215,47.95018],[7.822,47.94989],[7.82205,47.94986],[7.82208,47.94985],[7.82242,47.94966],[7.82243,47.94965],[7.82245,47.94964],[7.82299,47.94943],[7.82305,47.9494],[7.82312,47.94938],[7.82331,47.94954],[7.82347,47.94947],[7.82353,47.94944],[7.82369,47.94936],[7.8236,47.94928],[7.82389,47.94917],[7.82391,47.94916],[7.82399,47.94913],[7.8241,47.94909],[7.82451,47.94891],[7.82436,47.9488],[7.82453,47.94854],[7.82471,47.94837],[7.82535,47.94827],[7.82558,47.94838],[7.82571,47.9484],[7.82697,47.94822],[7.82818,47.9482],[7.8281,47.94789],[7.82895,47.94767],[7.82914,47.9476],[7.82978,47.947],[7.82988,47.94678],[7.83004,47.9463],[7.83018,47.94614],[7.83114,47.94577],[7.83179,47.94543],[7.83196,47.94529],[7.83288,47.94566],[7.83346,47.94542],[7.83367,47.94491],[7.83396,47.94451],[7.8342,47.9444],[7.83447,47.94441],[7.8347,47.94413],[7.8355,47.94399],[7.83561,47.94393],[7.83569,47.94401],[7.83628,47.94403],[7.83696,47.94404],[7.83743,47.94399],[7.83765,47.94407],[7.83825,47.94453],[7.83863,47.94481],[7.83893,47.94514],[7.83927,47.9453],[7.83947,47.94541],[7.83966,47.94561],[7.84019,47.94597],[7.84168,47.9465],[7.84215,47.9466],[7.84246,47.94624],[7.84268,47.94612],[7.84307,47.94595],[7.84348,47.94584],[7.84404,47.94588],[7.84459,47.94601],[7.84488,47.94613],[7.84483,47.94674],[7.8449,47.94699],[7.84495,47.94712],[7.845,47.94733],[7.8451,47.94767],[7.84509,47.94794],[7.84503,47.94824],[7.84502,47.94843],[7.84504,47.94851],[7.84529,47.94864],[7.84551,47.94852],[7.84569,47.9485],[7.84586,47.94852],[7.84601,47.94858],[7.84622,47.9486],[7.84648,47.94858],[7.84673,47.94861],[7.8472,47.94861],[7.84742,47.94907],[7.84784,47.94983],[7.84803,47.95013],[7.84816,47.95032],[7.84833,47.95043],[7.84859,47.95047],[7.84898,47.95051],[7.84983,47.95053],[7.85035,47.95056],[7.8508,47.95061],[7.85145,47.95068],[7.85167,47.95072],[7.85215,47.9508],[7.85239,47.95066],[7.85257,47.95053],[7.85272,47.95041],[7.85283,47.95031],[7.85291,47.95016],[7.85294,47.94996],[7.853,47.94952],[7.85304,47.94922],[7.85345,47.94932],[7.85426,47.94949],[7.85459,47.94956],[7.8549,47.94967],[7.85519,47.94982],[7.85546,47.95001],[7.85568,47.95009]]]}},{"type":"Feature","properties":{"id":"soelden","name":"Sölden"},"geometry":{"type":"Polygon","coordinates":[[[7.82861,47.92206],[7.8287,47.92241],[7.82886,47.92283],[7.82907,47.92334],[7.82936,47.92397],[7.82955,47.92443],[7.82971,47.92489],[7.83,47.9257],[7.83035,47.92654],[7.83031,47.92722],[7.83004,47.92757],[7.8296,47.92819],[7.82921,47.92884],[7.82803,47.92921],[7.82662,47.92962],[7.82646,47.92993],[7.82622,47.93038],[7.82585,47.93089],[7.82545,47.93138],[7.82543,47.93216],[7.82601,47.93251],[7.82621,47.93284],[7.82597,47.93289],[7.82593,47.9329],[7.82561,47.93298],[7.82552,47.933],[7.82534,47.93303],[7.82533,47.93303],[7.82517,47.93307],[7.82506,47.93309],[7.825,47.9331],[7.82499,47.9331],[7.8248,47.93314],[7.82452,47.9332],[7.82452,47.9332],[7.8245,47.9332],[7.82435,47.93324],[7.82423,47.93327],[7.82407,47.93331],[7.82404,47.93332],[7.82393,47.93335],[7.82358,47.93342],[7.8233,47.93348],[7.82269,47.93354],[7.82245,47.93356],[7.82227,47.93358],[7.82198,47.93362],[7.82195,47.93362],[7.82195,47.93362],[7.82174,47.93389],[7.82132,47.93424],[7.8211,47.93439],[7.82084,47.93457],[7.82031,47.93493],[7.82,47.93507],[7.81987,47.93499],[7.81972,47.93503],[7.81908,47.93522],[7.81871,47.93553],[7.81809,47.93595],[7.81789,47.9358],[7.81715,47.93604],[7.817,47.93609],[7.81663,47.93621],[7.81645,47.93627],[7.81694,47.93679],[7.81645,47.93703],[7.81626,47.93712],[7.81619,47.93716],[7.81586,47.93735],[7.81584,47.93734],[7.81579,47.93729],[7.81526,47.93683],[7.81469,47.93701],[7.81401,47.93729],[7.81399,47.93729],[7.81409,47.93753],[7.81401,47.93754],[7.81398,47.93754],[7.81389,47.93755],[7.81389,47.93789],[7.81357,47.93783],[7.81341,47.93774],[7.81324,47.93782],[7.81297,47.93761],[7.81282,47.93768],[7.81262,47.93741],[7.81166,47.93755],[7.81158,47.93791],[7.81156,47.93801],[7.81128,47.93799],[7.81114,47.938],[7.81106,47.93801],[7.81101,47.938],[7.81092,47.93799],[7.81085,47.93795],[7.81079,47.9379],[7.81069,47.93786],[7.81066,47.93784],[7.81063,47.9378],[7.81046,47.93782],[7.81037,47.93786],[7.81032,47.93786],[7.81027,47.93786],[7.81017,47.93782],[7.81,47.93783],[7.8099,47.93785],[7.8098,47.93787],[7.80973,47.93788],[7.80967,47.93787],[7.8095,47.93786],[7.80932,47.9379],[7.80928,47.93791],[7.80924,47.93791],[7.80922,47.93791],[7.80909,47.93791],[7.80907,47.93792],[7.80884,47.93801],[7.80845,47.93808],[7.80815,47.93823],[7.80765,47.93854],[7.80734,47.9383],[7.80727,47.93834],[7.80706,47.93818],[7.8068,47.9384],[7.80691,47.93849],[7.80696,47.93876],[7.80699,47.93894],[7.80687,47.93885],[7.80677,47.93889],[7.80664,47.93879],[7.80638,47.93889],[7.80608,47.939],[7.80608,47.93929],[7.80602,47.93941],[7.80594,47.93961],[7.80583,47.93982],[7.80584,47.93986],[7.80591,47.94005],[7.806,47.94029],[7.80587,47.94058],[7.80581,47.94069],[7.80576,47.94076],[7.80569,47.9408],[7.80547,47.94083],[7.80551,47.94132],[7.80551,47.94133],[7.8055,47.94138],[7.80546,47.94158],[7.80543,47.9418],[7.80539,47.94189],[7.80536,47.94196],[7.80531,47.94209],[7.8053,47.94212],[7.80526,47.94211],[7.80521,47.94211],[7.80465,47.94203],[7.80458,47.94232],[7.80409,47.94243],[7.80391,47.94247],[7.80278,47.94204],[7.80152,47.94162],[7.8014,47.94158],[7.8012,47.94148],[7.80072,47.94129],[7.79977,47.94098],[7.79836,47.94043],[7.79816,47.94029],[7.79775,47.94016],[7.79774,47.94015],[7.79773,47.94015],[7.79741,47.94004],[7.79686,47.93993],[7.79649,47.93988],[7.79571,47.93985],[7.79499,47.93969],[7.79468,47.93949],[7.79441,47.93922],[7.79402,47.93885],[7.79362,47.93838],[7.7936,47.9377],[7.79357,47.93661],[7.79356,47.93635],[7.79382,47.93617],[7.79441,47.93576],[7.7949,47.93549],[7.79521,47.93535],[7.79431,47.93493],[7.79402,47.9351],[7.79359,47.93536],[7.79247,47.93342],[7.79188,47.9324],[7.7922,47.93231],[7.79409,47.93184],[7.79452,47.93158],[7.79558,47.931],[7.79669,47.93047],[7.7969,47.93036],[7.79752,47.93002],[7.79705,47.92968],[7.79784,47.92911],[7.79794,47.92916],[7.7981,47.92911],[7.79835,47.92904],[7.79819,47.92869],[7.79815,47.92849],[7.79811,47.92828],[7.79883,47.92828],[7.79889,47.92808],[7.79906,47.92789],[7.79943,47.92748],[7.79961,47.9272],[7.79967,47.9271],[7.7998,47.92707],[7.79916,47.92692],[7.79936,47.92673],[7.79987,47.92651],[7.8,47.9264],[7.80144,47.92611],[7.801,47.9255],[7.80111,47.92541],[7.80127,47.92539],[7.80134,47.9253],[7.8015,47.92525],[7.80164,47.92515],[7.80217,47.92545],[7.80345,47.92495],[7.80395,47.92444],[7.80421,47.92433],[7.80435,47.92424],[7.80438,47.92423],[7.80517,47.92402],[7.8057,47.92401],[7.80598,47.92381],[7.80622,47.92382],[7.80745,47.92291],[7.80995,47.92263],[7.81056,47.92247],[7.81132,47.92251],[7.81336,47.92319],[7.81452,47.92338],[7.816,47.92347],[7.8169,47.9237],[7.81833,47.92397],[7.81883,47.92362],[7.81922,47.92323],[7.82034,47.92253],[7.82092,47.92234],[7.82179,47.92221],[7.82256,47.92215],[7.82336,47.92227],[7.82397,47.92244],[7.82504,47.92249],[7.82571,47.92241],[7.82602,47.92237],[7.8273,47.92214],[7.82861,47.92206]]]}},{"type":"Feature","properties":{"id":"merzhausen","name":"Merzhausen"},"geometry":{"type":"Polygon","coordinates":[[[7.82546,47.9728],[7.82536,47.97222],[7.82504,47.9723],[7.82496,47.97234],[7.82492,47.97241],[7.8248,47.97246],[7.82434,47.97251],[7.82361,47.97272],[7.8233,47.9727],[7.82313,47.97275],[7.82249,47.97237],[7.82258,47.97231],[7.82188,47.97188],[7.82129,47.97151],[7.82102,47.97129],[7.82051,47.97085],[7.82021,47.9706],[7.82007,47.97048],[7.81869,47.97018],[7.81794,47.9686],[7.81658,47.96766],[7.81314,47.96771],[7.81205,47.96713],[7.8115,47.96691],[7.81018,47.96633],[7.80957,47.96608],[7.80906,47.9659],[7.80903,47.96578],[7.80905,47.9657],[7.80887,47.96518],[7.80891,47.96471],[7.80888,47.96428],[7.80891,47.96379],[7.80891,47.96377],[7.8094,47.96323],[7.80945,47.96278],[7.80944,47.96259],[7.80939,47.96236],[7.80931,47.96209],[7.80931,47.96179],[7.80924,47.96144],[7.80918,47.96113],[7.80929,47.96053],[7.80916,47.95958],[7.80918,47.95897],[7.80984,47.95909],[7.81135,47.95919],[7.8129,47.95916],[7.81404,47.95914],[7.81416,47.95914],[7.81525,47.95914],[7.81527,47.95914],[7.81841,47.95914],[7.81853,47.95914],[7.81949,47.95914],[7.82067,47.95914],[7.82099,47.95914],[7.82161,47.95914],[7.82262,47.95918],[7.82284,47.95919],[7.82372,47.95924],[7.82375,47.95925],[7.82382,47.95925],[7.82427,47.95928],[7.82433,47.95928],[7.82518,47.95934],[7.82722,47.95946],[7.82728,47.95946],[7.82812,47.95951],[7.82823,47.95951],[7.8283,47.95952],[7.82864,47.95954],[7.82869,47.95954],[7.82877,47.95955],[7.8288,47.95956],[7.82937,47.95961],[7.8297,47.95965],[7.82995,47.95968],[7.83048,47.9597],[7.8306,47.96022],[7.83078,47.96016],[7.83091,47.96015],[7.83129,47.96018],[7.83136,47.96015],[7.83141,47.96009],[7.83157,47.9598],[7.83254,47.95983],[7.83261,47.96009],[7.83299,47.96013],[7.83397,47.96008],[7.83538,47.96014],[7.83613,47.96014],[7.83686,47.96032],[7.83781,47.96033],[7.83817,47.96048],[7.83977,47.96103],[7.84236,47.96155],[7.84399,47.96201],[7.84608,47.96231],[7.84695,47.96243],[7.84407,47.96375],[7.84337,47.96392],[7.84297,47.9641],[7.84124,47.96406],[7.8394,47.96387],[7.83743,47.96567],[7.83587,47.96625],[7.83463,47.9666],[7.83566,47.96812],[7.83666,47.96942],[7.83743,47.97116],[7.83732,47.97133],[7.83678,47.97213],[7.83651,47.97256],[7.83531,47.97242],[7.83236,47.97259],[7.83188,47.97258],[7.83125,47.97267],[7.83044,47.97276],[7.8301,47.97279],[7.83002,47.9728],[7.82995,47.9728],[7.82891,47.97288],[7.8284,47.97292],[7.82836,47.97293],[7.82748,47.97321],[7.82661,47.97216],[7.82659,47.97218],[7.82652,47.97228],[7.82645,47.97243],[7.82637,47.97246],[7.82627,47.97248],[7.82614,47.97254],[7.82601,47.97254],[7.82576,47.97266],[7.82568,47.97272],[7.8256,47.97275],[7.82546,47.9728]]]}},{"type":"Feature","properties":{"id":"horben","name":"Horben"},"geometry":{"type":"Polygon","coordinates":[[[7.83561,47.94393],[7.83551,47.94291],[7.83523,47.94185],[7.83536,47.94078],[7.8361,47.93854],[7.83608,47.93637],[7.8372,47.93516],[7.83763,47.93418],[7.83869,47.93246],[7.84221,47.92836],[7.84244,47.92758],[7.84244,47.92736],[7.8424,47.92682],[7.84205,47.92635],[7.84192,47.92602],[7.8419,47.92569],[7.84185,47.92537],[7.842,47.92403],[7.84194,47.9235],[7.84221,47.92296],[7.84246,47.92267],[7.8427,47.92228],[7.84307,47.92217],[7.84353,47.92214],[7.84443,47.92217],[7.84455,47.92212],[7.84542,47.92181],[7.84599,47.92156],[7.84669,47.92148],[7.8475,47.92141],[7.84866,47.92132],[7.84963,47.92136],[7.85057,47.92104],[7.85102,47.9208],[7.85136,47.92039],[7.85157,47.92028],[7.85181,47.92007],[7.85211,47.9197],[7.85235,47.91924],[7.85285,47.919],[7.85323,47.91848],[7.85346,47.91821],[7.85359,47.91768],[7.85355,47.91753],[7.85339,47.91745],[7.85334,47.91712],[7.85341,47.91684],[7.85363,47.91644],[7.85402,47.91597],[7.8543,47.91576],[7.85588,47.91422],[7.85643,47.91275],[7.85795,47.91162],[7.8601,47.91174],[7.86214,47.91097],[7.86391,47.91022],[7.86527,47.91057],[7.8658,47.90986],[7.86796,47.90927],[7.86792,47.90943],[7.8678,47.90977],[7.86763,47.91003],[7.8675,47.91026],[7.86742,47.91042],[7.8673,47.91053],[7.86718,47.91067],[7.86703,47.91082],[7.86701,47.91095],[7.86694,47.9111],[7.86687,47.91128],[7.8668,47.91144],[7.86647,47.91154],[7.86633,47.91158],[7.86628,47.91172],[7.86613,47.91194],[7.86597,47.91215],[7.86571,47.91235],[7.86508,47.91269],[7.86452,47.91293],[7.8643,47.91309],[7.86407,47.91312],[7.86365,47.91318],[7.86304,47.91325],[7.86296,47.91348],[7.86289,47.91381],[7.86288,47.91402],[7.86284,47.91423],[7.86273,47.91436],[7.86257,47.91453],[7.8625,47.91466],[7.86247,47.91495],[7.86245,47.9153],[7.86236,47.91565],[7.86301,47.91588],[7.86374,47.91617],[7.86421,47.9164],[7.86482,47.91667],[7.86446,47.91688],[7.86407,47.91716],[7.86363,47.91751],[7.86341,47.91782],[7.86338,47.91803],[7.86343,47.91821],[7.86346,47.91851],[7.86349,47.91869],[7.86346,47.91887],[7.86337,47.91907],[7.86329,47.9193],[7.86314,47.91953],[7.86289,47.91975],[7.86272,47.91994],[7.86267,47.92012],[7.8627,47.9203],[7.86268,47.92047],[7.86258,47.92064],[7.86248,47.9208],[7.86251,47.92093],[7.86259,47.92109],[7.86265,47.92127],[7.86269,47.92149],[7.86273,47.92182],[7.86284,47.92215],[7.86299,47.92249],[7.86298,47.92268],[7.86288,47.92282],[7.86275,47.92298],[7.86259,47.92315],[7.86253,47.92333],[7.86252,47.92351],[7.86246,47.92373],[7.8625,47.92384],[7.8626,47.92389],[7.86276,47.92391],[7.86299,47.92392],[7.86322,47.92388],[7.86339,47.92385],[7.86361,47.9238],[7.86386,47.92377],[7.86413,47.92371],[7.86442,47.92376],[7.86458,47.92388],[7.8647,47.92409],[7.86472,47.9244],[7.86473,47.92456],[7.86477,47.92454],[7.86541,47.9243],[7.86559,47.92418],[7.86588,47.92417],[7.86653,47.92393],[7.86681,47.9237],[7.86732,47.92359],[7.86752,47.92349],[7.86777,47.92345],[7.86808,47.92388],[7.86795,47.92431],[7.86725,47.92491],[7.8663,47.92552],[7.86606,47.92609],[7.86624,47.9269],[7.86577,47.92773],[7.86578,47.92829],[7.86589,47.92848],[7.86606,47.92864],[7.86648,47.9288],[7.86743,47.92851],[7.86771,47.92932],[7.86846,47.92962],[7.86817,47.93027],[7.86871,47.93086],[7.86791,47.93105],[7.8677,47.93142],[7.86772,47.93219],[7.86797,47.93295],[7.86862,47.93374],[7.86888,47.93389],[7.87015,47.93353],[7.86999,47.93309],[7.86999,47.93307],[7.8702,47.93289],[7.87046,47.93274],[7.87082,47.93251],[7.87119,47.93229],[7.87149,47.93216],[7.87176,47.93207],[7.87197,47.93206],[7.87213,47.93211],[7.87232,47.9322],[7.87251,47.93229],[7.8738,47.93118],[7.87486,47.93124],[7.87488,47.93129],[7.87497,47.93138],[7.875,47.93142],[7.87504,47.93146],[7.87556,47.93201],[7.87573,47.93265],[7.87574,47.9327],[7.87577,47.93279],[7.87595,47.93348],[7.87611,47.93372],[7.87633,47.93408],[7.87655,47.93436],[7.87669,47.93462],[7.87689,47.93489],[7.8771,47.93518],[7.87719,47.9353],[7.87737,47.93591],[7.8774,47.93604],[7.87743,47.93614],[7.87746,47.93628],[7.87747,47.93644],[7.87747,47.93649],[7.87747,47.93654],[7.87751,47.93682],[7.87752,47.93695],[7.87757,47.93712],[7.87759,47.93728],[7.87756,47.93747],[7.87754,47.93767],[7.87751,47.93776],[7.87745,47.93788],[7.87742,47.93794],[7.87722,47.93822],[7.87721,47.93827],[7.87722,47.93831],[7.87727,47.93844],[7.8773,47.93849],[7.87732,47.93854],[7.8774,47.93869],[7.87758,47.93926],[7.87798,47.94006],[7.87696,47.94007],[7.8764,47.94021],[7.87648,47.94028],[7.87648,47.94034],[7.87659,47.94048],[7.87673,47.94068],[7.87688,47.94086],[7.877,47.94101],[7.87716,47.94128],[7.87721,47.94145],[7.87724,47.9416],[7.8773,47.9418],[7.8774,47.94202],[7.8775,47.94219],[7.87764,47.94232],[7.87782,47.94252],[7.87795,47.94263],[7.87812,47.94272],[7.8783,47.94279],[7.8785,47.94289],[7.87869,47.94306],[7.87884,47.94322],[7.87892,47.94338],[7.87889,47.94353],[7.87879,47.94368],[7.87872,47.94381],[7.87866,47.94396],[7.87862,47.9441],[7.8786,47.94425],[7.87859,47.94441],[7.87855,47.94455],[7.87848,47.94476],[7.87845,47.94481],[7.87842,47.94485],[7.87834,47.94502],[7.87828,47.94517],[7.87824,47.94539],[7.87818,47.94564],[7.87838,47.94585],[7.87849,47.94598],[7.87863,47.94617],[7.87878,47.94633],[7.87885,47.94647],[7.87894,47.94669],[7.87903,47.94689],[7.87919,47.94721],[7.87928,47.94741],[7.87934,47.9476],[7.87922,47.94776],[7.87911,47.94792],[7.87897,47.94825],[7.87885,47.94846],[7.87878,47.94855],[7.87863,47.94861],[7.8782,47.94875],[7.87777,47.9489],[7.87757,47.94895],[7.87736,47.94897],[7.87684,47.94898],[7.87614,47.949],[7.87583,47.94902],[7.8756,47.94907],[7.87542,47.94918],[7.87508,47.94938],[7.87468,47.94958],[7.87435,47.94976],[7.87409,47.9499],[7.87343,47.95025],[7.87299,47.95047],[7.87116,47.95129],[7.86866,47.95102],[7.86873,47.95087],[7.86887,47.9507],[7.86914,47.95051],[7.86947,47.95028],[7.86935,47.94982],[7.86671,47.94979],[7.86654,47.95019],[7.86619,47.95015],[7.86561,47.9501],[7.86467,47.95011],[7.8636,47.95012],[7.863,47.95001],[7.86245,47.94989],[7.862,47.94978],[7.8614,47.94962],[7.86092,47.9495],[7.86038,47.94931],[7.85998,47.94923],[7.8597,47.94922],[7.8594,47.94917],[7.85877,47.94897],[7.85832,47.94892],[7.858,47.949],[7.8575,47.94919],[7.85675,47.94954],[7.85626,47.94978],[7.85592,47.95001],[7.85568,47.95009],[7.85546,47.95001],[7.85519,47.94982],[7.8549,47.94967],[7.85459,47.94956],[7.85426,47.94949],[7.85345,47.94932],[7.85304,47.94922],[7.853,47.94952],[7.85294,47.94996],[7.85291,47.95016],[7.85283,47.95031],[7.85272,47.95041],[7.85257,47.95053],[7.85239,47.95066],[7.85215,47.9508],[7.85167,47.95072],[7.85145,47.95068],[7.8508,47.95061],[7.85035,47.95056],[7.84983,47.95053],[7.84898,47.95051],[7.84859,47.95047],[7.84833,47.95043],[7.84816,47.95032],[7.84803,47.95013],[7.84784,47.94983],[7.84742,47.94907],[7.8472,47.94861],[7.84673,47.94861],[7.84648,47.94858],[7.84622,47.9486],[7.84601,47.94858],[7.84586,47.94852],[7.84569,47.9485],[7.84551,47.94852],[7.84529,47.94864],[7.84504,47.94851],[7.84502,47.94843],[7.84503,47.94824],[7.84509,47.94794],[7.8451,47.94767],[7.845,47.94733],[7.84495,47.94712],[7.8449,47.94699],[7.84483,47.94674],[7.84488,47.94613],[7.84459,47.94601],[7.84404,47.94588],[7.84348,47.94584],[7.84307,47.94595],[7.84268,47.94612],[7.84246,47.94624],[7.84215,47.9466],[7.84168,47.9465],[7.84019,47.94597],[7.83966,47.94561],[7.83947,47.94541],[7.83927,47.9453],[7.83893,47.94514],[7.83863,47.94481],[7.83825,47.94453],[7.83765,47.94407],[7.83743,47.94399],[7.83696,47.94404],[7.83628,47.94403],[7.83569,47.94401],[7.83561,47.94393]]]}},{"type":"Feature","properties":{"id":"gottenheim","name":"Gottenheim"},"geometry":{"type":"Polygon","coordinates":[[[7.74611,48.06167],[7.74459,48.06199],[7.7369,48.06359],[7.73625,48.06357],[7.73469,48.06331],[7.72776,48.06025],[7.72669,48.05923],[7.72663,48.05929],[7.72672,48.05938],[7.72651,48.05987],[7.72564,48.0596],[7.72572,48.05984],[7.72568,48.0599],[7.72548,48.05999],[7.7253,48.06022],[7.72533,48.06038],[7.72527,48.06067],[7.7253,48.06074],[7.72492,48.06053],[7.72441,48.06065],[7.72429,48.05987],[7.72429,48.05959],[7.72382,48.05962],[7.72301,48.05978],[7.72249,48.05975],[7.72207,48.05983],[7.72189,48.05993],[7.72157,48.06022],[7.72144,48.06027],[7.72046,48.06039],[7.72024,48.0604],[7.71922,48.06042],[7.7185,48.06035],[7.71845,48.06027],[7.71791,48.06007],[7.71729,48.05976],[7.71553,48.05917],[7.7102,48.05495],[7.7076,48.05638],[7.70198,48.05148],[7.70096,48.05059],[7.69908,48.04898],[7.69846,48.04844],[7.69727,48.04747],[7.69742,48.04736],[7.70162,48.0444],[7.70163,48.04439],[7.70168,48.04435],[7.70172,48.04432],[7.70459,48.04182],[7.70532,48.04118],[7.70587,48.04096],[7.70631,48.0406],[7.7067,48.04021],[7.70683,48.04006],[7.70712,48.03965],[7.70738,48.03945],[7.70774,48.03904],[7.7075,48.03894],[7.70737,48.03887],[7.70735,48.03885],[7.70733,48.03885],[7.70803,48.03832],[7.70837,48.03803],[7.70723,48.03714],[7.70761,48.0369],[7.70753,48.03681],[7.70747,48.03671],[7.70716,48.03645],[7.70775,48.03621],[7.70798,48.03611],[7.70756,48.03573],[7.70757,48.03573],[7.70761,48.03573],[7.70765,48.03572],[7.70803,48.03551],[7.70805,48.0355],[7.70841,48.0353],[7.70912,48.03503],[7.70915,48.03502],[7.70966,48.03484],[7.71019,48.03461],[7.71022,48.0346],[7.71028,48.03457],[7.71132,48.03423],[7.71133,48.03422],[7.71134,48.03422],[7.71177,48.03409],[7.71227,48.03393],[7.71236,48.0339],[7.71259,48.03383],[7.71265,48.03381],[7.71275,48.03396],[7.71279,48.03395],[7.71282,48.03395],[7.71377,48.03383],[7.71381,48.03382],[7.71383,48.03382],[7.71388,48.03381],[7.71372,48.03315],[7.71369,48.03303],[7.71382,48.03305],[7.71431,48.03312],[7.71503,48.03322],[7.71504,48.03322],[7.71506,48.03322],[7.71553,48.03329],[7.71556,48.03329],[7.7159,48.03334],[7.71614,48.03337],[7.71621,48.03338],[7.71627,48.03339],[7.71631,48.03339],[7.71664,48.03344],[7.71671,48.03364],[7.7167,48.03387],[7.71667,48.03408],[7.71666,48.03416],[7.7167,48.03428],[7.71672,48.03439],[7.71674,48.03447],[7.71687,48.03446],[7.71761,48.03437],[7.71774,48.03435],[7.71785,48.03434],[7.718,48.03433],[7.71806,48.03433],[7.71854,48.03431],[7.71855,48.03433],[7.71862,48.03476],[7.71866,48.03475],[7.71869,48.03475],[7.71873,48.03475],[7.71962,48.03464],[7.71964,48.03463],[7.71963,48.0346],[7.71956,48.03435],[7.7196,48.03434],[7.71965,48.03434],[7.71967,48.03433],[7.72017,48.03427],[7.72049,48.03423],[7.72056,48.03431],[7.72058,48.03431],[7.7206,48.0343],[7.72061,48.03429],[7.72156,48.03385],[7.72158,48.03384],[7.7216,48.03382],[7.72163,48.0338],[7.72175,48.03385],[7.72178,48.03387],[7.72203,48.03399],[7.7224,48.0341],[7.72264,48.03421],[7.72277,48.03424],[7.72281,48.03425],[7.72294,48.03427],[7.72304,48.03427],[7.72313,48.03424],[7.72334,48.03419],[7.72347,48.03428],[7.72349,48.03432],[7.72359,48.03448],[7.72404,48.03515],[7.72529,48.03503],[7.72584,48.03569],[7.7259,48.03574],[7.72633,48.03573],[7.72635,48.03573],[7.72638,48.03572],[7.72645,48.03572],[7.72649,48.03582],[7.72709,48.03578],[7.7272,48.03577],[7.72726,48.03576],[7.72751,48.03636],[7.72759,48.03647],[7.72775,48.03668],[7.72789,48.03682],[7.72806,48.03693],[7.72882,48.03742],[7.72913,48.03737],[7.72918,48.03737],[7.73035,48.03825],[7.73053,48.03829],[7.73075,48.03822],[7.7315,48.03786],[7.73182,48.03842],[7.73212,48.03838],[7.73238,48.03835],[7.7326,48.03834],[7.73272,48.03836],[7.73295,48.03846],[7.73331,48.03862],[7.73343,48.03869],[7.73359,48.03877],[7.73312,48.03995],[7.73339,48.03984],[7.73365,48.03971],[7.73404,48.03942],[7.73436,48.03934],[7.73467,48.03912],[7.73529,48.039],[7.73545,48.03941],[7.73619,48.03957],[7.73749,48.04038],[7.73806,48.04016],[7.73864,48.04079],[7.73877,48.04099],[7.7388,48.04111],[7.73899,48.04126],[7.73925,48.04132],[7.74114,48.04168],[7.74159,48.04175],[7.74207,48.04177],[7.74226,48.04178],[7.74253,48.04178],[7.74276,48.04176],[7.74302,48.04174],[7.74343,48.04167],[7.74405,48.04153],[7.74445,48.04229],[7.74474,48.04219],[7.74524,48.04192],[7.74598,48.04207],[7.74608,48.04219],[7.74842,48.0429],[7.74955,48.04345],[7.75038,48.04395],[7.75068,48.04412],[7.75173,48.04469],[7.75286,48.04533],[7.75294,48.0466],[7.75295,48.04676],[7.75291,48.04694],[7.75282,48.04712],[7.7528,48.04715],[7.75269,48.04732],[7.75267,48.04736],[7.75258,48.04754],[7.75304,48.04832],[7.75297,48.04857],[7.75287,48.04871],[7.75215,48.04988],[7.75164,48.0506],[7.7505,48.05138],[7.74988,48.0521],[7.7497,48.05218],[7.75013,48.05517],[7.74597,48.05793],[7.74603,48.05803],[7.74609,48.05815],[7.74625,48.05857],[7.74627,48.05867],[7.74619,48.05899],[7.74611,48.05913],[7.74603,48.05935],[7.74597,48.05944],[7.74586,48.05994],[7.74584,48.06064],[7.74583,48.06086],[7.74583,48.06123],[7.74593,48.06147],[7.74611,48.06167]]]}},{"type":"Feature","properties":{"id":"march","name":"March"},"geometry":{"type":"Polygon","coordinates":[[[7.75728,48.08265],[7.75711,48.08206],[7.7571,48.08202],[7.75627,48.08196],[7.75486,48.08205],[7.7548,48.08202],[7.75449,48.08121],[7.75449,48.08116],[7.75451,48.08112],[7.75455,48.08109],[7.75433,48.08091],[7.75307,48.08002],[7.75305,48.0798],[7.75298,48.07951],[7.75298,48.07942],[7.75308,48.07917],[7.7531,48.07906],[7.75307,48.07855],[7.75302,48.07809],[7.753,48.07777],[7.75297,48.07769],[7.75293,48.07761],[7.75285,48.07753],[7.75273,48.07743],[7.75246,48.07724],[7.75243,48.0772],[7.75235,48.07706],[7.75231,48.07693],[7.75227,48.07675],[7.75224,48.07662],[7.7521,48.07627],[7.75204,48.07472],[7.75207,48.07454],[7.7521,48.0744],[7.75218,48.07414],[7.75224,48.07402],[7.75233,48.07387],[7.75229,48.07387],[7.75277,48.07324],[7.75244,48.07321],[7.75285,48.07093],[7.75262,48.06949],[7.7527,48.06918],[7.75278,48.06904],[7.75271,48.06899],[7.75279,48.06881],[7.75131,48.06837],[7.75091,48.06833],[7.74941,48.06878],[7.74859,48.06773],[7.74768,48.06832],[7.74743,48.06842],[7.74697,48.06852],[7.74598,48.06879],[7.74604,48.06872],[7.74598,48.06853],[7.74596,48.06827],[7.7457,48.06793],[7.74534,48.06784],[7.74487,48.06761],[7.74472,48.06551],[7.74438,48.06468],[7.74463,48.06452],[7.74493,48.06448],[7.7454,48.06465],[7.74568,48.06458],[7.74588,48.06432],[7.74609,48.06423],[7.74615,48.064],[7.74607,48.06384],[7.74609,48.06381],[7.74651,48.06375],[7.74656,48.06355],[7.74693,48.06353],[7.74701,48.06349],[7.74699,48.06311],[7.74717,48.06296],[7.74732,48.06297],[7.74711,48.06241],[7.74685,48.06229],[7.74657,48.06221],[7.74644,48.06211],[7.74611,48.06169],[7.74611,48.06167],[7.74593,48.06147],[7.74583,48.06123],[7.74583,48.06086],[7.74584,48.06064],[7.74586,48.05994],[7.74597,48.05944],[7.74603,48.05935],[7.74611,48.05913],[7.74619,48.05899],[7.74627,48.05867],[7.74625,48.05857],[7.74609,48.05815],[7.74603,48.05803],[7.74597,48.05793],[7.75013,48.05517],[7.7497,48.05218],[7.74988,48.0521],[7.7505,48.05138],[7.75164,48.0506],[7.75215,48.04988],[7.75287,48.04871],[7.75297,48.04857],[7.75304,48.04832],[7.75326,48.04793],[7.75535,48.04827],[7.75671,48.04847],[7.7579,48.04796],[7.75891,48.04764],[7.76343,48.04619],[7.76636,48.04493],[7.76757,48.04437],[7.76828,48.04404],[7.76939,48.04339],[7.76985,48.04332],[7.77283,48.04132],[7.77447,48.04031],[7.77468,48.04017],[7.77656,48.04093],[7.77728,48.04059],[7.77839,48.04056],[7.77888,48.04051],[7.77929,48.04041],[7.77952,48.04031],[7.77962,48.04024],[7.77969,48.04015],[7.77974,48.03956],[7.781,48.03935],[7.78103,48.03928],[7.78145,48.03922],[7.78137,48.03894],[7.78193,48.03906],[7.78693,48.03207],[7.78715,48.03237],[7.78728,48.03263],[7.78729,48.03264],[7.78738,48.03278],[7.78812,48.03276],[7.78791,48.03321],[7.78997,48.03605],[7.79043,48.03663],[7.79056,48.03738],[7.79076,48.03839],[7.79081,48.03858],[7.79089,48.0389],[7.79106,48.03957],[7.7917,48.04204],[7.79173,48.04221],[7.79174,48.04226],[7.79197,48.04243],[7.79126,48.04291],[7.79288,48.04362],[7.79318,48.04373],[7.79322,48.04375],[7.79331,48.04378],[7.79339,48.04377],[7.79341,48.04382],[7.79405,48.04475],[7.79313,48.04503],[7.79317,48.04509],[7.79354,48.04563],[7.79383,48.0461],[7.79405,48.04652],[7.7942,48.047],[7.79428,48.04755],[7.79433,48.04799],[7.7944,48.04839],[7.79448,48.04863],[7.79456,48.04889],[7.79478,48.04963],[7.79502,48.05135],[7.79503,48.05143],[7.79506,48.05158],[7.79517,48.05218],[7.79597,48.05248],[7.796,48.05254],[7.796,48.05258],[7.79601,48.0526],[7.79603,48.05266],[7.79615,48.05303],[7.79628,48.05347],[7.79606,48.05353],[7.79542,48.05355],[7.79512,48.05356],[7.79492,48.05355],[7.79432,48.05356],[7.7939,48.05357],[7.79364,48.05359],[7.79306,48.05362],[7.79293,48.05363],[7.79288,48.05363],[7.79291,48.05365],[7.79293,48.05366],[7.793,48.05371],[7.79438,48.05462],[7.79545,48.05531],[7.79525,48.05543],[7.79526,48.05547],[7.79529,48.05552],[7.79593,48.05689],[7.79595,48.05692],[7.79651,48.05801],[7.79653,48.05805],[7.79697,48.05898],[7.79634,48.05899],[7.79561,48.05903],[7.79553,48.05903],[7.79549,48.05903],[7.79558,48.05919],[7.79594,48.05997],[7.79596,48.05999],[7.79596,48.06001],[7.79631,48.06089],[7.79634,48.06096],[7.79648,48.06097],[7.7969,48.06099],[7.79734,48.061],[7.79859,48.06098],[7.79917,48.06098],[7.80012,48.06101],[7.80083,48.06104],[7.80113,48.06105],[7.80184,48.06107],[7.80207,48.06106],[7.80273,48.06104],[7.80275,48.06104],[7.80277,48.06104],[7.80326,48.06103],[7.8035,48.06103],[7.80367,48.06107],[7.80382,48.06112],[7.80385,48.06112],[7.80403,48.06118],[7.80419,48.06124],[7.80462,48.06139],[7.80537,48.06169],[7.80572,48.06184],[7.80589,48.0619],[7.80609,48.06237],[7.80583,48.06299],[7.8052,48.06375],[7.80669,48.06489],[7.80824,48.06607],[7.8109,48.06808],[7.81495,48.07106],[7.81742,48.06962],[7.81754,48.06957],[7.81766,48.06955],[7.8178,48.06957],[7.81894,48.06992],[7.81971,48.07018],[7.82009,48.07036],[7.82052,48.07027],[7.82095,48.07019],[7.82163,48.07005],[7.82226,48.06993],[7.82276,48.06972],[7.8232,48.06954],[7.82367,48.06934],[7.82446,48.06901],[7.82476,48.0689],[7.82468,48.06925],[7.82458,48.06953],[7.82447,48.06968],[7.82415,48.06992],[7.82366,48.07015],[7.82313,48.0704],[7.82294,48.07049],[7.82287,48.07055],[7.82283,48.07062],[7.82285,48.07069],[7.82288,48.07075],[7.82299,48.07086],[7.82301,48.07092],[7.82302,48.07097],[7.823,48.07104],[7.82297,48.07113],[7.82297,48.07118],[7.823,48.07124],[7.82316,48.07142],[7.82317,48.07148],[7.82302,48.07153],[7.82287,48.07157],[7.82279,48.07156],[7.8227,48.07151],[7.82256,48.07146],[7.82242,48.07147],[7.82225,48.0715],[7.82186,48.0716],[7.82134,48.0718],[7.82105,48.07186],[7.8209,48.07189],[7.82078,48.07193],[7.82053,48.07204],[7.82042,48.07207],[7.82028,48.07211],[7.82003,48.07223],[7.8197,48.07236],[7.81909,48.07247],[7.81898,48.07249],[7.81891,48.07249],[7.81877,48.07245],[7.81868,48.07244],[7.81854,48.07246],[7.81836,48.07248],[7.81828,48.07247],[7.81818,48.07243],[7.81809,48.07236],[7.818,48.0723],[7.81776,48.07221],[7.81738,48.07215],[7.81727,48.07211],[7.81717,48.0721],[7.81705,48.0721],[7.81692,48.07215],[7.81671,48.07229],[7.81658,48.07233],[7.81638,48.07238],[7.81607,48.07248],[7.81564,48.07264],[7.81537,48.07276],[7.81527,48.07279],[7.8152,48.07278],[7.81513,48.07276],[7.81489,48.07296],[7.81462,48.07311],[7.81438,48.07319],[7.81423,48.07329],[7.81399,48.07358],[7.81394,48.07378],[7.81382,48.07409],[7.81362,48.07437],[7.81354,48.0744],[7.81347,48.07441],[7.81327,48.07435],[7.8131,48.07435],[7.81294,48.07439],[7.81244,48.07448],[7.81206,48.07451],[7.8119,48.07456],[7.81171,48.07469],[7.81129,48.07482],[7.81108,48.07466],[7.81017,48.07394],[7.81006,48.07399],[7.80981,48.07412],[7.80827,48.07448],[7.8076,48.07475],[7.80721,48.07492],[7.80668,48.07515],[7.80654,48.07522],[7.80598,48.07547],[7.80313,48.07678],[7.80267,48.07703],[7.80205,48.07737],[7.80132,48.07778],[7.7999,48.07862],[7.79823,48.07972],[7.79788,48.07979],[7.7979,48.07991],[7.79781,48.08002],[7.79774,48.08006],[7.7976,48.07998],[7.79757,48.07987],[7.79751,48.07982],[7.79732,48.07983],[7.79722,48.07985],[7.79718,48.07995],[7.7971,48.07997],[7.79702,48.07998],[7.79681,48.08005],[7.79669,48.08006],[7.79648,48.08007],[7.79635,48.08008],[7.79629,48.0801],[7.79625,48.08015],[7.79623,48.0802],[7.79628,48.08025],[7.79637,48.08032],[7.79638,48.08037],[7.79635,48.08041],[7.79629,48.08044],[7.79624,48.08044],[7.79612,48.08042],[7.79592,48.08042],[7.79587,48.08046],[7.79585,48.0805],[7.79581,48.08053],[7.79574,48.08054],[7.79571,48.08052],[7.79559,48.08038],[7.79544,48.08043],[7.79529,48.08052],[7.7951,48.08059],[7.79495,48.08064],[7.79482,48.0807],[7.7947,48.0807],[7.79457,48.0806],[7.7945,48.0806],[7.79447,48.08069],[7.79442,48.08084],[7.79433,48.08089],[7.79411,48.08091],[7.79397,48.08086],[7.79393,48.08083],[7.79386,48.08079],[7.79374,48.08077],[7.79358,48.08082],[7.79344,48.08089],[7.79344,48.08094],[7.79344,48.08106],[7.79345,48.08111],[7.79351,48.08116],[7.7934,48.08125],[7.79332,48.08126],[7.79318,48.08121],[7.79309,48.08122],[7.79303,48.08125],[7.79303,48.0813],[7.79314,48.08137],[7.79318,48.08143],[7.79315,48.08153],[7.79312,48.08157],[7.79316,48.08168],[7.7932,48.08185],[7.79323,48.08196],[7.79323,48.08208],[7.79311,48.08216],[7.79299,48.08214],[7.79284,48.08206],[7.79262,48.08211],[7.79259,48.08214],[7.79266,48.08221],[7.7927,48.08228],[7.79264,48.08237],[7.7925,48.08244],[7.79239,48.08244],[7.79233,48.08235],[7.79234,48.08226],[7.79228,48.08221],[7.79213,48.08221],[7.79203,48.08226],[7.79203,48.08231],[7.792,48.08237],[7.79182,48.08242],[7.79166,48.08244],[7.79131,48.08263],[7.79117,48.08268],[7.79142,48.08294],[7.79146,48.08304],[7.79145,48.08318],[7.79141,48.08325],[7.7913,48.0834],[7.79117,48.08349],[7.79087,48.08357],[7.79071,48.0836],[7.79053,48.08362],[7.79036,48.0838],[7.79014,48.08396],[7.78988,48.08422],[7.78912,48.08463],[7.78798,48.08528],[7.78738,48.08558],[7.78572,48.08627],[7.78555,48.08635],[7.78537,48.08643],[7.78512,48.08652],[7.78491,48.08661],[7.78489,48.08656],[7.78486,48.08651],[7.78483,48.08644],[7.78481,48.08633],[7.78481,48.08625],[7.78482,48.08621],[7.78485,48.08616],[7.7849,48.08608],[7.78491,48.08602],[7.7849,48.08595],[7.7849,48.08587],[7.7849,48.08577],[7.78491,48.08566],[7.7849,48.08549],[7.78473,48.08503],[7.78449,48.08486],[7.7843,48.08447],[7.7843,48.08442],[7.78433,48.08436],[7.78457,48.08416],[7.78468,48.08405],[7.78474,48.08391],[7.7849,48.08344],[7.78494,48.08335],[7.78512,48.08312],[7.78515,48.08306],[7.78518,48.08286],[7.78518,48.08282],[7.78516,48.08274],[7.78506,48.08252],[7.78504,48.08247],[7.78504,48.08214],[7.785,48.0819],[7.78497,48.08167],[7.78501,48.08151],[7.78503,48.08138],[7.78498,48.0812],[7.78484,48.08099],[7.78462,48.0808],[7.78445,48.08061],[7.78431,48.08034],[7.78424,48.08017],[7.78418,48.08011],[7.78413,48.08005],[7.78275,48.08026],[7.78262,48.08029],[7.7828,48.08054],[7.78295,48.08069],[7.78317,48.08089],[7.7836,48.0814],[7.78379,48.08158],[7.78372,48.08161],[7.78352,48.08168],[7.78331,48.08176],[7.78349,48.08196],[7.78352,48.08204],[7.78347,48.08217],[7.78343,48.0822],[7.78331,48.08233],[7.78326,48.08238],[7.7832,48.08244],[7.78316,48.08248],[7.78302,48.08261],[7.78296,48.08267],[7.78275,48.08287],[7.7827,48.08292],[7.78252,48.08286],[7.78244,48.08284],[7.78229,48.08279],[7.78215,48.08275],[7.78208,48.08273],[7.78205,48.08272],[7.78196,48.08269],[7.78191,48.08268],[7.78147,48.08256],[7.78129,48.08249],[7.78118,48.08271],[7.78115,48.08277],[7.78105,48.08296],[7.78092,48.08293],[7.78078,48.0829],[7.78065,48.08286],[7.78057,48.08284],[7.78052,48.08283],[7.78004,48.08271],[7.77986,48.08266],[7.77959,48.08259],[7.77958,48.08259],[7.7791,48.08248],[7.779,48.08328],[7.77893,48.08383],[7.77887,48.08381],[7.77851,48.08372],[7.77846,48.08371],[7.77842,48.08396],[7.77843,48.08431],[7.77851,48.08469],[7.77843,48.08467],[7.77839,48.08466],[7.77812,48.0846],[7.77785,48.08454],[7.77776,48.08452],[7.77764,48.0845],[7.7772,48.0844],[7.77716,48.08439],[7.77718,48.08454],[7.7772,48.08467],[7.77723,48.08487],[7.77724,48.08492],[7.77725,48.08498],[7.77727,48.08509],[7.77729,48.0852],[7.7773,48.08526],[7.77735,48.0855],[7.77737,48.08561],[7.7774,48.08572],[7.77736,48.08573],[7.77735,48.08572],[7.77721,48.08569],[7.7771,48.08568],[7.77704,48.08568],[7.77687,48.08566],[7.77668,48.08566],[7.77647,48.08568],[7.77648,48.08574],[7.77633,48.08576],[7.77617,48.08577],[7.77605,48.08579],[7.77579,48.08581],[7.77552,48.08583],[7.77506,48.08588],[7.77496,48.08589],[7.77485,48.08591],[7.77479,48.08592],[7.77471,48.08592],[7.77458,48.08593],[7.7744,48.08595],[7.77442,48.0861],[7.77425,48.0861],[7.77424,48.0861],[7.77406,48.08611],[7.77405,48.08614],[7.77406,48.08632],[7.77398,48.08632],[7.77393,48.08631],[7.77363,48.08632],[7.77362,48.08632],[7.77321,48.0863],[7.77293,48.08628],[7.77296,48.08636],[7.773,48.08644],[7.77315,48.08665],[7.77312,48.08666],[7.77285,48.08671],[7.77278,48.08673],[7.77293,48.08693],[7.7729,48.08693],[7.77288,48.08694],[7.77276,48.08696],[7.77271,48.08698],[7.77263,48.08685],[7.77256,48.08679],[7.77242,48.08673],[7.77239,48.08684],[7.7723,48.08679],[7.77222,48.08676],[7.77213,48.08674],[7.7721,48.08674],[7.77186,48.08675],[7.77181,48.08674],[7.77141,48.08678],[7.77138,48.08689],[7.77134,48.08701],[7.77128,48.08725],[7.77121,48.08726],[7.77104,48.08727],[7.77092,48.08728],[7.77081,48.08729],[7.77073,48.0873],[7.77069,48.0873],[7.77067,48.0873],[7.77054,48.08731],[7.77043,48.08733],[7.77042,48.08732],[7.7703,48.08731],[7.77018,48.08729],[7.77003,48.08728],[7.76991,48.08726],[7.76984,48.08726],[7.7697,48.08724],[7.76969,48.08724],[7.76963,48.08722],[7.76945,48.08717],[7.76906,48.08744],[7.76911,48.08736],[7.76916,48.08726],[7.76909,48.08715],[7.76902,48.08705],[7.76898,48.08702],[7.76885,48.08691],[7.76875,48.08683],[7.76868,48.08677],[7.76865,48.08675],[7.76854,48.08669],[7.76834,48.08658],[7.76822,48.08652],[7.76788,48.08633],[7.76763,48.08624],[7.76666,48.08603],[7.76607,48.08594],[7.765,48.08582],[7.76417,48.08579],[7.76418,48.08577],[7.76393,48.08575],[7.76251,48.08593],[7.76138,48.08521],[7.76126,48.08513],[7.76089,48.08488],[7.76058,48.08468],[7.76033,48.08451],[7.7603,48.08454],[7.76022,48.08449],[7.7602,48.08449],[7.75854,48.08359],[7.75848,48.08356],[7.75845,48.08354],[7.7582,48.0834],[7.75738,48.08273],[7.75728,48.08265]]]}},{"type":"Feature","properties":{"id":"umkirch","name":"Umkirch"},"geometry":{"type":"Polygon","coordinates":[[[7.76757,48.04437],[7.76636,48.04493],[7.76343,48.04619],[7.75891,48.04764],[7.7579,48.04796],[7.75671,48.04847],[7.75535,48.04827],[7.75326,48.04793],[7.75304,48.04832],[7.75258,48.04754],[7.75267,48.04736],[7.75269,48.04732],[7.7528,48.04715],[7.75282,48.04712],[7.75291,48.04694],[7.75295,48.04676],[7.75294,48.0466],[7.75286,48.04533],[7.75173,48.04469],[7.75068,48.04412],[7.75038,48.04395],[7.74955,48.04345],[7.74842,48.0429],[7.74608,48.04219],[7.74598,48.04207],[7.74524,48.04192],[7.74474,48.04219],[7.74445,48.04229],[7.74405,48.04153],[7.74343,48.04167],[7.74302,48.04174],[7.74276,48.04176],[7.74253,48.04178],[7.74226,48.04178],[7.74207,48.04177],[7.74159,48.04175],[7.74114,48.04168],[7.73925,48.04132],[7.73899,48.04126],[7.7388,48.04111],[7.73877,48.04099],[7.73864,48.04079],[7.73806,48.04016],[7.73749,48.04038],[7.73619,48.03957],[7.73545,48.03941],[7.73529,48.039],[7.73467,48.03912],[7.73436,48.03934],[7.73404,48.03942],[7.73365,48.03971],[7.73339,48.03984],[7.73312,48.03995],[7.73359,48.03877],[7.73364,48.03839],[7.73337,48.03775],[7.73327,48.03744],[7.73346,48.03727],[7.7342,48.03665],[7.7345,48.03644],[7.73437,48.03601],[7.73407,48.03448],[7.73391,48.03398],[7.73383,48.03374],[7.73373,48.03359],[7.7338,48.0329],[7.73381,48.03282],[7.73513,48.03209],[7.73564,48.0318],[7.73604,48.03136],[7.73633,48.03119],[7.737,48.03081],[7.73781,48.03087],[7.73838,48.03046],[7.73887,48.03011],[7.73943,48.02978],[7.74009,48.02991],[7.74036,48.02897],[7.74103,48.02835],[7.74174,48.02807],[7.74184,48.02767],[7.74252,48.0276],[7.74305,48.02734],[7.74325,48.02704],[7.7439,48.02693],[7.74393,48.02666],[7.74629,48.02636],[7.74612,48.02581],[7.74623,48.02572],[7.74666,48.02563],[7.7468,48.02564],[7.74711,48.02557],[7.74729,48.02546],[7.74734,48.02543],[7.74744,48.02536],[7.74753,48.0253],[7.74807,48.02494],[7.74865,48.02458],[7.74942,48.02412],[7.75021,48.02371],[7.75098,48.02327],[7.75153,48.02294],[7.75159,48.02284],[7.7514,48.02142],[7.75403,48.0203],[7.75759,48.01906],[7.75819,48.01884],[7.75882,48.01994],[7.75893,48.02026],[7.75892,48.02101],[7.75888,48.0213],[7.75877,48.02162],[7.75878,48.02175],[7.75879,48.02185],[7.75884,48.02195],[7.75898,48.02222],[7.7598,48.02184],[7.76022,48.02163],[7.76054,48.02148],[7.76165,48.02121],[7.76194,48.02112],[7.76263,48.02095],[7.76247,48.02073],[7.76244,48.02066],[7.76247,48.02055],[7.76256,48.02046],[7.76271,48.02035],[7.76343,48.01995],[7.7638,48.01981],[7.7642,48.01968],[7.76483,48.0195],[7.76589,48.01932],[7.76633,48.0192],[7.76659,48.01911],[7.76748,48.0185],[7.76762,48.01833],[7.76783,48.01791],[7.76957,48.01708],[7.76966,48.01596],[7.76977,48.01511],[7.76972,48.01499],[7.76936,48.01434],[7.77114,48.0158],[7.77186,48.01637],[7.77329,48.01736],[7.77442,48.0182],[7.77588,48.01917],[7.77644,48.01953],[7.77753,48.0202],[7.77841,48.02074],[7.77924,48.02125],[7.77975,48.02157],[7.77997,48.02171],[7.78033,48.02202],[7.78062,48.02224],[7.78094,48.02253],[7.78113,48.02278],[7.78118,48.023],[7.78123,48.0233],[7.78125,48.02366],[7.78124,48.0242],[7.78119,48.02445],[7.78118,48.02448],[7.78114,48.02465],[7.78056,48.02518],[7.78038,48.02532],[7.78028,48.0254],[7.7802,48.02545],[7.78058,48.02571],[7.78098,48.02589],[7.78114,48.02573],[7.78133,48.02561],[7.78148,48.02555],[7.7818,48.0254],[7.78223,48.02533],[7.78313,48.02531],[7.7848,48.02526],[7.78548,48.02525],[7.78587,48.02527],[7.78617,48.02532],[7.78644,48.02541],[7.78684,48.02554],[7.78747,48.02578],[7.78844,48.02625],[7.78912,48.02666],[7.78932,48.02675],[7.79019,48.02727],[7.79024,48.0273],[7.79034,48.02736],[7.79015,48.02765],[7.78983,48.02815],[7.78844,48.02998],[7.78693,48.03207],[7.78193,48.03906],[7.78137,48.03894],[7.78145,48.03922],[7.78103,48.03928],[7.781,48.03935],[7.77974,48.03956],[7.77969,48.04015],[7.77962,48.04024],[7.77952,48.04031],[7.77929,48.04041],[7.77888,48.04051],[7.77839,48.04056],[7.77728,48.04059],[7.77656,48.04093],[7.77468,48.04017],[7.77447,48.04031],[7.77283,48.04132],[7.76985,48.04332],[7.76939,48.04339],[7.76828,48.04404],[7.76757,48.04437]]]}},{"type":"Feature","properties":{"id":"bad_krozingen","name":"Bad Krozingen"},"geometry":{"type":"Polygon","coordinates":[[[7.71089,47.88305],[7.71314,47.88461],[7.71313,47.88462],[7.71408,47.88523],[7.71524,47.88683],[7.71529,47.88681],[7.71625,47.88745],[7.71724,47.8881],[7.71804,47.88865],[7.71807,47.88869],[7.71809,47.88872],[7.71853,47.88897],[7.71861,47.88902],[7.72031,47.89],[7.72,47.89032],[7.71961,47.89076],[7.71999,47.89093],[7.72001,47.89094],[7.72028,47.89115],[7.72053,47.89185],[7.72048,47.89188],[7.72092,47.89209],[7.71991,47.89334],[7.71937,47.89365],[7.72104,47.89475],[7.72054,47.89502],[7.72033,47.89513],[7.71991,47.89548],[7.71949,47.89586],[7.71944,47.89587],[7.71912,47.89621],[7.71867,47.8968],[7.71885,47.89689],[7.71863,47.89728],[7.71889,47.8972],[7.7202,47.8978],[7.71984,47.89804],[7.71975,47.898],[7.71931,47.89819],[7.71885,47.89859],[7.71916,47.89871],[7.71885,47.89885],[7.71865,47.8991],[7.71816,47.89943],[7.71896,47.89975],[7.72004,47.90013],[7.72021,47.89998],[7.72132,47.9004],[7.72249,47.90085],[7.72306,47.90021],[7.72434,47.90069],[7.72443,47.90069],[7.7245,47.90071],[7.72452,47.90071],[7.72431,47.90112],[7.72419,47.90133],[7.72394,47.90173],[7.7237,47.90207],[7.72333,47.90252],[7.72272,47.90319],[7.72199,47.90398],[7.72094,47.90511],[7.72101,47.90514],[7.72294,47.90595],[7.72214,47.90799],[7.72211,47.90806],[7.72175,47.90889],[7.7217,47.90908],[7.72189,47.91091],[7.72191,47.91115],[7.72185,47.91131],[7.72109,47.91285],[7.72091,47.91297],[7.72076,47.91285],[7.72025,47.91251],[7.71998,47.91236],[7.71974,47.91222],[7.71951,47.91211],[7.71934,47.91228],[7.71909,47.91257],[7.71891,47.91276],[7.71578,47.91618],[7.71567,47.91638],[7.71566,47.91648],[7.71569,47.91656],[7.71599,47.91683],[7.7161,47.917],[7.71619,47.91717],[7.71623,47.9174],[7.71627,47.91749],[7.71621,47.91772],[7.71452,47.91759],[7.71399,47.91815],[7.7133,47.91887],[7.71179,47.9205],[7.7117,47.92058],[7.71154,47.92077],[7.7114,47.92096],[7.71125,47.92118],[7.71112,47.92146],[7.71103,47.92205],[7.71104,47.92231],[7.71107,47.92288],[7.71116,47.92306],[7.71123,47.92326],[7.71123,47.92345],[7.71121,47.92362],[7.71115,47.92383],[7.71108,47.92393],[7.71107,47.92427],[7.7111,47.925],[7.71116,47.92519],[7.71126,47.92541],[7.7114,47.92558],[7.71055,47.9248],[7.71052,47.92481],[7.71032,47.92462],[7.70901,47.9254],[7.70899,47.92538],[7.70841,47.9256],[7.70751,47.92594],[7.70687,47.92618],[7.70771,47.92674],[7.70756,47.92718],[7.70742,47.92756],[7.70721,47.92795],[7.70661,47.92882],[7.70653,47.92893],[7.70598,47.92941],[7.70562,47.92972],[7.70545,47.92988],[7.70541,47.92995],[7.70356,47.93088],[7.70297,47.93037],[7.70167,47.93141],[7.70294,47.93242],[7.70351,47.93299],[7.70384,47.93336],[7.70391,47.93344],[7.7039,47.93346],[7.70387,47.93352],[7.70506,47.93472],[7.70475,47.93483],[7.70465,47.93487],[7.70579,47.936],[7.70553,47.93616],[7.70663,47.93727],[7.70639,47.93736],[7.70587,47.93756],[7.7067,47.9385],[7.70666,47.93855],[7.70662,47.93861],[7.70657,47.93866],[7.70734,47.93946],[7.7073,47.93952],[7.70783,47.93991],[7.70761,47.94008],[7.70847,47.94076],[7.70839,47.94107],[7.70818,47.94119],[7.70776,47.94135],[7.70759,47.94143],[7.70749,47.94152],[7.70735,47.94167],[7.70728,47.94173],[7.70717,47.94181],[7.70665,47.94229],[7.70645,47.94238],[7.70646,47.94242],[7.70648,47.94245],[7.70648,47.94246],[7.70692,47.94319],[7.7072,47.94312],[7.70723,47.94316],[7.70791,47.94434],[7.70764,47.94444],[7.70728,47.94457],[7.70482,47.94552],[7.70235,47.94648],[7.69989,47.94742],[7.69909,47.94605],[7.69903,47.94608],[7.69438,47.94787],[7.69396,47.94804],[7.69386,47.94807],[7.6936,47.9478],[7.69116,47.94817],[7.69105,47.94818],[7.69128,47.94871],[7.68735,47.94927],[7.6871,47.94931],[7.68707,47.94933],[7.687,47.94934],[7.68425,47.95035],[7.68423,47.95036],[7.6842,47.95037],[7.68239,47.95104],[7.68236,47.95105],[7.68234,47.95106],[7.6816,47.95132],[7.68156,47.95134],[7.68155,47.95134],[7.68091,47.95158],[7.67897,47.95232],[7.67776,47.95278],[7.67755,47.95318],[7.67863,47.95345],[7.68168,47.95415],[7.68161,47.95419],[7.68053,47.95477],[7.67966,47.95523],[7.67953,47.95534],[7.67877,47.95573],[7.6787,47.95578],[7.67863,47.95583],[7.67861,47.95584],[7.6765,47.95748],[7.67801,47.95886],[7.67757,47.95923],[7.67756,47.95924],[7.67614,47.96034],[7.67564,47.96072],[7.67554,47.9608],[7.67549,47.96082],[7.6756,47.96088],[7.67556,47.96091],[7.67388,47.96204],[7.67358,47.96224],[7.67334,47.96247],[7.67287,47.963],[7.67263,47.96326],[7.67138,47.96425],[7.67013,47.9643],[7.67008,47.9643],[7.67008,47.9643],[7.66807,47.96246],[7.66564,47.96438],[7.66513,47.9648],[7.66502,47.9649],[7.66475,47.96508],[7.66201,47.96565],[7.66301,47.96656],[7.6629,47.9666],[7.66288,47.9666],[7.66286,47.96661],[7.66279,47.96663],[7.66104,47.967],[7.66102,47.967],[7.66099,47.96701],[7.66096,47.96701],[7.66092,47.96702],[7.65802,47.96769],[7.65781,47.96772],[7.65759,47.96775],[7.65753,47.96776],[7.65745,47.96775],[7.6573,47.96776],[7.65669,47.96848],[7.6566,47.96851],[7.65556,47.96694],[7.65555,47.96692],[7.65552,47.96687],[7.65502,47.96706],[7.65371,47.96508],[7.65389,47.96501],[7.65313,47.96385],[7.65194,47.96422],[7.65191,47.96421],[7.65137,47.96399],[7.65146,47.96341],[7.65042,47.96366],[7.64985,47.96378],[7.6497,47.9638],[7.64943,47.96266],[7.64704,47.96308],[7.64676,47.96194],[7.64672,47.96177],[7.64661,47.96178],[7.64652,47.96178],[7.64649,47.96135],[7.64416,47.96158],[7.64418,47.96105],[7.64378,47.95896],[7.64377,47.95892],[7.64372,47.95849],[7.64373,47.95828],[7.64377,47.95791],[7.6437,47.95793],[7.64367,47.95794],[7.64208,47.9583],[7.64159,47.95797],[7.64122,47.95807],[7.64005,47.95623],[7.64244,47.95555],[7.6424,47.95548],[7.64155,47.95393],[7.64149,47.95293],[7.64347,47.95273],[7.64611,47.95281],[7.64619,47.95281],[7.6464,47.95221],[7.64659,47.95177],[7.64682,47.95081],[7.64703,47.94964],[7.6486,47.94995],[7.65034,47.95034],[7.65389,47.94874],[7.65433,47.94855],[7.65447,47.94848],[7.65454,47.94768],[7.65475,47.94766],[7.6548,47.94765],[7.65579,47.94756],[7.65701,47.94736],[7.65832,47.94709],[7.65889,47.94698],[7.65909,47.94699],[7.65982,47.94765],[7.66026,47.94796],[7.66033,47.94801],[7.66038,47.94805],[7.66046,47.94802],[7.66063,47.94794],[7.66336,47.94677],[7.66335,47.94676],[7.66332,47.94673],[7.66138,47.94495],[7.66146,47.94493],[7.66212,47.94467],[7.6621,47.94465],[7.6601,47.9429],[7.66005,47.94286],[7.66003,47.94285],[7.6606,47.94272],[7.66062,47.9427],[7.66066,47.9427],[7.66231,47.94202],[7.66129,47.94089],[7.66038,47.94129],[7.66032,47.94121],[7.65863,47.93911],[7.65907,47.93892],[7.65905,47.9389],[7.65903,47.93888],[7.65902,47.93887],[7.65789,47.93745],[7.65781,47.93736],[7.65947,47.9366],[7.65781,47.93521],[7.6578,47.93514],[7.6578,47.93509],[7.65775,47.93431],[7.65775,47.93427],[7.65775,47.93425],[7.65774,47.93417],[7.65616,47.93269],[7.65641,47.93255],[7.6564,47.93249],[7.65642,47.93243],[7.65642,47.93241],[7.65524,47.93303],[7.65339,47.93139],[7.65527,47.93041],[7.65522,47.93038],[7.65519,47.93034],[7.65334,47.92863],[7.65199,47.92935],[7.65199,47.92935],[7.65198,47.92932],[7.65197,47.92931],[7.65098,47.92743],[7.65096,47.92743],[7.65076,47.92741],[7.64901,47.92565],[7.64898,47.92563],[7.64738,47.92608],[7.64736,47.92609],[7.64732,47.9261],[7.64466,47.92687],[7.64462,47.92683],[7.64456,47.92669],[7.6443,47.924],[7.64421,47.92402],[7.64415,47.92403],[7.64178,47.92483],[7.64077,47.92514],[7.64055,47.92524],[7.64052,47.9252],[7.63987,47.9242],[7.63984,47.92416],[7.6386,47.92274],[7.63742,47.92135],[7.63884,47.92102],[7.63916,47.92101],[7.63923,47.92101],[7.64104,47.92058],[7.64109,47.92056],[7.64366,47.91998],[7.64394,47.91575],[7.64387,47.9156],[7.64315,47.91447],[7.64278,47.91397],[7.64272,47.91389],[7.6427,47.91387],[7.6431,47.91371],[7.64231,47.91235],[7.64229,47.91232],[7.64147,47.91093],[7.64145,47.91089],[7.64106,47.91024],[7.63917,47.91078],[7.63911,47.91079],[7.63914,47.90965],[7.63914,47.90942],[7.63914,47.90932],[7.63915,47.90899],[7.63916,47.90886],[7.63921,47.90719],[7.63921,47.90713],[7.63923,47.9066],[7.63924,47.90632],[7.63926,47.90631],[7.63928,47.90631],[7.64112,47.90578],[7.6416,47.90648],[7.64162,47.90651],[7.64164,47.90653],[7.6417,47.90652],[7.64504,47.90553],[7.64545,47.90542],[7.64566,47.90536],[7.64598,47.90528],[7.64693,47.90487],[7.64707,47.90482],[7.64728,47.90473],[7.6483,47.90429],[7.64836,47.90427],[7.65027,47.90345],[7.6503,47.90346],[7.65036,47.90343],[7.65048,47.90338],[7.65041,47.9033],[7.65046,47.9033],[7.65264,47.90231],[7.65465,47.9014],[7.65573,47.9009],[7.65877,47.89955],[7.65836,47.89892],[7.66263,47.89745],[7.66222,47.8968],[7.6615,47.89572],[7.66218,47.89553],[7.66258,47.89542],[7.66302,47.89532],[7.66315,47.8954],[7.66954,47.89304],[7.6702,47.89279],[7.6709,47.8937],[7.67206,47.8932],[7.67138,47.89214],[7.67099,47.89139],[7.67076,47.89106],[7.67166,47.89078],[7.67265,47.89048],[7.67538,47.88963],[7.67541,47.88966],[7.67624,47.89075],[7.67816,47.88996],[7.67966,47.88931],[7.67969,47.88931],[7.68036,47.89013],[7.68093,47.88983],[7.68315,47.88872],[7.68425,47.88829],[7.68522,47.88793],[7.68615,47.88753],[7.68677,47.88731],[7.6868,47.88729],[7.68606,47.88669],[7.68733,47.88602],[7.68827,47.88695],[7.68833,47.88696],[7.68979,47.88615],[7.69105,47.88547],[7.69313,47.88458],[7.69622,47.88322],[7.69627,47.88315],[7.69606,47.88293],[7.69921,47.88198],[7.69999,47.88283],[7.7009,47.88237],[7.70174,47.88206],[7.70388,47.88153],[7.70396,47.88152],[7.70405,47.88157],[7.70504,47.88113],[7.70525,47.88132],[7.70565,47.88113],[7.70632,47.8818],[7.7072,47.88141],[7.70797,47.88092],[7.71089,47.88305]]]}},{"type":"Feature","properties":{"id":"hartheim","name":"Hartheim am Rhein"},"geometry":{"type":"Polygon","coordinates":[[[7.58289,47.90564],[7.58967,47.90737],[7.58901,47.90532],[7.58968,47.90326],[7.59041,47.90219],[7.59062,47.90189],[7.5912,47.90095],[7.59197,47.89982],[7.59293,47.90022],[7.59378,47.90056],[7.59516,47.90076],[7.59743,47.90108],[7.59784,47.90113],[7.59808,47.90118],[7.59822,47.90121],[7.59874,47.90147],[7.59891,47.90177],[7.59953,47.90304],[7.60064,47.90527],[7.60084,47.90559],[7.60082,47.90559],[7.60023,47.9057],[7.59976,47.90579],[7.60023,47.90673],[7.6011,47.90654],[7.60169,47.90763],[7.60204,47.90863],[7.60225,47.90925],[7.60229,47.90937],[7.60253,47.91009],[7.6027,47.91007],[7.60285,47.91046],[7.60291,47.91063],[7.6031,47.91089],[7.60331,47.91114],[7.60332,47.91115],[7.60359,47.91138],[7.60391,47.9116],[7.60429,47.91182],[7.6046,47.91196],[7.60461,47.91196],[7.60493,47.91206],[7.60493,47.91205],[7.60665,47.90942],[7.60668,47.90938],[7.60827,47.90695],[7.60829,47.90691],[7.60975,47.90467],[7.60977,47.90464],[7.61726,47.9086],[7.61731,47.90856],[7.62079,47.90558],[7.62486,47.90211],[7.62599,47.90271],[7.62623,47.90249],[7.62694,47.9019],[7.62768,47.90229],[7.6277,47.90227],[7.62776,47.90222],[7.62788,47.90229],[7.62872,47.90155],[7.63063,47.89988],[7.63261,47.89813],[7.63516,47.89948],[7.63537,47.89961],[7.63559,47.89974],[7.63574,47.90005],[7.63641,47.90101],[7.63689,47.90171],[7.63851,47.90385],[7.6387,47.90414],[7.63903,47.90458],[7.63928,47.90494],[7.63924,47.90629],[7.63924,47.90632],[7.63923,47.9066],[7.63921,47.90713],[7.63921,47.90719],[7.63916,47.90886],[7.63915,47.90899],[7.63914,47.90932],[7.63914,47.90942],[7.63914,47.90965],[7.63911,47.91079],[7.63917,47.91078],[7.64106,47.91024],[7.64145,47.91089],[7.64147,47.91093],[7.64229,47.91232],[7.64231,47.91235],[7.6431,47.91371],[7.6427,47.91387],[7.64272,47.91389],[7.64278,47.91397],[7.64315,47.91447],[7.64387,47.9156],[7.64394,47.91575],[7.64366,47.91998],[7.64109,47.92056],[7.64104,47.92058],[7.63923,47.92101],[7.63916,47.92101],[7.63884,47.92102],[7.63742,47.92135],[7.6386,47.92274],[7.63984,47.92416],[7.63987,47.9242],[7.64052,47.9252],[7.64055,47.92524],[7.64077,47.92514],[7.64178,47.92483],[7.64415,47.92403],[7.64421,47.92402],[7.6443,47.924],[7.64456,47.92669],[7.64462,47.92683],[7.64466,47.92687],[7.64732,47.9261],[7.64736,47.92609],[7.64738,47.92608],[7.64898,47.92563],[7.64901,47.92565],[7.65076,47.92741],[7.65096,47.92743],[7.65098,47.92743],[7.65197,47.92931],[7.65198,47.92932],[7.65199,47.92935],[7.65199,47.92935],[7.65334,47.92863],[7.65519,47.93034],[7.65522,47.93038],[7.65527,47.93041],[7.65339,47.93139],[7.65524,47.93303],[7.65642,47.93241],[7.65642,47.93243],[7.6564,47.93249],[7.65641,47.93255],[7.65616,47.93269],[7.65774,47.93417],[7.65775,47.93425],[7.65775,47.93427],[7.65775,47.93431],[7.6578,47.93509],[7.6578,47.93514],[7.65781,47.93521],[7.65947,47.9366],[7.65781,47.93736],[7.65789,47.93745],[7.65902,47.93887],[7.65903,47.93888],[7.65905,47.9389],[7.65907,47.93892],[7.65863,47.93911],[7.66032,47.94121],[7.66038,47.94129],[7.66129,47.94089],[7.66231,47.94202],[7.66066,47.9427],[7.66062,47.9427],[7.6606,47.94272],[7.66003,47.94285],[7.66005,47.94286],[7.6601,47.9429],[7.6621,47.94465],[7.66212,47.94467],[7.66146,47.94493],[7.66138,47.94495],[7.66332,47.94673],[7.66335,47.94676],[7.66336,47.94677],[7.66063,47.94794],[7.66046,47.94802],[7.66038,47.94805],[7.66033,47.94801],[7.66026,47.94796],[7.65982,47.94765],[7.65909,47.94699],[7.65889,47.94698],[7.65832,47.94709],[7.65701,47.94736],[7.65579,47.94756],[7.6548,47.94765],[7.65475,47.94766],[7.65454,47.94768],[7.65447,47.94848],[7.65433,47.94855],[7.65389,47.94874],[7.65034,47.95034],[7.6486,47.94995],[7.64703,47.94964],[7.64682,47.95081],[7.64659,47.95177],[7.6464,47.95221],[7.64619,47.95281],[7.64611,47.95281],[7.64347,47.95273],[7.64149,47.95293],[7.64155,47.95393],[7.6424,47.95548],[7.64244,47.95555],[7.64005,47.95623],[7.64122,47.95807],[7.64082,47.95821],[7.64071,47.95804],[7.63701,47.95923],[7.63686,47.95903],[7.63665,47.95874],[7.63441,47.95951],[7.63293,47.96028],[7.63285,47.95983],[7.63278,47.95969],[7.63241,47.95809],[7.63219,47.95727],[7.63211,47.957],[7.63158,47.95611],[7.63019,47.95465],[7.62965,47.95466],[7.62921,47.95459],[7.62883,47.95444],[7.62855,47.95417],[7.62702,47.9545],[7.62567,47.95484],[7.62543,47.9549],[7.61993,47.95633],[7.6158,47.9574],[7.61543,47.95749],[7.61444,47.95779],[7.61434,47.95781],[7.61372,47.95799],[7.61306,47.95818],[7.61261,47.95759],[7.61105,47.95569],[7.60878,47.95345],[7.60681,47.95175],[7.60057,47.94691],[7.59664,47.9439],[7.59463,47.94237],[7.59257,47.9408],[7.58869,47.93776],[7.58767,47.93683],[7.58683,47.93596],[7.58534,47.93426],[7.5841,47.93261],[7.58323,47.93119],[7.58254,47.92988],[7.58188,47.9284],[7.58118,47.92625],[7.58096,47.92532],[7.58069,47.92362],[7.58059,47.92237],[7.58056,47.92137],[7.58062,47.92003],[7.58091,47.9181],[7.58151,47.91418],[7.58229,47.90952],[7.58279,47.90645],[7.58289,47.90564]]]}},{"type":"Feature","properties":{"id":"eschbach","name":"Eschbach"},"geometry":{"type":"Polygon","coordinates":[[[7.61865,47.88737],[7.62044,47.88689],[7.62126,47.88704],[7.62164,47.88712],[7.62447,47.88751],[7.62704,47.88784],[7.62731,47.88782],[7.62775,47.88774],[7.62797,47.88767],[7.62875,47.88741],[7.62961,47.88714],[7.63107,47.88665],[7.6337,47.88583],[7.63384,47.88583],[7.63424,47.88563],[7.63456,47.88549],[7.64376,47.88249],[7.64385,47.88254],[7.64391,47.88257],[7.64397,47.8826],[7.64598,47.88401],[7.64604,47.884],[7.64606,47.88399],[7.64759,47.88364],[7.64746,47.88325],[7.64751,47.88323],[7.64825,47.88299],[7.64837,47.8832],[7.649,47.88298],[7.65132,47.88251],[7.65144,47.88243],[7.65141,47.88225],[7.65138,47.88186],[7.65122,47.88103],[7.65122,47.88083],[7.65132,47.88073],[7.65139,47.88092],[7.65146,47.88095],[7.65165,47.88085],[7.6521,47.88058],[7.65209,47.88053],[7.65213,47.88051],[7.65365,47.88167],[7.6543,47.88218],[7.6549,47.88262],[7.655,47.88263],[7.6559,47.88228],[7.65644,47.88207],[7.65645,47.8822],[7.65866,47.88406],[7.65873,47.88407],[7.66248,47.88198],[7.66251,47.88196],[7.66252,47.88191],[7.66291,47.88227],[7.6632,47.88254],[7.66341,47.88242],[7.66403,47.88303],[7.66399,47.88304],[7.66411,47.88316],[7.66413,47.88313],[7.66416,47.88306],[7.6661,47.88201],[7.6663,47.88191],[7.67326,47.87799],[7.67475,47.87946],[7.67399,47.88008],[7.67364,47.8808],[7.67349,47.88137],[7.67321,47.88224],[7.6727,47.88327],[7.67269,47.88329],[7.67358,47.88427],[7.67125,47.88505],[7.67307,47.8874],[7.67218,47.88756],[7.67076,47.88768],[7.67054,47.88769],[7.67056,47.88788],[7.6716,47.88941],[7.67113,47.88956],[7.67115,47.88959],[7.67082,47.8897],[7.67166,47.89078],[7.67076,47.89106],[7.67099,47.89139],[7.67138,47.89214],[7.67206,47.8932],[7.6709,47.8937],[7.6702,47.89279],[7.66954,47.89304],[7.66315,47.8954],[7.66302,47.89532],[7.66258,47.89542],[7.66218,47.89553],[7.6615,47.89572],[7.66222,47.8968],[7.66263,47.89745],[7.65836,47.89892],[7.65877,47.89955],[7.65573,47.9009],[7.65465,47.9014],[7.65264,47.90231],[7.65046,47.9033],[7.65041,47.9033],[7.65048,47.90338],[7.65036,47.90343],[7.6503,47.90346],[7.65027,47.90345],[7.64836,47.90427],[7.6483,47.90429],[7.64728,47.90473],[7.64707,47.90482],[7.64693,47.90487],[7.64598,47.90528],[7.64566,47.90536],[7.64545,47.90542],[7.64504,47.90553],[7.6417,47.90652],[7.64164,47.90653],[7.64162,47.90651],[7.6416,47.90648],[7.64112,47.90578],[7.63928,47.90631],[7.63926,47.90631],[7.63924,47.90632],[7.63924,47.90629],[7.63928,47.90494],[7.63903,47.90458],[7.6387,47.90414],[7.63851,47.90385],[7.63689,47.90171],[7.63641,47.90101],[7.63574,47.90005],[7.63559,47.89974],[7.63537,47.89961],[7.63516,47.89948],[7.63261,47.89813],[7.63063,47.89988],[7.62872,47.90155],[7.62788,47.90229],[7.62776,47.90222],[7.6277,47.90227],[7.62768,47.90229],[7.62694,47.9019],[7.62623,47.90249],[7.62599,47.90271],[7.62486,47.90211],[7.62079,47.90558],[7.61731,47.90856],[7.61726,47.9086],[7.60977,47.90464],[7.60975,47.90467],[7.60829,47.90691],[7.60827,47.90695],[7.60668,47.90938],[7.60665,47.90942],[7.60493,47.91205],[7.60493,47.91206],[7.60461,47.91196],[7.6046,47.91196],[7.60429,47.91182],[7.60391,47.9116],[7.60359,47.91138],[7.60332,47.91115],[7.60331,47.91114],[7.6031,47.91089],[7.60291,47.91063],[7.60285,47.91046],[7.6027,47.91007],[7.60253,47.91009],[7.60229,47.90937],[7.60225,47.90925],[7.60204,47.90863],[7.60169,47.90763],[7.6011,47.90654],[7.60023,47.90673],[7.59976,47.90579],[7.60023,47.9057],[7.60082,47.90559],[7.60084,47.90559],[7.60064,47.90527],[7.59953,47.90304],[7.59891,47.90177],[7.59874,47.90147],[7.59818,47.89913],[7.5979,47.89837],[7.59784,47.89812],[7.59774,47.89775],[7.60087,47.89715],[7.60008,47.89445],[7.60053,47.89416],[7.60583,47.89348],[7.60756,47.8933],[7.60933,47.89418],[7.61125,47.89251],[7.61117,47.89247],[7.61111,47.89243],[7.61109,47.89238],[7.61108,47.89233],[7.61111,47.89228],[7.61323,47.89041],[7.61422,47.89092],[7.61436,47.89093],[7.61447,47.89089],[7.61462,47.89078],[7.6147,47.89071],[7.61634,47.88921],[7.61816,47.88997],[7.61952,47.88881],[7.61979,47.88896],[7.62046,47.88838],[7.61865,47.88737]]]}},{"type":"Feature","properties":{"id":"auggen","name":"Auggen"},"geometry":{"type":"Polygon","coordinates":[[[7.58109,47.77312],[7.58125,47.7733],[7.58158,47.77364],[7.58192,47.77397],[7.58277,47.77375],[7.58317,47.77358],[7.58317,47.77358],[7.58369,47.77337],[7.58451,47.77296],[7.58532,47.77239],[7.58579,47.7721],[7.58605,47.77196],[7.58654,47.77227],[7.58715,47.77278],[7.58714,47.7729],[7.58754,47.77303],[7.58776,47.77315],[7.58853,47.77282],[7.58891,47.77322],[7.58924,47.77312],[7.58937,47.77308],[7.58957,47.77301],[7.58995,47.77289],[7.59021,47.77279],[7.59054,47.7729],[7.5909,47.77303],[7.59126,47.77307],[7.59129,47.77302],[7.59135,47.77293],[7.59148,47.77277],[7.59171,47.77273],[7.59188,47.77271],[7.59225,47.7727],[7.59232,47.77267],[7.59236,47.77253],[7.59266,47.77248],[7.59425,47.77221],[7.59433,47.77221],[7.59448,47.77248],[7.5951,47.77235],[7.59538,47.77302],[7.5962,47.77302],[7.5969,47.773],[7.59701,47.77349],[7.59848,47.77376],[7.59905,47.77379],[7.59906,47.77351],[7.60071,47.77366],[7.60088,47.77368],[7.6009,47.77361],[7.6015,47.77372],[7.602,47.7738],[7.60253,47.77405],[7.60272,47.77433],[7.60292,47.77443],[7.60358,47.77475],[7.60404,47.77498],[7.60414,47.77503],[7.60465,47.77509],[7.60638,47.77531],[7.60716,47.77541],[7.60773,47.77548],[7.60843,47.77542],[7.61021,47.77529],[7.6111,47.77523],[7.61177,47.77516],[7.61359,47.77497],[7.61417,47.77489],[7.61642,47.77455],[7.61642,47.77403],[7.61749,47.77409],[7.61816,47.7741],[7.61901,47.77414],[7.61969,47.77414],[7.62,47.7743],[7.62056,47.77466],[7.62087,47.77492],[7.62122,47.77524],[7.62143,47.77542],[7.62151,47.7755],[7.62186,47.77589],[7.62217,47.77624],[7.62235,47.77645],[7.62256,47.77655],[7.62291,47.77667],[7.62304,47.77672],[7.62331,47.77681],[7.62387,47.77683],[7.62428,47.77686],[7.62449,47.77685],[7.62455,47.77683],[7.62463,47.77681],[7.6251,47.77718],[7.62557,47.77755],[7.62564,47.77758],[7.62581,47.77766],[7.62603,47.77773],[7.62653,47.77786],[7.62656,47.77788],[7.62667,47.77794],[7.62691,47.77812],[7.62711,47.77836],[7.62743,47.77867],[7.62766,47.77885],[7.62787,47.779],[7.62857,47.77928],[7.62908,47.7795],[7.62985,47.77948],[7.62974,47.77961],[7.63148,47.78012],[7.63238,47.78028],[7.63328,47.78061],[7.6354,47.78177],[7.63768,47.78316],[7.63585,47.78255],[7.63437,47.78232],[7.63245,47.78268],[7.6317,47.78309],[7.63111,47.78335],[7.6291,47.78323],[7.62743,47.78348],[7.62706,47.7838],[7.62665,47.78413],[7.62661,47.78421],[7.62653,47.78411],[7.6262,47.78421],[7.62591,47.78429],[7.62572,47.78454],[7.62547,47.78488],[7.6253,47.78487],[7.62504,47.78488],[7.6246,47.78493],[7.62437,47.7849],[7.6241,47.7847],[7.62341,47.78437],[7.62279,47.78401],[7.62261,47.78401],[7.62157,47.784],[7.62157,47.78402],[7.62166,47.78444],[7.62169,47.78463],[7.62177,47.78527],[7.6214,47.7853],[7.62131,47.78533],[7.62111,47.78541],[7.62085,47.78553],[7.62088,47.7859],[7.62015,47.7861],[7.61916,47.78618],[7.61875,47.78621],[7.6186,47.78594],[7.61833,47.78599],[7.61813,47.78601],[7.61751,47.78606],[7.61725,47.78607],[7.61693,47.78612],[7.61658,47.78622],[7.61657,47.78622],[7.61643,47.78625],[7.61621,47.78632],[7.61591,47.7864],[7.61551,47.78647],[7.61535,47.78625],[7.61391,47.78656],[7.61336,47.78668],[7.61372,47.78791],[7.61335,47.78791],[7.61307,47.78794],[7.61209,47.78792],[7.61254,47.78947],[7.61136,47.78975],[7.61134,47.78975],[7.61059,47.79004],[7.61056,47.79005],[7.61054,47.79006],[7.61064,47.79019],[7.61092,47.7905],[7.61121,47.79075],[7.61159,47.79106],[7.61168,47.79114],[7.61115,47.79143],[7.61114,47.79144],[7.61145,47.79169],[7.61178,47.79199],[7.61185,47.79202],[7.61196,47.79205],[7.61246,47.79247],[7.61258,47.79259],[7.61261,47.79267],[7.6126,47.79291],[7.61257,47.79367],[7.61135,47.79432],[7.61237,47.79598],[7.61238,47.79599],[7.61065,47.7966],[7.61012,47.79679],[7.60944,47.79707],[7.60941,47.79714],[7.60937,47.79722],[7.60938,47.79729],[7.60944,47.79738],[7.60975,47.79774],[7.61051,47.79912],[7.61085,47.79968],[7.61081,47.7998],[7.61035,47.79989],[7.60985,47.79997],[7.6092,47.80006],[7.60855,47.80023],[7.60795,47.8003],[7.60713,47.80042],[7.60644,47.80056],[7.60617,47.80061],[7.60598,47.8006],[7.60465,47.80021],[7.60421,47.80011],[7.60316,47.79983],[7.60293,47.79976],[7.6028,47.80002],[7.60275,47.80014],[7.60273,47.80032],[7.60269,47.80038],[7.6026,47.80047],[7.60235,47.80053],[7.60211,47.80055],[7.60194,47.80063],[7.60016,47.79969],[7.59928,47.80014],[7.59899,47.80028],[7.59889,47.80034],[7.59886,47.80037],[7.59885,47.80049],[7.5989,47.80058],[7.59902,47.80073],[7.59856,47.80109],[7.59842,47.80103],[7.59806,47.80139],[7.59805,47.8014],[7.59799,47.80147],[7.59477,47.80273],[7.59569,47.80419],[7.59463,47.8045],[7.59103,47.80552],[7.58828,47.8063],[7.5882,47.80633],[7.58812,47.8064],[7.58692,47.80674],[7.58466,47.80739],[7.58588,47.80947],[7.58589,47.80949],[7.5854,47.80972],[7.58481,47.80997],[7.58423,47.81019],[7.58395,47.81029],[7.58372,47.81037],[7.58324,47.81053],[7.58305,47.81058],[7.58294,47.81058],[7.58284,47.81057],[7.58276,47.81053],[7.58265,47.81051],[7.58246,47.8105],[7.58233,47.8105],[7.58221,47.81053],[7.58215,47.81054],[7.582,47.8106],[7.58197,47.81061],[7.58184,47.81068],[7.58173,47.81078],[7.58148,47.81084],[7.58099,47.81095],[7.57988,47.81112],[7.57937,47.81017],[7.57941,47.81016],[7.57931,47.80997],[7.57861,47.80888],[7.57852,47.80889],[7.57752,47.80732],[7.57777,47.80725],[7.5766,47.8054],[7.57276,47.80651],[7.57266,47.80648],[7.5726,47.8065],[7.56875,47.80039],[7.56612,47.80115],[7.56621,47.8013],[7.56353,47.80207],[7.56316,47.80148],[7.56127,47.80203],[7.56104,47.8017],[7.5607,47.80132],[7.56023,47.80087],[7.55964,47.80047],[7.5593,47.80016],[7.55892,47.79967],[7.55864,47.79915],[7.55831,47.79863],[7.55673,47.79626],[7.556,47.79506],[7.55577,47.7946],[7.55554,47.79401],[7.55549,47.7935],[7.55557,47.79249],[7.5555,47.79192],[7.55478,47.79036],[7.55458,47.79007],[7.55415,47.7896],[7.55407,47.78941],[7.55411,47.78878],[7.55449,47.78814],[7.55491,47.78732],[7.55563,47.78666],[7.55582,47.78629],[7.55583,47.78627],[7.5586,47.78564],[7.56157,47.78501],[7.56122,47.78459],[7.5611,47.78439],[7.5608,47.7839],[7.56498,47.78335],[7.56506,47.78334],[7.56444,47.7821],[7.5681,47.78164],[7.56872,47.78158],[7.56741,47.77896],[7.567,47.77811],[7.57002,47.77769],[7.56932,47.77659],[7.57356,47.77555],[7.5771,47.77469],[7.57693,47.77438],[7.5771,47.77434],[7.57722,47.7743],[7.57905,47.77373],[7.5791,47.77372],[7.57922,47.77368],[7.58109,47.77312]]]}},{"type":"Feature","properties":{"id":"gundelfingen","name":"Gundelfingen"},"geometry":{"type":"Polygon","coordinates":[[[7.90402,48.01237],[7.90495,48.01281],[7.90581,48.01283],[7.90624,48.01293],[7.90651,48.01296],[7.90722,48.01325],[7.90777,48.01319],[7.90821,48.01314],[7.90947,48.0129],[7.9102,48.0129],[7.91038,48.01297],[7.91073,48.01302],[7.91148,48.01273],[7.91187,48.0125],[7.91237,48.01224],[7.91294,48.01187],[7.9142,48.01213],[7.91426,48.01207],[7.91468,48.0124],[7.91496,48.0127],[7.91563,48.01296],[7.9166,48.01369],[7.9167,48.01373],[7.91773,48.01405],[7.91912,48.01455],[7.92,48.01496],[7.92188,48.01563],[7.92201,48.01616],[7.92209,48.01668],[7.922,48.01728],[7.92194,48.01813],[7.92188,48.01848],[7.92154,48.01899],[7.92123,48.01991],[7.92125,48.02008],[7.92122,48.0211],[7.92086,48.02233],[7.92048,48.02383],[7.92039,48.02477],[7.91989,48.02535],[7.91968,48.02572],[7.91953,48.02588],[7.91908,48.02613],[7.91863,48.0263],[7.91833,48.02655],[7.9181,48.02686],[7.91781,48.02736],[7.91755,48.02812],[7.91691,48.02942],[7.91665,48.0303],[7.91673,48.03072],[7.91699,48.0311],[7.91726,48.03141],[7.91764,48.03172],[7.91781,48.03199],[7.91784,48.03259],[7.91769,48.0331],[7.91671,48.03439],[7.91611,48.0351],[7.91506,48.03508],[7.91418,48.03504],[7.91345,48.03503],[7.91274,48.03506],[7.91194,48.03509],[7.91145,48.03518],[7.91094,48.03532],[7.91022,48.03567],[7.90989,48.03586],[7.90923,48.03614],[7.90866,48.03626],[7.90815,48.03637],[7.90729,48.03648],[7.90667,48.03651],[7.90479,48.03683],[7.90406,48.03686],[7.90369,48.03659],[7.90263,48.03611],[7.90159,48.03588],[7.9003,48.0357],[7.9,48.03568],[7.89936,48.03568],[7.89909,48.03569],[7.89875,48.03579],[7.89861,48.03596],[7.89829,48.03635],[7.89757,48.03691],[7.8971,48.03744],[7.89676,48.03773],[7.89639,48.03811],[7.89598,48.03846],[7.8955,48.03908],[7.89499,48.03925],[7.89394,48.03956],[7.89322,48.03977],[7.89189,48.04033],[7.89193,48.04085],[7.89181,48.04146],[7.89181,48.04215],[7.89167,48.04245],[7.89133,48.04285],[7.89132,48.0429],[7.89126,48.04328],[7.8912,48.04373],[7.89098,48.04403],[7.89069,48.04438],[7.89065,48.04476],[7.89053,48.04514],[7.8903,48.04546],[7.89002,48.04584],[7.88989,48.04624],[7.88977,48.04701],[7.88968,48.04756],[7.88986,48.04805],[7.88987,48.04807],[7.88998,48.04843],[7.89022,48.04908],[7.89061,48.04955],[7.89096,48.04978],[7.89111,48.04988],[7.89129,48.05001],[7.89091,48.05018],[7.89049,48.05026],[7.89002,48.05034],[7.88957,48.05047],[7.8893,48.05051],[7.8889,48.05051],[7.88858,48.05047],[7.88815,48.05038],[7.88762,48.05023],[7.88695,48.05006],[7.88632,48.04993],[7.88552,48.04979],[7.88549,48.04971],[7.88548,48.04963],[7.8855,48.04948],[7.88553,48.04937],[7.88558,48.04924],[7.88561,48.0491],[7.88564,48.04898],[7.88564,48.04883],[7.88563,48.04869],[7.88561,48.04856],[7.88555,48.04843],[7.8855,48.04831],[7.88526,48.04808],[7.88508,48.04802],[7.88494,48.04808],[7.88485,48.04812],[7.88471,48.04813],[7.88451,48.0481],[7.88432,48.04809],[7.8842,48.04815],[7.88404,48.04824],[7.88377,48.04865],[7.88343,48.0491],[7.88336,48.04922],[7.88327,48.04947],[7.88319,48.04979],[7.88317,48.04989],[7.88316,48.04991],[7.88314,48.04994],[7.88315,48.04997],[7.88316,48.04999],[7.88309,48.05034],[7.8831,48.05069],[7.8832,48.05105],[7.8832,48.05106],[7.88336,48.05153],[7.88413,48.05153],[7.88447,48.05149],[7.88447,48.0515],[7.88448,48.05219],[7.88449,48.05286],[7.88503,48.05292],[7.8859,48.053],[7.88607,48.05317],[7.88583,48.05305],[7.88576,48.05309],[7.88471,48.05324],[7.8844,48.05324],[7.88412,48.05319],[7.88371,48.05322],[7.88352,48.0532],[7.88319,48.05323],[7.88303,48.05321],[7.88262,48.05332],[7.88246,48.05331],[7.88219,48.05333],[7.88179,48.05341],[7.88158,48.05339],[7.88127,48.05334],[7.88097,48.05325],[7.88075,48.05325],[7.88046,48.05322],[7.87989,48.05344],[7.87977,48.05347],[7.8796,48.05357],[7.87931,48.05359],[7.87881,48.05368],[7.87857,48.05367],[7.87837,48.05373],[7.87825,48.05373],[7.87816,48.05377],[7.87806,48.05378],[7.87787,48.05378],[7.87763,48.05377],[7.87707,48.05381],[7.87699,48.05381],[7.87687,48.05349],[7.87665,48.05329],[7.87655,48.05324],[7.87617,48.05342],[7.87616,48.05351],[7.87602,48.0536],[7.87608,48.05374],[7.87607,48.05379],[7.87602,48.05377],[7.87572,48.05387],[7.87556,48.05395],[7.87532,48.05393],[7.87521,48.05394],[7.87506,48.05381],[7.87496,48.0538],[7.87477,48.05385],[7.8747,48.05391],[7.87467,48.05397],[7.87471,48.05408],[7.87454,48.05412],[7.87447,48.05408],[7.8743,48.05408],[7.87412,48.05417],[7.87371,48.05405],[7.87344,48.05403],[7.87339,48.05399],[7.8732,48.05398],[7.87292,48.05382],[7.87272,48.05383],[7.87259,48.05387],[7.87247,48.05396],[7.87233,48.05402],[7.87161,48.05416],[7.87136,48.05435],[7.87128,48.05449],[7.87117,48.05457],[7.87111,48.05467],[7.87104,48.05471],[7.87097,48.0548],[7.87076,48.05491],[7.87059,48.05505],[7.87054,48.05518],[7.87044,48.05525],[7.87034,48.05539],[7.87018,48.05549],[7.8701,48.05551],[7.86997,48.05548],[7.8696,48.05547],[7.86873,48.0556],[7.86846,48.05557],[7.86815,48.05559],[7.86793,48.0554],[7.86778,48.05534],[7.86763,48.05539],[7.86693,48.05551],[7.86682,48.05556],[7.86619,48.05558],[7.86586,48.05567],[7.86573,48.05566],[7.86518,48.05574],[7.86515,48.05574],[7.86493,48.05568],[7.86475,48.05558],[7.86429,48.05549],[7.86401,48.05534],[7.86368,48.05529],[7.8634,48.05518],[7.86153,48.05513],[7.86123,48.05515],[7.8603,48.05502],[7.85971,48.05503],[7.85903,48.05528],[7.8583,48.05528],[7.85803,48.05533],[7.85757,48.0555],[7.85733,48.05565],[7.85719,48.05559],[7.85714,48.05557],[7.85706,48.05549],[7.85672,48.05511],[7.85538,48.05504],[7.85537,48.05472],[7.8546,48.05473],[7.85413,48.0547],[7.85253,48.05452],[7.85258,48.05432],[7.85277,48.05397],[7.8518,48.05376],[7.8523,48.05306],[7.85203,48.05302],[7.85136,48.05323],[7.85094,48.05379],[7.84994,48.05353],[7.8502,48.05344],[7.85046,48.05328],[7.85066,48.05316],[7.85066,48.05302],[7.85072,48.05291],[7.85082,48.0528],[7.84941,48.05279],[7.8494,48.05236],[7.85013,48.05231],[7.8504,48.0515],[7.85037,48.05136],[7.85098,48.05072],[7.85111,48.05056],[7.85113,48.05054],[7.85117,48.05051],[7.85119,48.05043],[7.85128,48.05029],[7.85223,48.04836],[7.85312,48.04652],[7.85338,48.0456],[7.8535,48.04513],[7.85361,48.04491],[7.85361,48.04489],[7.85364,48.04485],[7.85383,48.04464],[7.85412,48.04392],[7.85413,48.04337],[7.85422,48.04245],[7.85429,48.04217],[7.85436,48.04207],[7.85438,48.0419],[7.85448,48.0402],[7.85431,48.03987],[7.8543,48.03767],[7.85434,48.03717],[7.85442,48.03665],[7.85545,48.03688],[7.85592,48.03676],[7.85628,48.03669],[7.85714,48.03646],[7.85719,48.03623],[7.85854,48.03559],[7.85871,48.03546],[7.85881,48.03542],[7.85948,48.03528],[7.86,48.03512],[7.86017,48.03506],[7.86038,48.03499],[7.86051,48.035],[7.86071,48.03502],[7.86079,48.03503],[7.86085,48.03503],[7.86094,48.03504],[7.86101,48.03505],[7.86109,48.03508],[7.86115,48.03509],[7.8613,48.03512],[7.86166,48.03521],[7.86246,48.03522],[7.86335,48.03514],[7.86351,48.03513],[7.86365,48.03511],[7.86377,48.03509],[7.86388,48.03507],[7.8639,48.03507],[7.86397,48.03505],[7.86437,48.03496],[7.86471,48.03488],[7.86515,48.03474],[7.86566,48.03455],[7.86622,48.03438],[7.86638,48.03432],[7.86668,48.0342],[7.86689,48.03411],[7.86699,48.03407],[7.86721,48.03392],[7.86736,48.03372],[7.86751,48.03361],[7.8677,48.03346],[7.86794,48.03326],[7.86808,48.0332],[7.86817,48.03316],[7.86842,48.03305],[7.8691,48.03274],[7.86942,48.03261],[7.86971,48.03248],[7.87008,48.03227],[7.87031,48.03213],[7.87057,48.03178],[7.87087,48.03118],[7.8709,48.03112],[7.87071,48.0311],[7.87063,48.03106],[7.87081,48.03081],[7.87092,48.03064],[7.87103,48.02988],[7.8718,48.02973],[7.87208,48.02974],[7.87224,48.02981],[7.87257,48.02981],[7.87281,48.02969],[7.87283,48.02955],[7.87304,48.02956],[7.87328,48.03003],[7.87344,48.0302],[7.87378,48.03043],[7.87402,48.03059],[7.87473,48.03099],[7.8755,48.03133],[7.87576,48.03118],[7.87613,48.03061],[7.8767,48.02978],[7.87779,48.02844],[7.87807,48.02796],[7.87844,48.027],[7.87852,48.02686],[7.8796,48.02604],[7.88019,48.02548],[7.88074,48.02495],[7.88118,48.02402],[7.88126,48.02391],[7.88133,48.02374],[7.88141,48.02362],[7.88153,48.02345],[7.88162,48.02336],[7.88168,48.02324],[7.88181,48.02306],[7.88206,48.02274],[7.88225,48.0225],[7.88235,48.02247],[7.88288,48.02242],[7.88313,48.02242],[7.88367,48.02219],[7.88391,48.02224],[7.88429,48.02239],[7.88448,48.02262],[7.88461,48.0227],[7.88481,48.02282],[7.88499,48.02292],[7.88599,48.02266],[7.88636,48.02219],[7.88666,48.02165],[7.88678,48.02156],[7.88746,48.0211],[7.88802,48.02081],[7.88879,48.02031],[7.88964,48.02013],[7.89025,48.01975],[7.89092,48.01929],[7.89236,48.01928],[7.89303,48.0193],[7.89341,48.01928],[7.89394,48.01907],[7.89425,48.01886],[7.89495,48.01849],[7.89556,48.01814],[7.89636,48.01755],[7.89705,48.01689],[7.89717,48.01671],[7.89783,48.01575],[7.898,48.01554],[7.89783,48.01548],[7.89757,48.01537],[7.89706,48.01544],[7.89645,48.01549],[7.89571,48.0158],[7.89505,48.01627],[7.89468,48.01645],[7.89412,48.01658],[7.89304,48.01666],[7.89211,48.01688],[7.88955,48.01653],[7.8894,48.0165],[7.88902,48.01657],[7.88851,48.01685],[7.88846,48.01723],[7.88826,48.01734],[7.88777,48.01763],[7.88727,48.01803],[7.88656,48.01842],[7.88638,48.01857],[7.8862,48.01888],[7.88635,48.01931],[7.88632,48.01959],[7.88595,48.02002],[7.88523,48.02058],[7.88484,48.02077],[7.88447,48.02127],[7.88437,48.02139],[7.88309,48.02073],[7.88133,48.01999],[7.88049,48.01954],[7.87987,48.01894],[7.87915,48.01934],[7.87906,48.01953],[7.87861,48.01977],[7.87846,48.01998],[7.87822,48.02001],[7.87803,48.02011],[7.87779,48.02016],[7.87781,48.0203],[7.8774,48.02057],[7.87705,48.02061],[7.87671,48.02081],[7.87606,48.02106],[7.87565,48.02109],[7.87442,48.02038],[7.87382,48.0203],[7.87312,48.01987],[7.87285,48.01962],[7.87253,48.01909],[7.87236,48.01751],[7.87236,48.01718],[7.87245,48.01664],[7.8725,48.01652],[7.87303,48.01592],[7.87404,48.01521],[7.87468,48.01511],[7.87584,48.01431],[7.87612,48.01411],[7.87863,48.01328],[7.87935,48.01295],[7.88095,48.01257],[7.88211,48.01236],[7.88297,48.01201],[7.88417,48.01177],[7.88435,48.01171],[7.88482,48.01129],[7.88611,48.01076],[7.88656,48.01062],[7.887,48.01049],[7.8874,48.01035],[7.88769,48.01024],[7.88964,48.01018],[7.89121,48.01029],[7.895,48.0102],[7.8971,48.01014],[7.89893,48.0101],[7.90051,48.01004],[7.90172,48.01002],[7.9021,48.01045],[7.90316,48.01119],[7.90351,48.01153],[7.90363,48.01192],[7.90402,48.01237]]]}},{"type":"Feature","properties":{"id":"sankt_maergen","name":"St. Märgen"},"geometry":{"type":"Polygon","coordinates":[[[8.15096,48.00135],[8.15052,48.00127],[8.15,48.0013],[8.14954,48.00128],[8.14922,48.00121],[8.14851,48.00099],[8.14754,48.00127],[8.14687,48.00224],[8.14648,48.00258],[8.14598,48.00287],[8.14459,48.00341],[8.14416,48.00403],[8.14374,48.00463],[8.14347,48.00497],[8.14308,48.00545],[8.14263,48.00614],[8.14246,48.00681],[8.14211,48.00725],[8.14177,48.00774],[8.14141,48.00814],[8.14125,48.00831],[8.14116,48.0084],[8.1409,48.00843],[8.14037,48.00865],[8.14004,48.00877],[8.13962,48.00843],[8.13956,48.00832],[8.13949,48.00824],[8.13943,48.00825],[8.13937,48.00824],[8.13932,48.00823],[8.1392,48.00816],[8.13836,48.00786],[8.13813,48.0078],[8.13793,48.00781],[8.13787,48.00791],[8.13801,48.0083],[8.13797,48.00839],[8.13776,48.00855],[8.13771,48.00866],[8.13782,48.00941],[8.13799,48.0099],[8.13796,48.01045],[8.138,48.01081],[8.13774,48.01103],[8.13754,48.01109],[8.1373,48.01112],[8.13702,48.01113],[8.13683,48.0111],[8.13652,48.011],[8.13602,48.01055],[8.13673,48.01018],[8.1366,48.00995],[8.13582,48.00914],[8.13513,48.00884],[8.13436,48.00863],[8.13379,48.00852],[8.13311,48.00848],[8.13252,48.0083],[8.13144,48.00821],[8.13098,48.00813],[8.13039,48.00896],[8.12957,48.00934],[8.12977,48.00941],[8.12952,48.00977],[8.12933,48.01034],[8.12919,48.01057],[8.1281,48.01094],[8.12767,48.01142],[8.12753,48.01163],[8.12646,48.01165],[8.126,48.01176],[8.12534,48.01175],[8.12502,48.01161],[8.12464,48.01121],[8.12423,48.0108],[8.12278,48.01054],[8.12173,48.01153],[8.122,48.01162],[8.12198,48.01197],[8.12221,48.01199],[8.12231,48.0129],[8.12105,48.01305],[8.12063,48.01342],[8.12026,48.01384],[8.12052,48.01427],[8.12059,48.01451],[8.11985,48.01547],[8.11932,48.01689],[8.1206,48.01746],[8.12093,48.01769],[8.12141,48.01811],[8.12117,48.01819],[8.12102,48.01824],[8.12089,48.01832],[8.12071,48.01842],[8.12061,48.01844],[8.12044,48.01845],[8.12022,48.01844],[8.12012,48.01845],[8.11995,48.01848],[8.11983,48.0185],[8.11972,48.01848],[8.11962,48.01844],[8.11955,48.01837],[8.1195,48.01829],[8.11948,48.01824],[8.11943,48.01821],[8.11937,48.01819],[8.11922,48.01807],[8.11914,48.01801],[8.11905,48.01799],[8.1184,48.01799],[8.11831,48.01798],[8.11821,48.01794],[8.11811,48.0179],[8.11798,48.01789],[8.11791,48.01786],[8.11781,48.01783],[8.11766,48.01782],[8.11756,48.0178],[8.11738,48.0178],[8.11729,48.0178],[8.11736,48.01818],[8.1173,48.01876],[8.11723,48.01925],[8.11697,48.01966],[8.11648,48.02028],[8.11707,48.02017],[8.11832,48.02068],[8.11898,48.02109],[8.11918,48.02063],[8.1194,48.0202],[8.12009,48.01961],[8.12114,48.01928],[8.12106,48.01964],[8.12029,48.02059],[8.1198,48.02095],[8.11906,48.02128],[8.11822,48.02124],[8.11674,48.02174],[8.11543,48.02208],[8.11525,48.02263],[8.11481,48.02268],[8.11479,48.02215],[8.11345,48.02216],[8.11373,48.02289],[8.11242,48.0229],[8.11239,48.02356],[8.11238,48.02465],[8.11238,48.02485],[8.11222,48.02535],[8.11187,48.02549],[8.11131,48.02549],[8.11087,48.02615],[8.11045,48.02648],[8.11008,48.02668],[8.11002,48.0272],[8.11058,48.02767],[8.11061,48.02838],[8.11052,48.02851],[8.10971,48.02883],[8.1095,48.02914],[8.10885,48.02923],[8.10546,48.0316],[8.1044,48.03176],[8.10488,48.03262],[8.10385,48.03293],[8.10455,48.03355],[8.10361,48.0339],[8.10337,48.03405],[8.10329,48.03416],[8.10202,48.03423],[8.10155,48.03446],[8.10101,48.03452],[8.10052,48.03517],[8.10016,48.03626],[8.10011,48.03686],[8.09959,48.03697],[8.09959,48.03721],[8.09955,48.03743],[8.09874,48.03798],[8.09842,48.03827],[8.09832,48.0386],[8.09838,48.03905],[8.09906,48.03921],[8.09826,48.03973],[8.09457,48.03903],[8.09589,48.03815],[8.09583,48.03794],[8.09604,48.03775],[8.09627,48.03738],[8.09653,48.03675],[8.0975,48.03637],[8.09733,48.03589],[8.09746,48.03542],[8.09761,48.03464],[8.09788,48.03423],[8.09841,48.03318],[8.09824,48.03278],[8.09814,48.03254],[8.09772,48.03165],[8.09755,48.03055],[8.09787,48.02981],[8.09777,48.02872],[8.09809,48.02854],[8.09939,48.02748],[8.09987,48.02727],[8.10045,48.027],[8.10158,48.02615],[8.10196,48.02574],[8.10187,48.02573],[8.10178,48.02563],[8.1017,48.02559],[8.10149,48.02543],[8.10139,48.02534],[8.10131,48.0253],[8.10098,48.02524],[8.10089,48.02521],[8.10072,48.02513],[8.10061,48.02511],[8.10046,48.02511],[8.10033,48.02509],[8.10024,48.02505],[8.10021,48.025],[8.10017,48.02497],[8.10004,48.02492],[8.1,48.02485],[8.0999,48.02483],[8.09963,48.02472],[8.09952,48.02472],[8.09945,48.02469],[8.09936,48.02468],[8.09929,48.02466],[8.0992,48.02469],[8.099,48.02473],[8.09836,48.02429],[8.09791,48.02455],[8.09777,48.02486],[8.0974,48.02503],[8.09707,48.02493],[8.09575,48.0244],[8.0946,48.02427],[8.09382,48.02424],[8.09209,48.02418],[8.09224,48.02373],[8.09241,48.02302],[8.09322,48.02246],[8.09401,48.02195],[8.09533,48.02212],[8.09628,48.02214],[8.09664,48.02148],[8.09708,48.02116],[8.09749,48.02108],[8.09711,48.02087],[8.09658,48.02049],[8.09606,48.02002],[8.09562,48.01948],[8.0953,48.01892],[8.09511,48.01791],[8.09473,48.01774],[8.09294,48.01712],[8.09225,48.01691],[8.08863,48.01524],[8.08752,48.01478],[8.08744,48.01476],[8.08686,48.01403],[8.08657,48.01359],[8.08656,48.01355],[8.08653,48.0135],[8.08648,48.01346],[8.08525,48.01273],[8.08464,48.01286],[8.08351,48.01367],[8.08169,48.01405],[8.08126,48.0141],[8.0801,48.01404],[8.07992,48.01403],[8.07868,48.01396],[8.07777,48.01368],[8.07743,48.01357],[8.07702,48.01311],[8.077,48.0131],[8.07698,48.01308],[8.07686,48.01297],[8.07666,48.01276],[8.0764,48.01244],[8.07592,48.01185],[8.0753,48.01149],[8.07452,48.01094],[8.07349,48.01023],[8.07261,48.00992],[8.07127,48.00933],[8.07065,48.00938],[8.07008,48.00944],[8.0689,48.00956],[8.06739,48.00983],[8.06546,48.00946],[8.06177,48.00816],[8.06105,48.00773],[8.06083,48.00738],[8.05954,48.00566],[8.05883,48.00568],[8.05791,48.00561],[8.05703,48.00553],[8.05346,48.00435],[8.05263,48.00385],[8.05229,48.00335],[8.05169,48.00293],[8.05078,48.00251],[8.04845,48.00182],[8.04698,48.00175],[8.04624,48.00128],[8.04599,48.00103],[8.04587,48.00055],[8.04578,47.99947],[8.04633,47.99958],[8.04693,47.99961],[8.04719,47.99965],[8.04756,47.99959],[8.0481,47.99953],[8.04844,47.99948],[8.04869,47.99943],[8.04893,47.99945],[8.04931,47.99961],[8.04965,47.99979],[8.04996,47.99992],[8.05013,47.99995],[8.05066,47.99978],[8.05144,47.99945],[8.05205,47.9992],[8.05248,47.99901],[8.05424,47.99807],[8.0551,47.99836],[8.05592,47.99862],[8.05658,47.99838],[8.05716,47.99865],[8.05755,47.99901],[8.05777,47.99919],[8.0582,47.99945],[8.05856,47.99964],[8.05905,47.99983],[8.05961,47.99985],[8.06034,47.99986],[8.06099,47.99957],[8.06119,47.99948],[8.06153,47.99934],[8.06239,47.99897],[8.06305,47.99852],[8.06345,47.99825],[8.06352,47.99825],[8.06373,47.99808],[8.06382,47.99804],[8.0645,47.99776],[8.06606,47.99753],[8.0677,47.99737],[8.07049,47.99715],[8.07237,47.9968],[8.07416,47.99614],[8.07553,47.99553],[8.07748,47.99576],[8.07874,47.99577],[8.07968,47.99564],[8.08048,47.99526],[8.08136,47.9944],[8.08282,47.99392],[8.08324,47.99395],[8.08385,47.99408],[8.08504,47.99516],[8.086,47.99448],[8.08617,47.99409],[8.08738,47.9937],[8.0907,47.99375],[8.09092,47.99369],[8.09136,47.99249],[8.09072,47.99117],[8.09047,47.99125],[8.0891,47.9917],[8.08866,47.99099],[8.08945,47.99042],[8.08975,47.99008],[8.08792,47.98932],[8.08907,47.98836],[8.08708,47.98697],[8.08476,47.98534],[8.0841,47.98481],[8.0833,47.98402],[8.08309,47.9838],[8.08277,47.98354],[8.08233,47.98317],[8.08179,47.98274],[8.08168,47.98282],[8.08082,47.98243],[8.08003,47.98209],[8.07968,47.98194],[8.07914,47.98176],[8.07865,47.98143],[8.078,47.98092],[8.077,47.97953],[8.07612,47.97889],[8.07431,47.97789],[8.07291,47.97924],[8.0725,47.97965],[8.07241,47.98055],[8.07226,47.98139],[8.07203,47.9818],[8.07146,47.98277],[8.07104,47.98339],[8.0704,47.98387],[8.07008,47.98412],[8.06933,47.98456],[8.06779,47.98406],[8.06607,47.98312],[8.06536,47.98256],[8.0642,47.98207],[8.06328,47.98143],[8.06248,47.9813],[8.06122,47.98091],[8.06004,47.9816],[8.05938,47.98222],[8.05617,47.98232],[8.05536,47.98226],[8.05493,47.98224],[8.05305,47.98102],[8.05422,47.97922],[8.05467,47.97818],[8.05399,47.97808],[8.05329,47.97806],[8.05166,47.97753],[8.05232,47.97693],[8.05277,47.9766],[8.05322,47.97643],[8.05418,47.97661],[8.0546,47.97652],[8.05595,47.97565],[8.05669,47.97547],[8.05672,47.97608],[8.05732,47.97603],[8.05773,47.97588],[8.05799,47.97561],[8.05723,47.97518],[8.05685,47.97541],[8.05609,47.97488],[8.0555,47.97473],[8.05524,47.97448],[8.05455,47.97445],[8.05526,47.97342],[8.05565,47.97351],[8.05607,47.97339],[8.05676,47.97338],[8.05704,47.97329],[8.05762,47.9734],[8.05812,47.97321],[8.05836,47.973],[8.05907,47.97279],[8.05932,47.97215],[8.05959,47.97208],[8.05941,47.9716],[8.05906,47.97161],[8.05875,47.97184],[8.05799,47.97079],[8.05757,47.97101],[8.0563,47.97137],[8.05578,47.97143],[8.05566,47.97147],[8.05567,47.97136],[8.05596,47.96862],[8.05608,47.968],[8.05597,47.96701],[8.0563,47.96658],[8.05661,47.96635],[8.05677,47.96603],[8.05641,47.96445],[8.05676,47.96517],[8.05975,47.96624],[8.06156,47.96666],[8.06203,47.96679],[8.06201,47.96854],[8.06316,47.96805],[8.06408,47.96743],[8.06483,47.96684],[8.06565,47.96631],[8.06692,47.96581],[8.06806,47.9657],[8.06974,47.96478],[8.07048,47.96416],[8.07065,47.96376],[8.07138,47.96327],[8.07276,47.96358],[8.07331,47.9638],[8.07522,47.96414],[8.07571,47.96431],[8.07598,47.96457],[8.07615,47.96505],[8.07649,47.96388],[8.07655,47.96332],[8.07682,47.96234],[8.07751,47.96233],[8.07748,47.96157],[8.07898,47.96081],[8.07939,47.96072],[8.08068,47.96071],[8.08146,47.96094],[8.08243,47.96095],[8.08448,47.96069],[8.08522,47.96102],[8.08593,47.96182],[8.08599,47.96318],[8.08563,47.9637],[8.0852,47.96458],[8.08667,47.96389],[8.08675,47.96334],[8.08734,47.96278],[8.08769,47.96164],[8.08667,47.96172],[8.08608,47.95804],[8.08608,47.95721],[8.08729,47.95276],[8.08901,47.95274],[8.09008,47.95252],[8.09131,47.95255],[8.09231,47.95273],[8.09442,47.95357],[8.09514,47.95377],[8.0991,47.95332],[8.10204,47.95366],[8.10312,47.95351],[8.10409,47.95314],[8.10562,47.95245],[8.10667,47.95314],[8.10731,47.95416],[8.10803,47.95743],[8.10938,47.95833],[8.11113,47.95893],[8.11377,47.9591],[8.11502,47.96003],[8.11529,47.96051],[8.11538,47.96149],[8.11604,47.96311],[8.11663,47.96359],[8.11696,47.96474],[8.11812,47.96537],[8.11981,47.96608],[8.12101,47.96625],[8.12298,47.96671],[8.12525,47.96673],[8.12686,47.96706],[8.12889,47.96703],[8.13119,47.96626],[8.13153,47.9668],[8.1308,47.96965],[8.13097,47.97097],[8.13072,47.97233],[8.13085,47.97377],[8.13082,47.97536],[8.13091,47.97596],[8.13112,47.97659],[8.13115,47.97679],[8.13172,47.97805],[8.13312,47.97837],[8.13334,47.97873],[8.13403,47.97951],[8.13427,47.97997],[8.13435,47.98038],[8.13421,47.98067],[8.13426,47.98091],[8.1344,47.98131],[8.13494,47.98213],[8.135,47.9825],[8.13499,47.9827],[8.13509,47.98289],[8.13504,47.9831],[8.1351,47.98342],[8.13503,47.98362],[8.13495,47.98425],[8.13499,47.98456],[8.13492,47.98465],[8.1349,47.98482],[8.13493,47.98489],[8.13487,47.98497],[8.1349,47.98505],[8.13486,47.98517],[8.1349,47.98527],[8.13481,47.98533],[8.13475,47.98546],[8.13469,47.98547],[8.13465,47.98548],[8.1346,47.98552],[8.13465,47.9857],[8.13461,47.98573],[8.13462,47.98578],[8.13443,47.98591],[8.13426,47.98601],[8.13426,47.98609],[8.13416,47.98621],[8.13406,47.98625],[8.13393,47.98627],[8.13378,47.98632],[8.13376,47.9864],[8.13358,47.98651],[8.13351,47.98669],[8.1332,47.98684],[8.13311,47.98724],[8.13297,47.98733],[8.13294,47.98748],[8.13306,47.98788],[8.13267,47.98799],[8.13244,47.98823],[8.13238,47.9885],[8.13238,47.98885],[8.13253,47.98912],[8.13274,47.98917],[8.13292,47.98936],[8.13286,47.98976],[8.13296,47.99013],[8.13289,47.99063],[8.13278,47.99078],[8.13199,47.99127],[8.13171,47.99133],[8.13119,47.99151],[8.13093,47.99168],[8.13037,47.9918],[8.12992,47.99183],[8.1297,47.99191],[8.12904,47.99194],[8.12859,47.99175],[8.12913,47.99293],[8.13061,47.99282],[8.13147,47.99287],[8.13232,47.99305],[8.13244,47.9927],[8.13289,47.99242],[8.1334,47.99192],[8.13435,47.99155],[8.1348,47.99058],[8.13513,47.99026],[8.13567,47.9904],[8.13586,47.99],[8.1365,47.9899],[8.13769,47.99025],[8.13813,47.99059],[8.13868,47.99165],[8.13884,47.99218],[8.14,47.99222],[8.14095,47.99217],[8.14322,47.99215],[8.14264,47.99244],[8.14344,47.9925],[8.14312,47.99275],[8.14301,47.99316],[8.14308,47.99394],[8.14334,47.99458],[8.14385,47.99483],[8.14472,47.99511],[8.14525,47.99496],[8.14567,47.99525],[8.14629,47.9953],[8.14693,47.99551],[8.14876,47.99553],[8.14897,47.99531],[8.14976,47.99491],[8.15056,47.99503],[8.15111,47.99549],[8.15153,47.99569],[8.15188,47.996],[8.15218,47.99605],[8.15256,47.99591],[8.15289,47.99502],[8.15315,47.9954],[8.15392,47.99581],[8.15438,47.99625],[8.15403,47.99653],[8.15381,47.99642],[8.15291,47.99688],[8.15223,47.9976],[8.15171,47.99808],[8.15196,47.99844],[8.15241,47.99858],[8.15251,47.99907],[8.15294,47.99948],[8.15278,47.99949],[8.15167,48.00074],[8.15096,48.00135]],[[8.08179,47.98274],[8.08394,47.98279],[8.08459,47.98291],[8.0861,47.98299],[8.08653,47.98306],[8.08703,47.98303],[8.08771,47.98276],[8.08843,47.98243],[8.08894,47.98219],[8.08985,47.98165],[8.09084,47.98095],[8.09105,47.98068],[8.09221,47.97954],[8.09356,47.97822],[8.09209,47.97799],[8.09139,47.97707],[8.0918,47.97629],[8.09147,47.97604],[8.09078,47.97573],[8.08897,47.97525],[8.08747,47.97517],[8.08705,47.97511],[8.08474,47.97452],[8.08392,47.97415],[8.08344,47.9737],[8.08343,47.97345],[8.08288,47.97345],[8.08269,47.97355],[8.08101,47.97412],[8.08069,47.97429],[8.08042,47.97448],[8.07989,47.97476],[8.07918,47.97524],[8.08098,47.97632],[8.08149,47.97674],[8.0817,47.97721],[8.08293,47.97834],[8.08373,47.97896],[8.08468,47.98078],[8.08346,47.98147],[8.08234,47.98217],[8.08179,47.98274]]]}},{"type":"Feature","properties":{"id":"sankt_peter","name":"St. Peter"},"geometry":{"type":"MultiPolygon","coordinates":[[[[8.00451,48.02911],[8.00474,48.02957],[8.00461,48.02979],[8.00445,48.02993],[8.00382,48.03034],[8.00331,48.03045],[8.00308,48.03046],[8.003,48.03044],[8.00281,48.03044],[8.00254,48.03046],[8.00246,48.03051],[8.00204,48.03065],[8.00184,48.03073],[8.0016,48.03073],[8.00136,48.03068],[8.00121,48.03068],[8.00071,48.03079],[8.00021,48.03075],[7.99952,48.03075],[7.99995,48.02903],[8.00039,48.02918],[8.00089,48.02929],[8.00144,48.02936],[8.00148,48.02917],[8.00203,48.02916],[8.00268,48.0291],[8.00309,48.02901],[8.0035,48.02877],[8.00374,48.02855],[8.00383,48.02837],[8.00418,48.02819],[8.00451,48.02911]]],[[[8.01682,48.0078],[8.01699,48.00732],[8.01708,48.00705],[8.01729,48.00671],[8.01744,48.00655],[8.01861,48.00526],[8.01883,48.00506],[8.01885,48.00505],[8.01943,48.00509],[8.02064,48.00503],[8.02138,48.0054],[8.02202,48.0057],[8.0224,48.00508],[8.02359,48.00291],[8.02394,48.00262],[8.02501,48.00214],[8.02561,48.00154],[8.02583,48.00112],[8.02577,48.00085],[8.02611,48.00072],[8.02716,48.00104],[8.02791,48.00153],[8.02815,48.00176],[8.0286,48.00238],[8.0287,48.00206],[8.02926,48.00149],[8.02959,48.00078],[8.0296,48.00038],[8.03003,47.99965],[8.03048,47.99889],[8.03101,47.99833],[8.03163,47.99788],[8.03179,47.99779],[8.03251,47.99734],[8.03487,47.99635],[8.03548,47.99617],[8.03579,47.99531],[8.03611,47.99469],[8.03654,47.99407],[8.03687,47.99378],[8.03794,47.99387],[8.0392,47.99387],[8.04026,47.99458],[8.04129,47.99529],[8.04224,47.99561],[8.04313,47.99636],[8.04341,47.99705],[8.04392,47.99747],[8.04496,47.99804],[8.04529,47.99841],[8.04578,47.99947],[8.04587,48.00055],[8.04599,48.00103],[8.04624,48.00128],[8.04698,48.00175],[8.04845,48.00182],[8.05078,48.00251],[8.05169,48.00293],[8.05229,48.00335],[8.05263,48.00385],[8.05346,48.00435],[8.05703,48.00553],[8.05791,48.00561],[8.05883,48.00568],[8.05954,48.00566],[8.06083,48.00738],[8.06105,48.00773],[8.06177,48.00816],[8.06546,48.00946],[8.06739,48.00983],[8.0689,48.00956],[8.07008,48.00944],[8.07065,48.00938],[8.07127,48.00933],[8.07261,48.00992],[8.07349,48.01023],[8.07452,48.01094],[8.0753,48.01149],[8.07592,48.01185],[8.0764,48.01244],[8.07666,48.01276],[8.07686,48.01297],[8.07698,48.01308],[8.077,48.0131],[8.07702,48.01311],[8.07743,48.01357],[8.07777,48.01368],[8.07868,48.01396],[8.07992,48.01403],[8.0801,48.01404],[8.08126,48.0141],[8.08169,48.01405],[8.08351,48.01367],[8.08464,48.01286],[8.08525,48.01273],[8.08648,48.01346],[8.08653,48.0135],[8.08656,48.01355],[8.08657,48.01359],[8.08686,48.01403],[8.08744,48.01476],[8.08752,48.01478],[8.08863,48.01524],[8.09225,48.01691],[8.09294,48.01712],[8.09473,48.01774],[8.09511,48.01791],[8.0953,48.01892],[8.09562,48.01948],[8.09606,48.02002],[8.09658,48.02049],[8.09711,48.02087],[8.09749,48.02108],[8.09708,48.02116],[8.09664,48.02148],[8.09628,48.02214],[8.09533,48.02212],[8.09401,48.02195],[8.09322,48.02246],[8.09241,48.02302],[8.09224,48.02373],[8.09209,48.02418],[8.09382,48.02424],[8.0946,48.02427],[8.09575,48.0244],[8.09707,48.02493],[8.0974,48.02503],[8.09777,48.02486],[8.09791,48.02455],[8.09836,48.02429],[8.099,48.02473],[8.0992,48.02469],[8.09929,48.02466],[8.09936,48.02468],[8.09945,48.02469],[8.09952,48.02472],[8.09963,48.02472],[8.0999,48.02483],[8.1,48.02485],[8.10004,48.02492],[8.10017,48.02497],[8.10021,48.025],[8.10024,48.02505],[8.10033,48.02509],[8.10046,48.02511],[8.10061,48.02511],[8.10072,48.02513],[8.10089,48.02521],[8.10098,48.02524],[8.10131,48.0253],[8.10139,48.02534],[8.10149,48.02543],[8.1017,48.02559],[8.10178,48.02563],[8.10187,48.02573],[8.10196,48.02574],[8.10158,48.02615],[8.10045,48.027],[8.09987,48.02727],[8.09939,48.02748],[8.09809,48.02854],[8.09777,48.02872],[8.09787,48.02981],[8.09755,48.03055],[8.09772,48.03165],[8.09814,48.03254],[8.09824,48.03278],[8.09841,48.03318],[8.09788,48.03423],[8.09761,48.03464],[8.09746,48.03542],[8.09733,48.03589],[8.0975,48.03637],[8.09653,48.03675],[8.09627,48.03738],[8.09604,48.03775],[8.09583,48.03794],[8.09589,48.03815],[8.09457,48.03903],[8.09425,48.0388],[8.09414,48.03878],[8.0939,48.03855],[8.09388,48.03846],[8.09386,48.03834],[8.09377,48.0383],[8.09372,48.03825],[8.09373,48.03816],[8.09374,48.03802],[8.09367,48.03781],[8.09367,48.03772],[8.09365,48.03762],[8.09358,48.03756],[8.09348,48.0375],[8.09346,48.0373],[8.09341,48.03721],[8.09337,48.03704],[8.09321,48.03655],[8.09299,48.0368],[8.09279,48.03688],[8.09226,48.03732],[8.09176,48.03769],[8.09138,48.03823],[8.09103,48.03854],[8.09058,48.03906],[8.09082,48.03916],[8.09139,48.03937],[8.09154,48.03983],[8.09176,48.04074],[8.09196,48.04122],[8.09233,48.04156],[8.09258,48.04183],[8.09282,48.04222],[8.09297,48.04257],[8.0934,48.04295],[8.09311,48.04305],[8.09288,48.04305],[8.09274,48.04316],[8.09263,48.04323],[8.09236,48.04328],[8.09219,48.04334],[8.09174,48.04344],[8.09152,48.04345],[8.0912,48.04354],[8.09108,48.04354],[8.09092,48.04356],[8.09076,48.04358],[8.09044,48.04356],[8.09038,48.04358],[8.09005,48.04356],[8.08993,48.04345],[8.08992,48.04342],[8.08979,48.04324],[8.08964,48.04317],[8.08962,48.04315],[8.08953,48.04304],[8.08944,48.04301],[8.08931,48.04301],[8.08914,48.04304],[8.08894,48.04303],[8.08884,48.043],[8.08868,48.04292],[8.0885,48.04294],[8.0882,48.04285],[8.08814,48.04284],[8.08797,48.04287],[8.08778,48.04296],[8.08755,48.04299],[8.08744,48.04296],[8.08732,48.0429],[8.08717,48.04288],[8.08713,48.04286],[8.08709,48.04281],[8.08703,48.04282],[8.08694,48.0428],[8.08681,48.04274],[8.08664,48.04272],[8.08647,48.04277],[8.0862,48.04277],[8.08603,48.04276],[8.08592,48.04274],[8.08579,48.04277],[8.08568,48.04279],[8.08556,48.04279],[8.08549,48.0428],[8.08544,48.04285],[8.08536,48.04286],[8.08529,48.04287],[8.08515,48.04293],[8.08496,48.04295],[8.08451,48.04291],[8.08414,48.04286],[8.08345,48.04302],[8.08347,48.04311],[8.08336,48.04309],[8.08308,48.0431],[8.08297,48.04306],[8.08279,48.04305],[8.08253,48.04306],[8.08237,48.04313],[8.08212,48.04336],[8.08216,48.0434],[8.08202,48.0435],[8.0819,48.0435],[8.08181,48.04354],[8.08175,48.04354],[8.08167,48.04353],[8.08126,48.04351],[8.08078,48.0435],[8.08058,48.0434],[8.08013,48.04317],[8.07994,48.04307],[8.07882,48.04291],[8.07823,48.04327],[8.07728,48.04382],[8.0771,48.04394],[8.07699,48.04419],[8.076,48.04604],[8.075,48.04706],[8.07478,48.04785],[8.07453,48.04835],[8.07452,48.04841],[8.07446,48.04928],[8.07449,48.05015],[8.07444,48.05036],[8.07437,48.05065],[8.07392,48.05118],[8.07435,48.05195],[8.0743,48.05266],[8.07445,48.05345],[8.07444,48.05363],[8.07433,48.05434],[8.07429,48.05455],[8.07394,48.05502],[8.07367,48.05538],[8.07372,48.05581],[8.07398,48.05656],[8.07394,48.05681],[8.07353,48.05716],[8.07357,48.05772],[8.07334,48.05794],[8.07284,48.05818],[8.07216,48.05834],[8.07161,48.05865],[8.07102,48.05906],[8.0709,48.05931],[8.0706,48.05947],[8.07014,48.05982],[8.06997,48.06007],[8.06958,48.06027],[8.06885,48.0605],[8.06815,48.06082],[8.06763,48.06123],[8.0673,48.06158],[8.06697,48.06187],[8.06684,48.06255],[8.06674,48.06324],[8.06606,48.06316],[8.06543,48.06302],[8.06454,48.06287],[8.06327,48.06274],[8.06213,48.06275],[8.06142,48.06297],[8.06043,48.0632],[8.05965,48.06325],[8.05883,48.06321],[8.05825,48.06335],[8.05717,48.06328],[8.05607,48.06305],[8.05454,48.06268],[8.05286,48.0624],[8.05222,48.06219],[8.05179,48.06188],[8.05132,48.06146],[8.05055,48.06004],[8.05019,48.05939],[8.04967,48.05913],[8.04889,48.05891],[8.04772,48.05866],[8.0466,48.05863],[8.04562,48.05909],[8.04533,48.05929],[8.04482,48.05939],[8.0441,48.05952],[8.04377,48.05944],[8.04314,48.05931],[8.04238,48.05906],[8.04157,48.05891],[8.03888,48.05911],[8.03842,48.059],[8.03778,48.05882],[8.03649,48.05814],[8.03589,48.05814],[8.03538,48.05813],[8.03489,48.0582],[8.03438,48.05826],[8.03307,48.05873],[8.03245,48.05899],[8.03014,48.05933],[8.02935,48.05922],[8.02859,48.05924],[8.02742,48.05926],[8.02668,48.0592],[8.02584,48.05905],[8.02503,48.05882],[8.02363,48.05858],[8.02238,48.05866],[8.02115,48.05879],[8.02027,48.05906],[8.01916,48.05909],[8.01898,48.0591],[8.01809,48.05954],[8.01789,48.05965],[8.01549,48.06175],[8.01476,48.06215],[8.01428,48.06244],[8.01422,48.06246],[8.01271,48.06263],[8.01282,48.06241],[8.01307,48.06183],[8.01317,48.06098],[8.01342,48.06059],[8.01341,48.05983],[8.01361,48.05866],[8.01398,48.05763],[8.01452,48.05681],[8.01451,48.05613],[8.01479,48.05514],[8.01526,48.05423],[8.01459,48.05279],[8.01468,48.052],[8.01494,48.05103],[8.01513,48.04979],[8.01517,48.04887],[8.01477,48.04834],[8.01425,48.04802],[8.0134,48.04775],[8.01258,48.04736],[8.01167,48.04682],[8.01108,48.04614],[8.01039,48.04551],[8.00998,48.04463],[8.01022,48.04409],[8.01059,48.04339],[8.01057,48.04271],[8.01027,48.04209],[8.00951,48.04174],[8.00763,48.04095],[8.00707,48.04061],[8.00657,48.04074],[8.00653,48.04004],[8.00639,48.03972],[8.00619,48.03947],[8.0059,48.03916],[8.00532,48.03804],[8.00492,48.03751],[8.00634,48.03735],[8.00643,48.03684],[8.00681,48.03661],[8.00696,48.03599],[8.00689,48.03528],[8.00699,48.03465],[8.00698,48.03424],[8.00707,48.03365],[8.00734,48.03223],[8.00785,48.03098],[8.00799,48.03015],[8.00889,48.02985],[8.00901,48.02951],[8.00896,48.02901],[8.00921,48.02872],[8.00953,48.02851],[8.00939,48.02833],[8.00942,48.02832],[8.00954,48.02828],[8.00971,48.02817],[8.01002,48.02809],[8.01008,48.02803],[8.01001,48.02792],[8.00992,48.02777],[8.00934,48.02702],[8.00855,48.02571],[8.00817,48.02539],[8.00753,48.02604],[8.00726,48.02606],[8.0068,48.02621],[8.0063,48.02629],[8.00578,48.02635],[8.00533,48.02633],[8.00482,48.02649],[8.00459,48.02664],[8.00422,48.02695],[8.00405,48.0272],[8.00357,48.02751],[8.0041,48.02799],[8.00416,48.02813],[8.00377,48.02833],[8.00365,48.02852],[8.00341,48.02873],[8.00304,48.02895],[8.00266,48.02904],[8.00202,48.02909],[8.00149,48.0291],[8.00158,48.02867],[8.00172,48.02828],[8.00187,48.02772],[8.00131,48.02752],[8.0009,48.02729],[8.00064,48.02705],[8.00007,48.02738],[7.99969,48.02729],[7.99928,48.02685],[7.99904,48.02654],[7.99822,48.02686],[7.99773,48.02676],[7.9975,48.02637],[7.99742,48.02604],[7.99669,48.02587],[7.99619,48.02565],[7.99556,48.02478],[7.9954,48.02434],[7.99509,48.02367],[7.99503,48.02327],[7.9949,48.02279],[7.99511,48.02255],[7.99518,48.02204],[7.99607,48.02205],[7.99674,48.02219],[7.99723,48.02219],[7.99796,48.02219],[7.9995,48.02182],[8.00028,48.02189],[8.00043,48.02193],[8.00068,48.022],[8.00092,48.02204],[8.00091,48.02205],[8.00143,48.02216],[8.00166,48.02222],[8.0022,48.02236],[8.00262,48.02253],[8.00347,48.02288],[8.00363,48.02285],[8.00427,48.02274],[8.00473,48.02265],[8.00533,48.02255],[8.00537,48.02229],[8.0051,48.02199],[8.00517,48.02096],[8.00497,48.02041],[8.00479,48.02011],[8.00393,48.01902],[8.00589,48.0177],[8.00584,48.0172],[8.00673,48.01745],[8.00739,48.01764],[8.00808,48.01729],[8.0094,48.01666],[8.00956,48.01659],[8.01076,48.01621],[8.01091,48.01566],[8.01093,48.01533],[8.01101,48.01437],[8.01076,48.01385],[8.01027,48.01302],[8.01019,48.01287],[8.01014,48.01278],[8.00932,48.01273],[8.00877,48.01244],[8.00859,48.01237],[8.00837,48.01237],[8.00809,48.01242],[8.00786,48.01213],[8.00751,48.01216],[8.00717,48.01187],[8.00709,48.01183],[8.00748,48.01176],[8.00776,48.01175],[8.00809,48.01173],[8.00807,48.01166],[8.00817,48.01164],[8.00827,48.01154],[8.00829,48.01149],[8.00821,48.01127],[8.00816,48.01119],[8.00825,48.01123],[8.00837,48.01132],[8.00846,48.01134],[8.00849,48.01144],[8.0086,48.01155],[8.00894,48.01176],[8.00907,48.0119],[8.00918,48.01193],[8.00924,48.01197],[8.0094,48.01197],[8.0095,48.01195],[8.0096,48.01193],[8.00973,48.01192],[8.00982,48.01199],[8.01,48.01206],[8.01019,48.01211],[8.01032,48.01216],[8.01045,48.01222],[8.01061,48.01221],[8.01075,48.01214],[8.01086,48.01211],[8.01098,48.01205],[8.01133,48.01204],[8.0115,48.01199],[8.01164,48.01193],[8.01174,48.01191],[8.01196,48.01191],[8.01205,48.01184],[8.01222,48.01183],[8.01236,48.01181],[8.01248,48.01182],[8.01256,48.01185],[8.0126,48.0119],[8.01262,48.01197],[8.01268,48.01202],[8.01285,48.01208],[8.01299,48.01211],[8.01311,48.01209],[8.01336,48.01216],[8.01351,48.01219],[8.0136,48.01218],[8.01397,48.01208],[8.01399,48.01207],[8.01415,48.01205],[8.01429,48.01204],[8.01442,48.01209],[8.01456,48.01183],[8.01397,48.01186],[8.01408,48.0116],[8.01452,48.0114],[8.01496,48.0111],[8.01533,48.0107],[8.0156,48.01037],[8.01572,48.01022],[8.01603,48.00983],[8.01616,48.00945],[8.01645,48.00883],[8.01668,48.00826],[8.01682,48.0078]]]]}},{"type":"Feature","properties":{"id":"freiburg","name":"Freiburg im Breisgau"},"geometry":{"type":"Polygon","coordinates":[[[7.9028,47.91233],[7.90353,47.91262],[7.90461,47.91308],[7.90487,47.91344],[7.90711,47.91394],[7.90841,47.91432],[7.90953,47.91544],[7.90991,47.91747],[7.91005,47.91823],[7.90919,47.91958],[7.90841,47.92112],[7.90744,47.92317],[7.90664,47.92434],[7.90812,47.92801],[7.90829,47.92847],[7.9091,47.92908],[7.91116,47.92935],[7.9118,47.92964],[7.9126,47.92976],[7.91411,47.93084],[7.91464,47.93128],[7.91494,47.93167],[7.9158,47.93355],[7.91692,47.93479],[7.91726,47.93508],[7.91819,47.93518],[7.91851,47.93529],[7.91862,47.93543],[7.91881,47.93552],[7.91971,47.93559],[7.92002,47.93567],[7.92199,47.93684],[7.92212,47.93696],[7.92242,47.93724],[7.92249,47.93733],[7.92257,47.93742],[7.92323,47.9382],[7.92384,47.93879],[7.92417,47.93931],[7.92487,47.94009],[7.92434,47.94084],[7.9242,47.94124],[7.92418,47.94148],[7.92465,47.94379],[7.92492,47.94457],[7.92492,47.94475],[7.92492,47.94502],[7.92475,47.94582],[7.92458,47.94647],[7.92426,47.94723],[7.92425,47.94769],[7.92435,47.94797],[7.92435,47.94858],[7.92417,47.94924],[7.92418,47.94953],[7.92436,47.95011],[7.92414,47.95019],[7.92429,47.95051],[7.92474,47.95104],[7.92373,47.95136],[7.92331,47.95182],[7.92261,47.95221],[7.92202,47.95269],[7.9213,47.95305],[7.92073,47.95344],[7.9198,47.95421],[7.91935,47.95496],[7.91913,47.95533],[7.91894,47.95572],[7.91895,47.956],[7.91874,47.9567],[7.9191,47.95728],[7.91716,47.95805],[7.91701,47.95859],[7.91722,47.95899],[7.91714,47.95914],[7.9168,47.9594],[7.91608,47.96023],[7.91589,47.9607],[7.91568,47.96169],[7.91534,47.96232],[7.91473,47.96294],[7.91512,47.96341],[7.9152,47.96444],[7.91524,47.96502],[7.91549,47.96547],[7.91592,47.96587],[7.91638,47.96618],[7.91651,47.96626],[7.91699,47.96658],[7.91783,47.96726],[7.91798,47.96762],[7.9197,47.96734],[7.92179,47.96744],[7.92198,47.96831],[7.92263,47.96967],[7.92371,47.96987],[7.92438,47.97059],[7.92452,47.97074],[7.92433,47.97094],[7.92393,47.97126],[7.92332,47.97163],[7.92268,47.97192],[7.92159,47.97236],[7.92111,47.97258],[7.92167,47.97346],[7.92144,47.97361],[7.92138,47.97365],[7.92143,47.97367],[7.92138,47.9737],[7.92127,47.97381],[7.9209,47.97409],[7.92066,47.97446],[7.92049,47.9745],[7.92026,47.97451],[7.9198,47.97448],[7.91957,47.97448],[7.91941,47.9745],[7.91869,47.97468],[7.91846,47.97465],[7.91815,47.97459],[7.91789,47.97462],[7.91761,47.97473],[7.91746,47.97488],[7.91739,47.97503],[7.91738,47.97515],[7.9174,47.97526],[7.91751,47.9754],[7.91766,47.97553],[7.91782,47.97573],[7.9178,47.97587],[7.91775,47.97602],[7.91755,47.97618],[7.91733,47.97624],[7.91693,47.97639],[7.91667,47.97657],[7.91642,47.97678],[7.91633,47.97686],[7.9162,47.97717],[7.91606,47.9774],[7.9158,47.97756],[7.91538,47.97781],[7.91518,47.97799],[7.91487,47.97847],[7.9147,47.97873],[7.91451,47.97896],[7.91435,47.97911],[7.91398,47.97941],[7.91409,47.97941],[7.91495,47.97941],[7.91599,47.97953],[7.92441,47.98084],[7.92489,47.98087],[7.92507,47.98117],[7.92522,47.98166],[7.92521,47.98193],[7.92526,47.98251],[7.92532,47.98302],[7.92524,47.98515],[7.92523,47.98527],[7.92519,47.98553],[7.92764,47.98573],[7.92771,47.9857],[7.92831,47.98583],[7.92806,47.98614],[7.92783,47.98638],[7.9275,47.98665],[7.92683,47.9871],[7.92668,47.98725],[7.92669,47.98727],[7.92669,47.98734],[7.92682,47.98751],[7.92689,47.98761],[7.92687,47.98767],[7.92685,47.98769],[7.92687,47.98774],[7.92716,47.98818],[7.92753,47.98867],[7.92766,47.98923],[7.92928,47.98862],[7.93019,47.98985],[7.9303,47.9901],[7.93039,47.99057],[7.93057,47.99075],[7.9308,47.99099],[7.93084,47.99113],[7.93055,47.99169],[7.93052,47.99189],[7.93067,47.99227],[7.93059,47.99247],[7.92996,47.99364],[7.92995,47.99445],[7.9302,47.99507],[7.9302,47.99539],[7.92967,47.99623],[7.92906,47.99671],[7.92912,47.99719],[7.92933,47.99754],[7.928,47.99865],[7.92802,47.99941],[7.92791,47.99972],[7.92752,48.00019],[7.92728,48.00067],[7.92717,48.0011],[7.92721,48.00134],[7.92777,48.002],[7.92815,48.0026],[7.92803,48.00485],[7.92785,48.00598],[7.92863,48.00823],[7.92863,48.00855],[7.92839,48.00882],[7.9282,48.01085],[7.92779,48.01116],[7.92733,48.01242],[7.92699,48.01284],[7.92664,48.01313],[7.92627,48.01381],[7.92546,48.0139],[7.92455,48.01406],[7.92388,48.01434],[7.92344,48.01476],[7.92298,48.01508],[7.9224,48.0153],[7.92188,48.01563],[7.92,48.01496],[7.91912,48.01455],[7.91773,48.01405],[7.9167,48.01373],[7.9166,48.01369],[7.91563,48.01296],[7.91496,48.0127],[7.91468,48.0124],[7.91426,48.01207],[7.9142,48.01213],[7.91294,48.01187],[7.91237,48.01224],[7.91187,48.0125],[7.91148,48.01273],[7.91073,48.01302],[7.91038,48.01297],[7.9102,48.0129],[7.90947,48.0129],[7.90821,48.01314],[7.90777,48.01319],[7.90722,48.01325],[7.90651,48.01296],[7.90624,48.01293],[7.90581,48.01283],[7.90495,48.01281],[7.90402,48.01237],[7.90363,48.01192],[7.90351,48.01153],[7.90316,48.01119],[7.9021,48.01045],[7.90172,48.01002],[7.90051,48.01004],[7.89893,48.0101],[7.8971,48.01014],[7.895,48.0102],[7.89121,48.01029],[7.88964,48.01018],[7.88769,48.01024],[7.8874,48.01035],[7.887,48.01049],[7.88656,48.01062],[7.88611,48.01076],[7.88482,48.01129],[7.88435,48.01171],[7.88417,48.01177],[7.88297,48.01201],[7.88211,48.01236],[7.88095,48.01257],[7.87935,48.01295],[7.87863,48.01328],[7.87612,48.01411],[7.87584,48.01431],[7.87468,48.01511],[7.87404,48.01521],[7.87303,48.01592],[7.8725,48.01652],[7.87245,48.01664],[7.87236,48.01718],[7.87236,48.01751],[7.87253,48.01909],[7.87285,48.01962],[7.87312,48.01987],[7.87382,48.0203],[7.87442,48.02038],[7.87565,48.02109],[7.87606,48.02106],[7.87671,48.02081],[7.87705,48.02061],[7.8774,48.02057],[7.87781,48.0203],[7.87779,48.02016],[7.87803,48.02011],[7.87822,48.02001],[7.87846,48.01998],[7.87861,48.01977],[7.87906,48.01953],[7.87915,48.01934],[7.87987,48.01894],[7.88049,48.01954],[7.88133,48.01999],[7.88309,48.02073],[7.88437,48.02139],[7.88447,48.02127],[7.88484,48.02077],[7.88523,48.02058],[7.88595,48.02002],[7.88632,48.01959],[7.88635,48.01931],[7.8862,48.01888],[7.88638,48.01857],[7.88656,48.01842],[7.88727,48.01803],[7.88777,48.01763],[7.88826,48.01734],[7.88846,48.01723],[7.88851,48.01685],[7.88902,48.01657],[7.8894,48.0165],[7.88955,48.01653],[7.89211,48.01688],[7.89304,48.01666],[7.89412,48.01658],[7.89468,48.01645],[7.89505,48.01627],[7.89571,48.0158],[7.89645,48.01549],[7.89706,48.01544],[7.89757,48.01537],[7.89783,48.01548],[7.898,48.01554],[7.89783,48.01575],[7.89717,48.01671],[7.89705,48.01689],[7.89636,48.01755],[7.89556,48.01814],[7.89495,48.01849],[7.89425,48.01886],[7.89394,48.01907],[7.89341,48.01928],[7.89303,48.0193],[7.89236,48.01928],[7.89092,48.01929],[7.89025,48.01975],[7.88964,48.02013],[7.88879,48.02031],[7.88802,48.02081],[7.88746,48.0211],[7.88678,48.02156],[7.88666,48.02165],[7.88636,48.02219],[7.88599,48.02266],[7.88499,48.02292],[7.88481,48.02282],[7.88461,48.0227],[7.88448,48.02262],[7.88429,48.02239],[7.88391,48.02224],[7.88367,48.02219],[7.88313,48.02242],[7.88288,48.02242],[7.88235,48.02247],[7.88225,48.0225],[7.88206,48.02274],[7.88181,48.02306],[7.88168,48.02324],[7.88162,48.02336],[7.88153,48.02345],[7.88141,48.02362],[7.88133,48.02374],[7.88126,48.02391],[7.88118,48.02402],[7.88074,48.02495],[7.88019,48.02548],[7.8796,48.02604],[7.87852,48.02686],[7.87844,48.027],[7.87807,48.02796],[7.87779,48.02844],[7.8767,48.02978],[7.87613,48.03061],[7.87576,48.03118],[7.8755,48.03133],[7.87473,48.03099],[7.87402,48.03059],[7.87378,48.03043],[7.87344,48.0302],[7.87328,48.03003],[7.87304,48.02956],[7.87283,48.02955],[7.87281,48.02969],[7.87257,48.02981],[7.87224,48.02981],[7.87208,48.02974],[7.8718,48.02973],[7.87103,48.02988],[7.87092,48.03064],[7.87081,48.03081],[7.87063,48.03106],[7.87071,48.0311],[7.8709,48.03112],[7.87087,48.03118],[7.87057,48.03178],[7.87031,48.03213],[7.87008,48.03227],[7.86971,48.03248],[7.86942,48.03261],[7.8691,48.03274],[7.86842,48.03305],[7.86817,48.03316],[7.86808,48.0332],[7.86794,48.03326],[7.8677,48.03346],[7.86751,48.03361],[7.86736,48.03372],[7.86721,48.03392],[7.86699,48.03407],[7.86689,48.03411],[7.86668,48.0342],[7.86638,48.03432],[7.86622,48.03438],[7.86566,48.03455],[7.86515,48.03474],[7.86471,48.03488],[7.86437,48.03496],[7.86397,48.03505],[7.8639,48.03507],[7.86388,48.03507],[7.86377,48.03509],[7.86365,48.03511],[7.86351,48.03513],[7.86335,48.03514],[7.86246,48.03522],[7.86166,48.03521],[7.8613,48.03512],[7.86115,48.03509],[7.86109,48.03508],[7.86101,48.03505],[7.86094,48.03504],[7.86085,48.03503],[7.86079,48.03503],[7.86071,48.03502],[7.86051,48.035],[7.86038,48.03499],[7.86017,48.03506],[7.86,48.03512],[7.85948,48.03528],[7.85881,48.03542],[7.85871,48.03546],[7.85854,48.03559],[7.85719,48.03623],[7.85714,48.03646],[7.85628,48.03669],[7.85592,48.03676],[7.85545,48.03688],[7.85442,48.03665],[7.85434,48.03717],[7.8543,48.03767],[7.85431,48.03987],[7.85448,48.0402],[7.85438,48.0419],[7.85436,48.04207],[7.85429,48.04217],[7.85422,48.04245],[7.85413,48.04337],[7.85412,48.04392],[7.85383,48.04464],[7.85364,48.04485],[7.85361,48.04489],[7.85361,48.04491],[7.8535,48.04513],[7.85338,48.0456],[7.85312,48.04652],[7.85223,48.04836],[7.85128,48.05029],[7.85119,48.05043],[7.85117,48.05051],[7.85113,48.05054],[7.85111,48.05056],[7.85098,48.05072],[7.85037,48.05136],[7.84864,48.05189],[7.84779,48.05213],[7.847,48.05227],[7.8464,48.05233],[7.84616,48.05238],[7.84602,48.05243],[7.84581,48.05258],[7.84525,48.05298],[7.84444,48.05356],[7.84316,48.05447],[7.84187,48.05488],[7.84038,48.05536],[7.83925,48.05572],[7.83845,48.05625],[7.83587,48.05792],[7.83478,48.05863],[7.83408,48.05957],[7.83359,48.06048],[7.83274,48.06157],[7.83248,48.06186],[7.83213,48.06209],[7.83184,48.06232],[7.83097,48.06293],[7.83059,48.06319],[7.82996,48.06365],[7.82912,48.06426],[7.82789,48.06525],[7.82742,48.0656],[7.82688,48.06613],[7.82675,48.06629],[7.82655,48.06651],[7.82613,48.06699],[7.82567,48.0675],[7.82553,48.06768],[7.82526,48.06805],[7.82509,48.06823],[7.82501,48.06835],[7.82491,48.06853],[7.82486,48.06866],[7.82476,48.0689],[7.82446,48.06901],[7.82367,48.06934],[7.8232,48.06954],[7.82276,48.06972],[7.82226,48.06993],[7.82163,48.07005],[7.82095,48.07019],[7.82052,48.07027],[7.82009,48.07036],[7.81971,48.07018],[7.81894,48.06992],[7.8178,48.06957],[7.81766,48.06955],[7.81754,48.06957],[7.81742,48.06962],[7.81495,48.07106],[7.8109,48.06808],[7.80824,48.06607],[7.80669,48.06489],[7.8052,48.06375],[7.80583,48.06299],[7.80609,48.06237],[7.80589,48.0619],[7.80572,48.06184],[7.80537,48.06169],[7.80462,48.06139],[7.80419,48.06124],[7.80403,48.06118],[7.80385,48.06112],[7.80382,48.06112],[7.80367,48.06107],[7.8035,48.06103],[7.80326,48.06103],[7.80277,48.06104],[7.80275,48.06104],[7.80273,48.06104],[7.80207,48.06106],[7.80184,48.06107],[7.80113,48.06105],[7.80083,48.06104],[7.80012,48.06101],[7.79917,48.06098],[7.79859,48.06098],[7.79734,48.061],[7.7969,48.06099],[7.79648,48.06097],[7.79634,48.06096],[7.79631,48.06089],[7.79596,48.06001],[7.79596,48.05999],[7.79594,48.05997],[7.79558,48.05919],[7.79549,48.05903],[7.79553,48.05903],[7.79561,48.05903],[7.79634,48.05899],[7.79697,48.05898],[7.79653,48.05805],[7.79651,48.05801],[7.79595,48.05692],[7.79593,48.05689],[7.79529,48.05552],[7.79526,48.05547],[7.79525,48.05543],[7.79545,48.05531],[7.79438,48.05462],[7.793,48.05371],[7.79293,48.05366],[7.79291,48.05365],[7.79288,48.05363],[7.79293,48.05363],[7.79306,48.05362],[7.79364,48.05359],[7.7939,48.05357],[7.79432,48.05356],[7.79492,48.05355],[7.79512,48.05356],[7.79542,48.05355],[7.79606,48.05353],[7.79628,48.05347],[7.79615,48.05303],[7.79603,48.05266],[7.79601,48.0526],[7.796,48.05258],[7.796,48.05254],[7.79597,48.05248],[7.79517,48.05218],[7.79506,48.05158],[7.79503,48.05143],[7.79502,48.05135],[7.79478,48.04963],[7.79456,48.04889],[7.79448,48.04863],[7.7944,48.04839],[7.79433,48.04799],[7.79428,48.04755],[7.7942,48.047],[7.79405,48.04652],[7.79383,48.0461],[7.79354,48.04563],[7.79317,48.04509],[7.79313,48.04503],[7.79405,48.04475],[7.79341,48.04382],[7.79339,48.04377],[7.79331,48.04378],[7.79322,48.04375],[7.79318,48.04373],[7.79288,48.04362],[7.79126,48.04291],[7.79197,48.04243],[7.79174,48.04226],[7.79173,48.04221],[7.7917,48.04204],[7.79106,48.03957],[7.79089,48.0389],[7.79081,48.03858],[7.79076,48.03839],[7.79056,48.03738],[7.79043,48.03663],[7.78997,48.03605],[7.78791,48.03321],[7.78812,48.03276],[7.78738,48.03278],[7.78729,48.03264],[7.78728,48.03263],[7.78715,48.03237],[7.78693,48.03207],[7.78844,48.02998],[7.78983,48.02815],[7.79015,48.02765],[7.79034,48.02736],[7.79024,48.0273],[7.79019,48.02727],[7.78932,48.02675],[7.78912,48.02666],[7.78844,48.02625],[7.78747,48.02578],[7.78684,48.02554],[7.78644,48.02541],[7.78617,48.02532],[7.78587,48.02527],[7.78548,48.02525],[7.7848,48.02526],[7.78313,48.02531],[7.78223,48.02533],[7.7818,48.0254],[7.78148,48.02555],[7.78133,48.02561],[7.78114,48.02573],[7.78098,48.02589],[7.78058,48.02571],[7.7802,48.02545],[7.78028,48.0254],[7.78038,48.02532],[7.78056,48.02518],[7.78114,48.02465],[7.78118,48.02448],[7.78119,48.02445],[7.78124,48.0242],[7.78125,48.02366],[7.78123,48.0233],[7.78118,48.023],[7.78113,48.02278],[7.78094,48.02253],[7.78062,48.02224],[7.78033,48.02202],[7.77997,48.02171],[7.77975,48.02157],[7.77924,48.02125],[7.77841,48.02074],[7.77753,48.0202],[7.77644,48.01953],[7.77588,48.01917],[7.77442,48.0182],[7.77329,48.01736],[7.77186,48.01637],[7.77114,48.0158],[7.76936,48.01434],[7.76972,48.01499],[7.76977,48.01511],[7.76966,48.01596],[7.76957,48.01708],[7.76783,48.01791],[7.76762,48.01833],[7.76748,48.0185],[7.76659,48.01911],[7.76633,48.0192],[7.76589,48.01932],[7.76483,48.0195],[7.7642,48.01968],[7.7638,48.01981],[7.76343,48.01995],[7.76271,48.02035],[7.76256,48.02046],[7.76247,48.02055],[7.76244,48.02066],[7.76247,48.02073],[7.76263,48.02095],[7.76194,48.02112],[7.76165,48.02121],[7.76054,48.02148],[7.76022,48.02163],[7.7598,48.02184],[7.75898,48.02222],[7.75884,48.02195],[7.75879,48.02185],[7.75878,48.02175],[7.75877,48.02162],[7.75888,48.0213],[7.75892,48.02101],[7.75893,48.02026],[7.75882,48.01994],[7.75819,48.01884],[7.75759,48.01906],[7.75403,48.0203],[7.7514,48.02142],[7.75159,48.02284],[7.75153,48.02294],[7.75098,48.02327],[7.75021,48.02371],[7.74942,48.02412],[7.74865,48.02458],[7.74807,48.02494],[7.74753,48.0253],[7.74744,48.02536],[7.74734,48.02543],[7.74729,48.02546],[7.74711,48.02557],[7.7468,48.02564],[7.74666,48.02563],[7.74623,48.02572],[7.74612,48.02581],[7.74629,48.02636],[7.74393,48.02666],[7.7439,48.02693],[7.74325,48.02704],[7.74305,48.02734],[7.74252,48.0276],[7.74184,48.02767],[7.74174,48.02807],[7.74103,48.02835],[7.74036,48.02897],[7.74009,48.02991],[7.73943,48.02978],[7.73887,48.03011],[7.73838,48.03046],[7.73781,48.03087],[7.737,48.03081],[7.73633,48.03119],[7.73604,48.03136],[7.73564,48.0318],[7.73513,48.03209],[7.73381,48.03282],[7.7338,48.0329],[7.73373,48.03359],[7.73383,48.03374],[7.73391,48.03398],[7.73407,48.03448],[7.73437,48.03601],[7.7345,48.03644],[7.7342,48.03665],[7.73346,48.03727],[7.73327,48.03744],[7.73337,48.03775],[7.73364,48.03839],[7.73359,48.03877],[7.73343,48.03869],[7.73331,48.03862],[7.73295,48.03846],[7.73272,48.03836],[7.7326,48.03834],[7.73238,48.03835],[7.73212,48.03838],[7.73182,48.03842],[7.7315,48.03786],[7.73075,48.03822],[7.73053,48.03829],[7.73035,48.03825],[7.72918,48.03737],[7.72913,48.03737],[7.72882,48.03742],[7.72806,48.03693],[7.72789,48.03682],[7.72775,48.03668],[7.72759,48.03647],[7.72751,48.03636],[7.72726,48.03576],[7.7272,48.03577],[7.72709,48.03578],[7.72649,48.03582],[7.72645,48.03572],[7.72638,48.03572],[7.72635,48.03573],[7.72633,48.03573],[7.7259,48.03574],[7.72584,48.03569],[7.72529,48.03503],[7.72404,48.03515],[7.72359,48.03448],[7.72349,48.03432],[7.72347,48.03428],[7.72334,48.03419],[7.72313,48.03424],[7.72304,48.03427],[7.72294,48.03427],[7.72281,48.03425],[7.72277,48.03424],[7.72264,48.03421],[7.7224,48.0341],[7.72203,48.03399],[7.72178,48.03387],[7.72175,48.03385],[7.72163,48.0338],[7.7216,48.03382],[7.72158,48.03384],[7.72156,48.03385],[7.72061,48.03429],[7.7206,48.0343],[7.72058,48.03431],[7.72056,48.03431],[7.72049,48.03423],[7.72017,48.03427],[7.71967,48.03433],[7.71965,48.03434],[7.7196,48.03434],[7.71956,48.03435],[7.71963,48.0346],[7.71964,48.03463],[7.71962,48.03464],[7.71873,48.03475],[7.71869,48.03475],[7.71866,48.03475],[7.71862,48.03476],[7.71855,48.03433],[7.71854,48.03431],[7.71806,48.03433],[7.718,48.03433],[7.71785,48.03434],[7.71774,48.03435],[7.71761,48.03437],[7.71687,48.03446],[7.71674,48.03447],[7.71672,48.03439],[7.7167,48.03428],[7.71666,48.03416],[7.71667,48.03408],[7.7167,48.03387],[7.71671,48.03364],[7.71664,48.03344],[7.71631,48.03339],[7.71627,48.03339],[7.71621,48.03338],[7.71614,48.03337],[7.7159,48.03334],[7.71556,48.03329],[7.71553,48.03329],[7.71506,48.03322],[7.71504,48.03322],[7.71503,48.03322],[7.71431,48.03312],[7.71382,48.03305],[7.71369,48.03303],[7.71372,48.03315],[7.71388,48.03381],[7.71383,48.03382],[7.71381,48.03382],[7.71377,48.03383],[7.71282,48.03395],[7.71279,48.03395],[7.71275,48.03396],[7.71265,48.03381],[7.71259,48.03383],[7.71236,48.0339],[7.71227,48.03393],[7.71177,48.03409],[7.71134,48.03422],[7.71133,48.03422],[7.71132,48.03423],[7.71028,48.03457],[7.71022,48.0346],[7.71019,48.03461],[7.70966,48.03484],[7.70915,48.03502],[7.70912,48.03503],[7.70841,48.0353],[7.70792,48.0349],[7.70772,48.03473],[7.70722,48.03439],[7.70755,48.03422],[7.70672,48.03319],[7.70692,48.03309],[7.70666,48.03277],[7.7063,48.03236],[7.70555,48.0317],[7.70479,48.03081],[7.70478,48.03081],[7.70487,48.03078],[7.70524,48.03067],[7.70516,48.0306],[7.70494,48.03028],[7.70479,48.02997],[7.70478,48.02994],[7.70474,48.02984],[7.70471,48.02971],[7.7042,48.02925],[7.70424,48.02912],[7.70418,48.02891],[7.704,48.02889],[7.70354,48.02881],[7.70292,48.02829],[7.70258,48.0281],[7.70234,48.02788],[7.70217,48.02777],[7.70226,48.02753],[7.70273,48.02753],[7.703,48.0271],[7.70295,48.02703],[7.70238,48.02689],[7.70183,48.0269],[7.70168,48.02676],[7.70163,48.02655],[7.70176,48.02629],[7.70196,48.02616],[7.70243,48.02611],[7.70244,48.02602],[7.70302,48.02608],[7.70335,48.02601],[7.70344,48.02596],[7.70357,48.0253],[7.70377,48.02513],[7.70376,48.02499],[7.70376,48.02494],[7.70372,48.02403],[7.70371,48.02399],[7.7037,48.02395],[7.70369,48.0239],[7.70361,48.02374],[7.7035,48.02356],[7.70333,48.02337],[7.7033,48.02334],[7.70329,48.02333],[7.70401,48.02312],[7.70325,48.02192],[7.70325,48.02192],[7.70305,48.0216],[7.70294,48.02146],[7.70296,48.02145],[7.70309,48.02144],[7.70343,48.02143],[7.70391,48.02143],[7.704,48.02143],[7.70399,48.0214],[7.70396,48.02134],[7.70375,48.0205],[7.70458,48.02038],[7.70453,48.02028],[7.70422,48.01971],[7.70382,48.01912],[7.70381,48.01909],[7.70362,48.01909],[7.70361,48.01869],[7.7036,48.01865],[7.70456,48.01854],[7.70454,48.01852],[7.70401,48.01786],[7.70401,48.01785],[7.704,48.01784],[7.70499,48.01756],[7.70495,48.01752],[7.70428,48.01675],[7.70425,48.01672],[7.70422,48.01669],[7.70586,48.01631],[7.70602,48.01626],[7.70512,48.01544],[7.70537,48.01529],[7.70566,48.01519],[7.70553,48.01506],[7.70552,48.01482],[7.70543,48.01454],[7.70533,48.01431],[7.70556,48.01412],[7.70575,48.01404],[7.70529,48.01308],[7.70488,48.01223],[7.7047,48.01183],[7.70487,48.0118],[7.70601,48.01161],[7.70684,48.01139],[7.70748,48.01122],[7.70789,48.0112],[7.70815,48.01124],[7.70816,48.01124],[7.70821,48.01122],[7.70828,48.0112],[7.70838,48.01118],[7.70842,48.01113],[7.70841,48.01103],[7.70771,48.0108],[7.70525,48.00996],[7.70514,48.00992],[7.70212,48.009],[7.70205,48.00902],[7.70082,48.00853],[7.6997,48.00805],[7.69919,48.00847],[7.69707,48.00728],[7.69636,48.0069],[7.69581,48.00654],[7.69537,48.00613],[7.69527,48.00601],[7.69502,48.00575],[7.69491,48.00565],[7.69485,48.0056],[7.69451,48.00548],[7.69431,48.00548],[7.69426,48.00537],[7.69408,48.00508],[7.69404,48.005],[7.69403,48.00493],[7.69389,48.00463],[7.69327,48.00469],[7.69321,48.00445],[7.69337,48.00443],[7.69397,48.00435],[7.69395,48.00431],[7.69386,48.00414],[7.69384,48.0041],[7.69374,48.00389],[7.69372,48.00386],[7.69344,48.00382],[7.69323,48.00378],[7.6928,48.00364],[7.69221,48.0034],[7.6917,48.00322],[7.69119,48.00301],[7.68978,48.00246],[7.68931,48.00224],[7.68899,48.00209],[7.68895,48.00204],[7.68876,48.00195],[7.68835,48.00171],[7.68815,48.00156],[7.68789,48.00137],[7.68761,48.00119],[7.68734,48.00102],[7.68713,48.00083],[7.68667,48.00046],[7.68638,48.00028],[7.68612,48.00012],[7.68583,47.99998],[7.68549,47.99982],[7.68517,47.99967],[7.68513,47.99971],[7.68462,47.99951],[7.68357,47.9991],[7.68272,47.99876],[7.68273,47.99872],[7.68246,47.99863],[7.68227,47.99857],[7.6821,47.99848],[7.68181,47.99832],[7.68179,47.99834],[7.68177,47.99835],[7.68154,47.99821],[7.68099,47.99781],[7.68104,47.99779],[7.68041,47.99726],[7.68038,47.99727],[7.67991,47.99685],[7.67962,47.99659],[7.67966,47.99654],[7.67915,47.99606],[7.67897,47.99579],[7.67891,47.99581],[7.67873,47.99555],[7.67848,47.99524],[7.6784,47.99497],[7.67837,47.99488],[7.67829,47.99474],[7.67831,47.99472],[7.67852,47.99404],[7.67914,47.99341],[7.67969,47.99301],[7.67939,47.99288],[7.67925,47.99256],[7.67912,47.99214],[7.67879,47.99166],[7.67897,47.99163],[7.67946,47.99152],[7.67972,47.99147],[7.67967,47.99135],[7.67966,47.99131],[7.6798,47.99126],[7.68036,47.99107],[7.68049,47.99101],[7.68062,47.99093],[7.68116,47.99063],[7.6812,47.99059],[7.68144,47.99046],[7.6809,47.98994],[7.68139,47.98975],[7.68213,47.98918],[7.68243,47.98941],[7.68274,47.98964],[7.683,47.98957],[7.68363,47.98933],[7.68353,47.98924],[7.68343,47.98912],[7.68401,47.98886],[7.68372,47.98851],[7.68376,47.9885],[7.68376,47.98849],[7.68408,47.98833],[7.68427,47.98823],[7.68444,47.98825],[7.68488,47.98807],[7.68477,47.98796],[7.68454,47.98775],[7.68436,47.98752],[7.68387,47.98704],[7.68368,47.98705],[7.68366,47.98692],[7.68357,47.98676],[7.68349,47.98657],[7.68341,47.98635],[7.68346,47.9863],[7.6833,47.98594],[7.68325,47.98578],[7.68312,47.98541],[7.68294,47.98502],[7.68282,47.98478],[7.68285,47.98477],[7.68334,47.98466],[7.68312,47.98432],[7.68292,47.98393],[7.68286,47.98382],[7.68283,47.98375],[7.68265,47.98359],[7.68251,47.98342],[7.68248,47.98341],[7.6824,47.98337],[7.68227,47.9833],[7.68217,47.98325],[7.68199,47.98332],[7.68191,47.98337],[7.68187,47.98332],[7.68182,47.98328],[7.68181,47.98326],[7.68172,47.98329],[7.68138,47.9834],[7.68115,47.98348],[7.68089,47.98356],[7.68071,47.98349],[7.68066,47.98347],[7.68051,47.98342],[7.68027,47.98326],[7.68022,47.98321],[7.68014,47.98299],[7.68013,47.98293],[7.68014,47.98276],[7.68017,47.98263],[7.68016,47.98249],[7.68019,47.98229],[7.68017,47.98211],[7.67992,47.98157],[7.67986,47.98145],[7.67959,47.98076],[7.67956,47.9807],[7.67943,47.98081],[7.67927,47.98061],[7.67919,47.98048],[7.67891,47.98018],[7.67859,47.9797],[7.67842,47.9794],[7.67826,47.97902],[7.67816,47.97863],[7.67812,47.97835],[7.67849,47.97822],[7.67894,47.97805],[7.67895,47.97803],[7.67908,47.97781],[7.67909,47.97781],[7.67889,47.97732],[7.67884,47.9772],[7.67879,47.97708],[7.67877,47.97694],[7.67879,47.97689],[7.67881,47.97682],[7.67866,47.97682],[7.67856,47.97682],[7.67842,47.97681],[7.67837,47.97681],[7.6783,47.97678],[7.67828,47.97671],[7.67825,47.97656],[7.67826,47.97643],[7.67827,47.97632],[7.67835,47.97615],[7.6784,47.97609],[7.67853,47.97591],[7.67851,47.97591],[7.67812,47.9758],[7.67805,47.97578],[7.67763,47.97567],[7.67782,47.97546],[7.67813,47.97523],[7.67842,47.97509],[7.67848,47.97506],[7.67842,47.97504],[7.67828,47.975],[7.67815,47.97496],[7.67808,47.97493],[7.67802,47.97492],[7.67801,47.97491],[7.67788,47.97487],[7.6778,47.97484],[7.67771,47.97483],[7.6773,47.97476],[7.67717,47.97474],[7.67707,47.97482],[7.67691,47.97488],[7.6766,47.97465],[7.67658,47.97462],[7.67645,47.97457],[7.67645,47.97457],[7.676,47.97442],[7.67588,47.97439],[7.67584,47.97437],[7.67557,47.97429],[7.6755,47.97427],[7.67531,47.97424],[7.67506,47.97435],[7.67481,47.97437],[7.67476,47.97437],[7.6747,47.97437],[7.67462,47.97438],[7.67393,47.97433],[7.67365,47.97433],[7.67348,47.97424],[7.67246,47.97412],[7.67129,47.97407],[7.67125,47.97407],[7.6714,47.97386],[7.67028,47.97377],[7.67009,47.97396],[7.66909,47.97355],[7.66928,47.9733],[7.66936,47.97318],[7.66922,47.97322],[7.66907,47.97326],[7.66757,47.97363],[7.66756,47.97361],[7.66713,47.97289],[7.66711,47.97286],[7.66695,47.97256],[7.66687,47.97233],[7.66669,47.9723],[7.66676,47.9721],[7.66679,47.97197],[7.66662,47.97154],[7.66658,47.97139],[7.66654,47.97122],[7.66609,47.97128],[7.66586,47.9709],[7.66544,47.97041],[7.66563,47.97033],[7.66535,47.97001],[7.66533,47.96999],[7.66531,47.96997],[7.66493,47.97004],[7.66472,47.97006],[7.66433,47.96864],[7.66406,47.96866],[7.66373,47.96786],[7.66393,47.96783],[7.66391,47.96781],[7.66389,47.96776],[7.66371,47.9674],[7.66327,47.96747],[7.66304,47.96698],[7.66279,47.96663],[7.66286,47.96661],[7.66288,47.9666],[7.6629,47.9666],[7.66301,47.96656],[7.66201,47.96565],[7.66475,47.96508],[7.66502,47.9649],[7.66513,47.9648],[7.66564,47.96438],[7.66807,47.96246],[7.67008,47.9643],[7.67008,47.9643],[7.67013,47.9643],[7.67138,47.96425],[7.67263,47.96326],[7.67287,47.963],[7.67334,47.96247],[7.67358,47.96224],[7.67388,47.96204],[7.67556,47.96091],[7.6756,47.96088],[7.67549,47.96082],[7.67554,47.9608],[7.67564,47.96072],[7.67614,47.96034],[7.67756,47.95924],[7.67762,47.95929],[7.67841,47.95995],[7.67918,47.96057],[7.67951,47.96088],[7.68135,47.96149],[7.68136,47.9615],[7.68141,47.96152],[7.68342,47.96227],[7.68366,47.96228],[7.68368,47.96228],[7.6837,47.96228],[7.68381,47.96229],[7.68471,47.96202],[7.68664,47.96144],[7.68669,47.96142],[7.6878,47.96109],[7.6888,47.96257],[7.68937,47.96347],[7.68942,47.96354],[7.69015,47.9634],[7.69062,47.96328],[7.69072,47.96326],[7.69097,47.9632],[7.69227,47.96288],[7.69245,47.96282],[7.69365,47.9625],[7.69386,47.96245],[7.69462,47.96225],[7.69489,47.96217],[7.69522,47.96206],[7.69546,47.96197],[7.69568,47.96185],[7.69629,47.9614],[7.69653,47.9612],[7.69666,47.96109],[7.69713,47.96073],[7.69759,47.96033],[7.69787,47.96016],[7.69799,47.96009],[7.69802,47.96007],[7.69814,47.96],[7.69865,47.95969],[7.70373,47.962],[7.70473,47.96247],[7.7048,47.9625],[7.70483,47.96251],[7.70513,47.96259],[7.70567,47.96281],[7.70754,47.9637],[7.709,47.96452],[7.70993,47.96505],[7.71018,47.9652],[7.71046,47.96537],[7.71222,47.96622],[7.71348,47.96682],[7.71545,47.96796],[7.7168,47.96868],[7.71713,47.96893],[7.71727,47.96905],[7.71869,47.96878],[7.71915,47.96934],[7.7196,47.96993],[7.71971,47.97008],[7.71981,47.97029],[7.72021,47.9706],[7.72066,47.97085],[7.72089,47.97096],[7.72117,47.97114],[7.72142,47.9713],[7.72171,47.97149],[7.72206,47.97175],[7.72237,47.97198],[7.72235,47.97201],[7.72227,47.97209],[7.72217,47.97219],[7.72207,47.97231],[7.72205,47.97234],[7.72201,47.97239],[7.72197,47.97243],[7.72188,47.97254],[7.72186,47.97256],[7.72181,47.97263],[7.72298,47.97333],[7.72301,47.97334],[7.72348,47.97362],[7.72349,47.97363],[7.72359,47.97369],[7.72367,47.97374],[7.72381,47.97383],[7.72398,47.97392],[7.72404,47.97397],[7.72503,47.97456],[7.72507,47.97458],[7.72509,47.97459],[7.72513,47.97462],[7.72423,47.97524],[7.72406,47.97536],[7.72402,47.97539],[7.72356,47.97571],[7.72375,47.97572],[7.72395,47.97577],[7.72431,47.97562],[7.72432,47.97561],[7.7244,47.97558],[7.72441,47.97558],[7.72518,47.97608],[7.72553,47.97636],[7.72555,47.97638],[7.72658,47.97721],[7.7267,47.97716],[7.72715,47.97763],[7.72722,47.9776],[7.7275,47.97796],[7.72752,47.97798],[7.72763,47.97812],[7.7285,47.97745],[7.72887,47.9772],[7.72919,47.97706],[7.73078,47.97814],[7.73095,47.97806],[7.7312,47.97787],[7.73123,47.97785],[7.73133,47.97777],[7.73167,47.97801],[7.73254,47.97863],[7.73284,47.97881],[7.73306,47.97892],[7.73328,47.97897],[7.73347,47.97901],[7.73378,47.97904],[7.73437,47.97907],[7.73498,47.97922],[7.73532,47.97933],[7.73575,47.97961],[7.73608,47.97994],[7.7363,47.98008],[7.73678,47.98012],[7.73698,47.98012],[7.738,47.9801],[7.73857,47.98009],[7.73927,47.98006],[7.73943,47.97994],[7.73995,47.9799],[7.74039,47.97991],[7.74084,47.97988],[7.74083,47.97974],[7.74162,47.97967],[7.74215,47.97963],[7.74231,47.97956],[7.74324,47.97924],[7.7435,47.97916],[7.74445,47.97889],[7.74566,47.97869],[7.74701,47.97874],[7.74822,47.9789],[7.74943,47.97921],[7.75005,47.97936],[7.75245,47.97981],[7.75424,47.98016],[7.75591,47.98043],[7.75678,47.98052],[7.75512,47.9788],[7.75596,47.97881],[7.75639,47.97872],[7.75765,47.97838],[7.76009,47.97765],[7.76242,47.97704],[7.76337,47.97681],[7.76572,47.97702],[7.76733,47.97808],[7.76794,47.97846],[7.76795,47.97847],[7.768,47.97844],[7.76808,47.97841],[7.76991,47.97762],[7.771,47.97663],[7.77105,47.97658],[7.77184,47.97584],[7.77203,47.97566],[7.77207,47.97564],[7.77212,47.97563],[7.77218,47.97564],[7.77265,47.97544],[7.77228,47.9749],[7.77627,47.97387],[7.77608,47.97339],[7.77582,47.97271],[7.77789,47.97218],[7.77792,47.97217],[7.77806,47.97215],[7.77818,47.97207],[7.77996,47.97094],[7.78028,47.97074],[7.78039,47.97066],[7.78061,47.97058],[7.78111,47.97037],[7.78164,47.97039],[7.78202,47.9704],[7.78209,47.97046],[7.78277,47.97008],[7.78289,47.97016],[7.78342,47.96989],[7.78348,47.96986],[7.78359,47.96993],[7.78392,47.96974],[7.78426,47.96997],[7.78438,47.96991],[7.78441,47.96988],[7.78441,47.96983],[7.78496,47.96947],[7.78514,47.96967],[7.78566,47.96934],[7.78579,47.96944],[7.78592,47.96953],[7.78645,47.96919],[7.7866,47.96924],[7.78669,47.96928],[7.78693,47.96935],[7.78698,47.96927],[7.78737,47.96911],[7.78747,47.9691],[7.78769,47.96909],[7.78779,47.96908],[7.78778,47.96904],[7.78802,47.96899],[7.78875,47.96882],[7.79055,47.96885],[7.79217,47.96836],[7.79563,47.96627],[7.79758,47.96564],[7.7993,47.96527],[7.80044,47.96455],[7.80117,47.96435],[7.80214,47.96408],[7.80444,47.96433],[7.80527,47.96446],[7.80613,47.96463],[7.80625,47.96477],[7.80659,47.9651],[7.80676,47.96528],[7.80703,47.9654],[7.80738,47.96556],[7.80763,47.9657],[7.80906,47.9659],[7.80957,47.96608],[7.81018,47.96633],[7.8115,47.96691],[7.81205,47.96713],[7.81314,47.96771],[7.81658,47.96766],[7.81794,47.9686],[7.81869,47.97018],[7.82007,47.97048],[7.82021,47.9706],[7.82051,47.97085],[7.82102,47.97129],[7.82129,47.97151],[7.82188,47.97188],[7.82258,47.97231],[7.82249,47.97237],[7.82313,47.97275],[7.8233,47.9727],[7.82361,47.97272],[7.82434,47.97251],[7.8248,47.97246],[7.82492,47.97241],[7.82496,47.97234],[7.82504,47.9723],[7.82536,47.97222],[7.82546,47.9728],[7.8256,47.97275],[7.82568,47.97272],[7.82576,47.97266],[7.82601,47.97254],[7.82614,47.97254],[7.82627,47.97248],[7.82637,47.97246],[7.82645,47.97243],[7.82652,47.97228],[7.82659,47.97218],[7.82661,47.97216],[7.82748,47.97321],[7.82836,47.97293],[7.8284,47.97292],[7.82891,47.97288],[7.82995,47.9728],[7.83002,47.9728],[7.8301,47.97279],[7.83044,47.97276],[7.83125,47.97267],[7.83188,47.97258],[7.83236,47.97259],[7.83531,47.97242],[7.83651,47.97256],[7.83678,47.97213],[7.83732,47.97133],[7.83743,47.97116],[7.83666,47.96942],[7.83566,47.96812],[7.83463,47.9666],[7.83587,47.96625],[7.83743,47.96567],[7.8394,47.96387],[7.84124,47.96406],[7.84297,47.9641],[7.84337,47.96392],[7.84407,47.96375],[7.84695,47.96243],[7.84712,47.96232],[7.84735,47.96221],[7.84771,47.96206],[7.84825,47.96181],[7.84843,47.96172],[7.84853,47.96168],[7.84861,47.96164],[7.84874,47.96128],[7.8489,47.96081],[7.84894,47.96044],[7.84874,47.95957],[7.8486,47.95883],[7.84854,47.95847],[7.84864,47.95818],[7.84882,47.95778],[7.84909,47.95718],[7.84923,47.95695],[7.8493,47.95683],[7.84949,47.95673],[7.85013,47.9566],[7.85041,47.95653],[7.85061,47.95648],[7.851,47.95629],[7.85224,47.95583],[7.85296,47.95542],[7.85334,47.95526],[7.85367,47.95508],[7.85391,47.95492],[7.85405,47.95483],[7.85414,47.95477],[7.85415,47.95468],[7.85397,47.95417],[7.85395,47.95396],[7.85403,47.95353],[7.85405,47.95324],[7.854,47.95289],[7.85398,47.95268],[7.85399,47.95255],[7.85432,47.95216],[7.85454,47.9519],[7.8549,47.95144],[7.8551,47.95121],[7.85526,47.95096],[7.85542,47.95067],[7.85556,47.95042],[7.85568,47.95026],[7.85568,47.95009],[7.85592,47.95001],[7.85626,47.94978],[7.85675,47.94954],[7.8575,47.94919],[7.858,47.949],[7.85832,47.94892],[7.85877,47.94897],[7.8594,47.94917],[7.8597,47.94922],[7.85998,47.94923],[7.86038,47.94931],[7.86092,47.9495],[7.8614,47.94962],[7.862,47.94978],[7.86245,47.94989],[7.863,47.95001],[7.8636,47.95012],[7.86467,47.95011],[7.86561,47.9501],[7.86619,47.95015],[7.86654,47.95019],[7.86671,47.94979],[7.86935,47.94982],[7.86947,47.95028],[7.86914,47.95051],[7.86887,47.9507],[7.86873,47.95087],[7.86866,47.95102],[7.87116,47.95129],[7.87299,47.95047],[7.87343,47.95025],[7.87409,47.9499],[7.87435,47.94976],[7.87468,47.94958],[7.87508,47.94938],[7.87542,47.94918],[7.8756,47.94907],[7.87583,47.94902],[7.87614,47.949],[7.87684,47.94898],[7.87736,47.94897],[7.87757,47.94895],[7.87777,47.9489],[7.8782,47.94875],[7.87863,47.94861],[7.87878,47.94855],[7.87885,47.94846],[7.87897,47.94825],[7.87911,47.94792],[7.87922,47.94776],[7.87934,47.9476],[7.87928,47.94741],[7.87919,47.94721],[7.87903,47.94689],[7.87894,47.94669],[7.87885,47.94647],[7.87878,47.94633],[7.87863,47.94617],[7.87849,47.94598],[7.87838,47.94585],[7.87818,47.94564],[7.87824,47.94539],[7.87828,47.94517],[7.87834,47.94502],[7.87842,47.94485],[7.87845,47.94481],[7.87848,47.94476],[7.87855,47.94455],[7.87859,47.94441],[7.8786,47.94425],[7.87862,47.9441],[7.87866,47.94396],[7.87872,47.94381],[7.87879,47.94368],[7.87889,47.94353],[7.87892,47.94338],[7.87884,47.94322],[7.87869,47.94306],[7.8785,47.94289],[7.8783,47.94279],[7.87812,47.94272],[7.87795,47.94263],[7.87782,47.94252],[7.87764,47.94232],[7.8775,47.94219],[7.8774,47.94202],[7.8773,47.9418],[7.87724,47.9416],[7.87721,47.94145],[7.87716,47.94128],[7.877,47.94101],[7.87688,47.94086],[7.87673,47.94068],[7.87659,47.94048],[7.87648,47.94034],[7.87648,47.94028],[7.8764,47.94021],[7.87696,47.94007],[7.87798,47.94006],[7.87758,47.93926],[7.8774,47.93869],[7.87732,47.93854],[7.8773,47.93849],[7.87727,47.93844],[7.87722,47.93831],[7.87721,47.93827],[7.87722,47.93822],[7.87742,47.93794],[7.87745,47.93788],[7.87751,47.93776],[7.87754,47.93767],[7.87756,47.93747],[7.87759,47.93728],[7.87757,47.93712],[7.87752,47.93695],[7.87751,47.93682],[7.87747,47.93654],[7.87747,47.93649],[7.87747,47.93644],[7.87746,47.93628],[7.87743,47.93614],[7.8774,47.93604],[7.87737,47.93591],[7.87719,47.9353],[7.8771,47.93518],[7.87689,47.93489],[7.87669,47.93462],[7.87655,47.93436],[7.87633,47.93408],[7.87611,47.93372],[7.87595,47.93348],[7.87577,47.93279],[7.87574,47.9327],[7.87573,47.93265],[7.87556,47.93201],[7.87504,47.93146],[7.875,47.93142],[7.87497,47.93138],[7.87488,47.93129],[7.87486,47.93124],[7.8738,47.93118],[7.87251,47.93229],[7.87232,47.9322],[7.87213,47.93211],[7.87197,47.93206],[7.87176,47.93207],[7.87149,47.93216],[7.87119,47.93229],[7.87082,47.93251],[7.87046,47.93274],[7.8702,47.93289],[7.86999,47.93307],[7.86999,47.93309],[7.87015,47.93353],[7.86888,47.93389],[7.86862,47.93374],[7.86797,47.93295],[7.86772,47.93219],[7.8677,47.93142],[7.86791,47.93105],[7.86871,47.93086],[7.86817,47.93027],[7.86846,47.92962],[7.86771,47.92932],[7.86743,47.92851],[7.86648,47.9288],[7.86606,47.92864],[7.86589,47.92848],[7.86578,47.92829],[7.86577,47.92773],[7.86624,47.9269],[7.86606,47.92609],[7.8663,47.92552],[7.86725,47.92491],[7.86795,47.92431],[7.86808,47.92388],[7.86777,47.92345],[7.86752,47.92349],[7.86732,47.92359],[7.86681,47.9237],[7.86653,47.92393],[7.86588,47.92417],[7.86559,47.92418],[7.86541,47.9243],[7.86477,47.92454],[7.86473,47.92456],[7.86472,47.9244],[7.8647,47.92409],[7.86458,47.92388],[7.86442,47.92376],[7.86413,47.92371],[7.86386,47.92377],[7.86361,47.9238],[7.86339,47.92385],[7.86322,47.92388],[7.86299,47.92392],[7.86276,47.92391],[7.8626,47.92389],[7.8625,47.92384],[7.86246,47.92373],[7.86252,47.92351],[7.86253,47.92333],[7.86259,47.92315],[7.86275,47.92298],[7.86288,47.92282],[7.86298,47.92268],[7.86299,47.92249],[7.86284,47.92215],[7.86273,47.92182],[7.86269,47.92149],[7.86265,47.92127],[7.86259,47.92109],[7.86251,47.92093],[7.86248,47.9208],[7.86258,47.92064],[7.86268,47.92047],[7.8627,47.9203],[7.86267,47.92012],[7.86272,47.91994],[7.86289,47.91975],[7.86314,47.91953],[7.86329,47.9193],[7.86337,47.91907],[7.86346,47.91887],[7.86349,47.91869],[7.86346,47.91851],[7.86343,47.91821],[7.86338,47.91803],[7.86341,47.91782],[7.86363,47.91751],[7.86407,47.91716],[7.86446,47.91688],[7.86482,47.91667],[7.86421,47.9164],[7.86374,47.91617],[7.86301,47.91588],[7.86236,47.91565],[7.86245,47.9153],[7.86247,47.91495],[7.8625,47.91466],[7.86257,47.91453],[7.86273,47.91436],[7.86284,47.91423],[7.86288,47.91402],[7.86289,47.91381],[7.86296,47.91348],[7.86304,47.91325],[7.86365,47.91318],[7.86407,47.91312],[7.8643,47.91309],[7.86452,47.91293],[7.86508,47.91269],[7.86571,47.91235],[7.86597,47.91215],[7.86613,47.91194],[7.86628,47.91172],[7.86633,47.91158],[7.86647,47.91154],[7.8668,47.91144],[7.86687,47.91128],[7.86694,47.9111],[7.86701,47.91095],[7.86703,47.91082],[7.86718,47.91067],[7.8673,47.91053],[7.86742,47.91042],[7.8675,47.91026],[7.86763,47.91003],[7.8678,47.90977],[7.86792,47.90943],[7.86796,47.90927],[7.86833,47.90879],[7.86925,47.90809],[7.86956,47.90782],[7.86974,47.90759],[7.87047,47.90594],[7.87066,47.9057],[7.8715,47.90451],[7.87332,47.90395],[7.87498,47.90358],[7.87503,47.90361],[7.87731,47.90381],[7.87764,47.90386],[7.87857,47.90398],[7.87925,47.90399],[7.87978,47.90402],[7.88038,47.90409],[7.88129,47.9042],[7.88216,47.90429],[7.88243,47.90428],[7.88269,47.90427],[7.8831,47.90424],[7.88323,47.90422],[7.88335,47.9042],[7.88398,47.90409],[7.88446,47.90396],[7.88487,47.9041],[7.8861,47.90447],[7.88696,47.90469],[7.88749,47.90487],[7.88811,47.90512],[7.88833,47.9052],[7.88874,47.90537],[7.88902,47.90548],[7.8892,47.90558],[7.88994,47.90586],[7.89081,47.90626],[7.8916,47.90684],[7.89213,47.90737],[7.8924,47.9078],[7.8925,47.90828],[7.8928,47.90993],[7.89363,47.91017],[7.89481,47.91032],[7.89638,47.91066],[7.89693,47.91078],[7.89799,47.91134],[7.89822,47.91163],[7.89846,47.91194],[7.90009,47.91192],[7.90074,47.91201],[7.90175,47.91215],[7.9028,47.91233]]]}}]}