{"type":"FeatureCollection","features":[{"type":"Feature","properties":{"id":"staufen","name":"Staufen im Breisgau"},"geometry":{"type":"Polygon","coordinates":[[[7.74915,47.8938],[7.74777,47.89483],[7.7475,47.89474],[7.74747,47.89476],[7.74744,47.89478],[7.74551,47.89608],[7.74521,47.8963],[7.74505,47.8964],[7.74478,47.89658],[7.74422,47.89694],[7.74398,47.8971],[7.7433,47.89759],[7.74324,47.89754],[7.74318,47.89749],[7.74214,47.89667],[7.7418,47.89689],[7.74173,47.89694],[7.74172,47.89695],[7.7417,47.89694],[7.74149,47.89677],[7.74149,47.89677],[7.74125,47.89689],[7.74118,47.89692],[7.74104,47.89698],[7.74087,47.89706],[7.74083,47.89708],[7.7407,47.89715],[7.74035,47.89733],[7.74059,47.89764],[7.7398,47.89793],[7.73977,47.89794],[7.7395,47.89805],[7.73948,47.89797],[7.73904,47.89815],[7.73862,47.8977],[7.73855,47.89772],[7.73808,47.8979],[7.73807,47.89791],[7.73803,47.89792],[7.73785,47.89768],[7.73732,47.89711],[7.73716,47.89703],[7.73707,47.89705],[7.7367,47.8974],[7.7366,47.89755],[7.73651,47.89751],[7.73647,47.89748],[7.73637,47.89744],[7.73596,47.89768],[7.73586,47.89775],[7.73583,47.89775],[7.73581,47.89776],[7.73539,47.89798],[7.73501,47.89812],[7.73447,47.89822],[7.73413,47.89827],[7.73416,47.89837],[7.7333,47.89838],[7.73256,47.89842],[7.73219,47.89844],[7.73193,47.89851],[7.7314,47.89863],[7.73094,47.8988],[7.72987,47.89931],[7.72952,47.89951],[7.72915,47.89977],[7.72902,47.89989],[7.72885,47.90002],[7.72874,47.90013],[7.72859,47.90026],[7.7285,47.90035],[7.72824,47.90052],[7.72779,47.90069],[7.72774,47.90071],[7.72769,47.90073],[7.72741,47.90084],[7.72739,47.901],[7.72737,47.90138],[7.72704,47.9013],[7.727,47.90129],[7.72697,47.90128],[7.7252,47.90088],[7.72458,47.90073],[7.72452,47.90071],[7.7245,47.90071],[7.72443,47.90069],[7.72434,47.90069],[7.72306,47.90021],[7.72249,47.90085],[7.72132,47.9004],[7.72021,47.89998],[7.72004,47.90013],[7.71896,47.89975],[7.71816,47.89943],[7.71865,47.8991],[7.71885,47.89885],[7.71916,47.89871],[7.71885,47.89859],[7.71931,47.89819],[7.71975,47.898],[7.71984,47.89804],[7.7202,47.8978],[7.71889,47.8972],[7.71863,47.89728],[7.71885,47.89689],[7.71867,47.8968],[7.71912,47.89621],[7.71944,47.89587],[7.71949,47.89586],[7.71991,47.89548],[7.72033,47.89513],[7.72054,47.89502],[7.72104,47.89475],[7.71937,47.89365],[7.71991,47.89334],[7.72092,47.89209],[7.72048,47.89188],[7.72053,47.89185],[7.72028,47.89115],[7.72001,47.89094],[7.71999,47.89093],[7.71961,47.89076],[7.72,47.89032],[7.72031,47.89],[7.71861,47.88902],[7.71853,47.88897],[7.71809,47.88872],[7.71807,47.88869],[7.71804,47.88865],[7.71724,47.8881],[7.71625,47.88745],[7.71529,47.88681],[7.71524,47.88683],[7.71408,47.88523],[7.71313,47.88462],[7.71314,47.88461],[7.71089,47.88305],[7.70797,47.88092],[7.70814,47.88083],[7.70811,47.88081],[7.70798,47.88074],[7.70767,47.88054],[7.70738,47.88035],[7.70743,47.88033],[7.70733,47.88024],[7.70724,47.88016],[7.70706,47.87999],[7.707,47.87993],[7.70686,47.8798],[7.70678,47.87989],[7.70673,47.87991],[7.70666,47.87993],[7.7064,47.88],[7.70615,47.88004],[7.70571,47.8801],[7.70491,47.8802],[7.70466,47.88025],[7.7041,47.88035],[7.7034,47.88052],[7.70317,47.88049],[7.7031,47.8805],[7.70299,47.88044],[7.7019,47.87883],[7.70087,47.8791],[7.70032,47.87924],[7.69945,47.87948],[7.69885,47.87961],[7.6978,47.87983],[7.69777,47.87979],[7.69686,47.87842],[7.69671,47.8784],[7.69652,47.8784],[7.69642,47.8784],[7.69603,47.87841],[7.69563,47.87844],[7.69546,47.87848],[7.69516,47.87857],[7.69462,47.87875],[7.6945,47.87879],[7.69434,47.87887],[7.69391,47.87909],[7.69355,47.87924],[7.69339,47.87926],[7.69335,47.8792],[7.69332,47.87914],[7.69331,47.87912],[7.69234,47.87773],[7.69232,47.8777],[7.69228,47.87764],[7.69118,47.87797],[7.69029,47.87825],[7.69021,47.87827],[7.69008,47.87832],[7.68998,47.87839],[7.6888,47.87925],[7.688,47.87983],[7.68682,47.87815],[7.68681,47.87814],[7.68664,47.87809],[7.68645,47.87832],[7.6863,47.87855],[7.6862,47.87869],[7.68583,47.87913],[7.68567,47.8793],[7.68537,47.87962],[7.68529,47.87969],[7.68527,47.87965],[7.68455,47.87863],[7.68366,47.87741],[7.68359,47.87741],[7.68344,47.87752],[7.68333,47.87758],[7.68322,47.87762],[7.68305,47.87767],[7.68284,47.87772],[7.68254,47.87777],[7.68239,47.87779],[7.68229,47.8778],[7.68215,47.8778],[7.68199,47.8778],[7.68163,47.87778],[7.68095,47.87774],[7.68022,47.87773],[7.67947,47.87773],[7.67925,47.87776],[7.6792,47.87771],[7.67911,47.87761],[7.67908,47.87759],[7.67835,47.87689],[7.67827,47.87682],[7.67767,47.87625],[7.67734,47.87595],[7.67732,47.87582],[7.67663,47.87512],[7.67736,47.87472],[7.67772,47.87467],[7.67852,47.87432],[7.67909,47.87401],[7.67948,47.87372],[7.68002,47.87337],[7.68012,47.87331],[7.68013,47.8733],[7.68015,47.87329],[7.68092,47.87284],[7.68094,47.87283],[7.68101,47.87279],[7.68071,47.87267],[7.68081,47.87258],[7.68085,47.87254],[7.68092,47.87249],[7.68098,47.87244],[7.68123,47.87224],[7.6816,47.87197],[7.68207,47.87162],[7.68231,47.87143],[7.68251,47.87128],[7.68309,47.87085],[7.68371,47.87038],[7.6839,47.87023],[7.68397,47.87018],[7.68429,47.86994],[7.68455,47.86974],[7.68509,47.86935],[7.68508,47.8693],[7.68499,47.86928],[7.68473,47.86918],[7.68442,47.86903],[7.6847,47.86883],[7.68487,47.86869],[7.68494,47.86863],[7.68535,47.86834],[7.68556,47.86817],[7.68556,47.86809],[7.68562,47.86805],[7.68663,47.86723],[7.68709,47.86686],[7.68731,47.86698],[7.68737,47.86697],[7.6884,47.86605],[7.68842,47.86603],[7.68918,47.86549],[7.68922,47.86551],[7.68924,47.86552],[7.69073,47.86451],[7.69077,47.86449],[7.69082,47.86446],[7.69086,47.86444],[7.69171,47.86507],[7.6921,47.86534],[7.69235,47.86552],[7.69239,47.86555],[7.69298,47.86597],[7.69315,47.86608],[7.69394,47.86662],[7.69398,47.86664],[7.69403,47.86668],[7.6947,47.86713],[7.69473,47.86715],[7.69479,47.86717],[7.69479,47.86717],[7.6948,47.86717],[7.69706,47.86511],[7.69711,47.86507],[7.69717,47.86499],[7.69777,47.86475],[7.698,47.86466],[7.6982,47.86459],[7.69859,47.86443],[7.70022,47.86511],[7.70031,47.86493],[7.70035,47.86489],[7.70054,47.86503],[7.70061,47.86508],[7.70081,47.86526],[7.70162,47.86585],[7.70181,47.86599],[7.70212,47.86621],[7.70225,47.8663],[7.70244,47.86641],[7.70279,47.86665],[7.70283,47.86663],[7.70328,47.86686],[7.7035,47.86681],[7.70357,47.8668],[7.70433,47.86722],[7.70442,47.86726],[7.70486,47.86746],[7.70548,47.8677],[7.70613,47.86796],[7.70648,47.86807],[7.70656,47.86796],[7.70703,47.86775],[7.70815,47.86713],[7.70875,47.86761],[7.70879,47.86759],[7.70886,47.86755],[7.70892,47.86752],[7.70976,47.86707],[7.71043,47.86669],[7.7103,47.86652],[7.71033,47.86651],[7.71123,47.86609],[7.71112,47.86598],[7.71198,47.86565],[7.71194,47.86563],[7.71243,47.86546],[7.7131,47.86512],[7.7132,47.86484],[7.71342,47.86414],[7.71353,47.86397],[7.71363,47.864],[7.71367,47.86383],[7.71355,47.8632],[7.71393,47.86307],[7.71378,47.86277],[7.71447,47.86256],[7.7147,47.86248],[7.71543,47.86224],[7.7164,47.86198],[7.71717,47.86177],[7.71699,47.8616],[7.71706,47.86156],[7.71701,47.86151],[7.71696,47.86141],[7.71696,47.86132],[7.71669,47.86111],[7.71657,47.86086],[7.71677,47.86077],[7.717,47.86065],[7.71722,47.86047],[7.71723,47.86041],[7.71732,47.86033],[7.71742,47.86031],[7.71801,47.86042],[7.71838,47.86027],[7.71849,47.86027],[7.71904,47.85974],[7.71916,47.85972],[7.71936,47.85943],[7.71979,47.859],[7.72062,47.85866],[7.72096,47.85856],[7.72137,47.85833],[7.72169,47.85823],[7.72191,47.8582],[7.72234,47.85802],[7.72255,47.85801],[7.72282,47.85796],[7.72312,47.8578],[7.7234,47.85774],[7.72471,47.85746],[7.72582,47.85697],[7.72616,47.85678],[7.72648,47.8566],[7.72652,47.8556],[7.72692,47.85509],[7.72749,47.85473],[7.72792,47.85446],[7.72836,47.85419],[7.72882,47.8539],[7.72857,47.85294],[7.72894,47.85202],[7.72906,47.85126],[7.72905,47.8505],[7.7292,47.85015],[7.72927,47.85007],[7.72914,47.84961],[7.72898,47.84929],[7.72868,47.84872],[7.72843,47.84821],[7.72802,47.8478],[7.72793,47.84734],[7.72873,47.84683],[7.72917,47.84651],[7.72936,47.84613],[7.72959,47.84586],[7.72993,47.84555],[7.73036,47.84534],[7.73082,47.8449],[7.73148,47.84484],[7.73301,47.84463],[7.73383,47.84469],[7.73435,47.84446],[7.73486,47.84432],[7.73541,47.8441],[7.73564,47.84391],[7.73616,47.84376],[7.73716,47.84358],[7.73771,47.84338],[7.73819,47.84302],[7.73847,47.84259],[7.73902,47.8425],[7.74033,47.84238],[7.74105,47.84225],[7.74242,47.84189],[7.74304,47.84159],[7.74367,47.84134],[7.74414,47.84108],[7.74473,47.84068],[7.745,47.8404],[7.7453,47.84013],[7.7468,47.83929],[7.74733,47.83917],[7.74784,47.83911],[7.74868,47.83864],[7.74878,47.83831],[7.74885,47.83759],[7.74919,47.83709],[7.75002,47.83666],[7.75034,47.83594],[7.74996,47.83536],[7.74979,47.8351],[7.74985,47.83476],[7.74978,47.83444],[7.74947,47.83373],[7.74961,47.83342],[7.75001,47.83314],[7.75016,47.83296],[7.75031,47.83248],[7.75052,47.83218],[7.7508,47.83197],[7.75112,47.8318],[7.75176,47.83158],[7.75256,47.83133],[7.75333,47.8313],[7.75433,47.83135],[7.75536,47.83165],[7.75594,47.83171],[7.75673,47.83189],[7.75705,47.83226],[7.75745,47.83255],[7.7581,47.83267],[7.7588,47.83297],[7.75942,47.83312],[7.7606,47.83315],[7.76111,47.83334],[7.76152,47.83359],[7.76185,47.83388],[7.76257,47.83429],[7.76338,47.83482],[7.76461,47.83529],[7.76495,47.83564],[7.76506,47.83587],[7.76527,47.83605],[7.76491,47.83668],[7.76455,47.83735],[7.76451,47.83781],[7.76464,47.83836],[7.7648,47.83881],[7.76504,47.83912],[7.76521,47.83946],[7.76522,47.83998],[7.76514,47.84055],[7.76494,47.8413],[7.76494,47.84174],[7.76388,47.84199],[7.76333,47.84222],[7.76274,47.84268],[7.76214,47.84316],[7.76167,47.84367],[7.76132,47.84402],[7.761,47.84439],[7.76096,47.84506],[7.76079,47.84598],[7.76046,47.84681],[7.76032,47.8472],[7.76001,47.8477],[7.75971,47.84821],[7.75921,47.84921],[7.75871,47.84989],[7.75836,47.85028],[7.75802,47.85064],[7.75805,47.85124],[7.75878,47.8516],[7.75894,47.85245],[7.75943,47.85324],[7.75921,47.8539],[7.75858,47.85483],[7.75786,47.85512],[7.75754,47.85537],[7.75679,47.85567],[7.75602,47.85598],[7.7557,47.85669],[7.7554,47.85743],[7.75506,47.85831],[7.75544,47.85881],[7.75587,47.85931],[7.75633,47.85988],[7.75689,47.86054],[7.75702,47.8607],[7.75621,47.86114],[7.75702,47.86169],[7.75764,47.86183],[7.75802,47.86191],[7.75817,47.86209],[7.75963,47.86377],[7.75972,47.86426],[7.75951,47.86436],[7.76054,47.86586],[7.76072,47.86619],[7.76072,47.86649],[7.76089,47.8667],[7.76142,47.86735],[7.76189,47.86765],[7.76215,47.8678],[7.76229,47.86797],[7.7626,47.86823],[7.76301,47.86863],[7.76379,47.86941],[7.764,47.86966],[7.76413,47.86995],[7.76412,47.87048],[7.76421,47.87071],[7.76443,47.87091],[7.76464,47.87115],[7.76474,47.87149],[7.76477,47.87181],[7.76477,47.87239],[7.7649,47.87284],[7.7652,47.8736],[7.76561,47.87426],[7.76665,47.87546],[7.76812,47.87666],[7.7686,47.87703],[7.76841,47.87724],[7.76744,47.8773],[7.76677,47.87726],[7.76499,47.8773],[7.7636,47.87723],[7.76256,47.87757],[7.76301,47.87908],[7.76309,47.87984],[7.76287,47.88039],[7.76296,47.88101],[7.76268,47.88142],[7.76261,47.88193],[7.76248,47.88222],[7.76243,47.8827],[7.76233,47.88318],[7.7618,47.88361],[7.76152,47.88404],[7.76117,47.88448],[7.76079,47.88478],[7.76015,47.88515],[7.75926,47.88527],[7.75744,47.88627],[7.75614,47.88726],[7.75563,47.88802],[7.75507,47.88828],[7.75459,47.88863],[7.75408,47.88918],[7.75402,47.88941],[7.75404,47.89029],[7.75394,47.89048],[7.75395,47.89075],[7.7542,47.89094],[7.75445,47.89131],[7.75327,47.89195],[7.75292,47.89226],[7.75213,47.89332],[7.75085,47.89314],[7.75,47.89317],[7.74897,47.89363],[7.74915,47.8938]]]}},{"type":"Feature","properties":{"id":"schliengen","name":"Schliengen"},"geometry":{"type":"Polygon","coordinates":[[[7.58109,47.77312],[7.57922,47.77368],[7.5791,47.77372],[7.57905,47.77373],[7.57722,47.7743],[7.5771,47.77434],[7.57693,47.77438],[7.5771,47.77469],[7.57356,47.77555],[7.57207,47.77312],[7.57061,47.77065],[7.57255,47.77034],[7.57008,47.76637],[7.57159,47.76611],[7.57117,47.76544],[7.56929,47.76259],[7.56658,47.76317],[7.5665,47.76297],[7.56598,47.76216],[7.56492,47.76046],[7.56511,47.76008],[7.56504,47.75965],[7.56527,47.75917],[7.56543,47.75888],[7.56509,47.75872],[7.56507,47.75871],[7.56498,47.75867],[7.56504,47.75832],[7.56496,47.75796],[7.56477,47.7572],[7.56463,47.7566],[7.56442,47.75603],[7.5642,47.75546],[7.56391,47.75488],[7.56349,47.75427],[7.5623,47.7536],[7.56118,47.75307],[7.55879,47.75189],[7.55864,47.75194],[7.55609,47.75198],[7.55411,47.74887],[7.55101,47.74407],[7.55186,47.74413],[7.55458,47.74433],[7.55822,47.74458],[7.55831,47.74466],[7.55865,47.74461],[7.55892,47.74475],[7.55903,47.74501],[7.55926,47.74495],[7.55921,47.74476],[7.55905,47.74437],[7.56043,47.74418],[7.56068,47.74413],[7.56166,47.74392],[7.56173,47.7439],[7.56194,47.74444],[7.56356,47.74434],[7.56429,47.74429],[7.5645,47.74477],[7.56538,47.74467],[7.56521,47.74421],[7.56515,47.74399],[7.56513,47.7438],[7.56658,47.74373],[7.56665,47.74338],[7.56712,47.74339],[7.56771,47.74336],[7.56781,47.74337],[7.56833,47.74341],[7.56842,47.74293],[7.56848,47.74274],[7.56922,47.74276],[7.56915,47.74176],[7.57014,47.74183],[7.56989,47.74084],[7.57046,47.74084],[7.57017,47.73963],[7.57087,47.73959],[7.57064,47.73835],[7.57118,47.73825],[7.57115,47.73788],[7.57189,47.73783],[7.57211,47.73694],[7.57295,47.73693],[7.57303,47.73649],[7.57302,47.73618],[7.57292,47.73553],[7.57285,47.73269],[7.57291,47.73262],[7.57311,47.73243],[7.57388,47.73186],[7.57414,47.7329],[7.57535,47.73268],[7.57681,47.733],[7.57665,47.73336],[7.57816,47.73388],[7.57848,47.73384],[7.57858,47.73382],[7.57886,47.73442],[7.58044,47.7343],[7.58041,47.73464],[7.58172,47.73493],[7.58278,47.73524],[7.58373,47.73548],[7.58402,47.73555],[7.58491,47.73572],[7.58502,47.73574],[7.58609,47.73594],[7.58598,47.73523],[7.58715,47.73547],[7.58728,47.73546],[7.5874,47.73524],[7.58752,47.73517],[7.58779,47.73518],[7.58801,47.73487],[7.58913,47.73443],[7.59046,47.73386],[7.59204,47.73322],[7.59287,47.73295],[7.59369,47.73269],[7.59476,47.7324],[7.59537,47.73252],[7.59552,47.7324],[7.59575,47.73224],[7.59596,47.73213],[7.59641,47.732],[7.59677,47.73191],[7.59751,47.73179],[7.59798,47.7317],[7.59855,47.73161],[7.59888,47.7316],[7.59938,47.73159],[7.59955,47.73159],[7.59974,47.73156],[7.60046,47.7314],[7.60051,47.73126],[7.60111,47.7313],[7.60169,47.73114],[7.60279,47.73109],[7.60365,47.73104],[7.60421,47.73102],[7.60465,47.73105],[7.60575,47.73088],[7.60705,47.73033],[7.60795,47.72808],[7.61018,47.72835],[7.61299,47.7265],[7.61322,47.7264],[7.61352,47.72629],[7.61522,47.72574],[7.617,47.72518],[7.62058,47.72451],[7.62359,47.72439],[7.62467,47.72444],[7.62489,47.72444],[7.62793,47.72477],[7.62874,47.72464],[7.63057,47.72423],[7.63194,47.72377],[7.63239,47.72373],[7.63228,47.725],[7.63218,47.72565],[7.63109,47.72546],[7.6311,47.72574],[7.63107,47.72585],[7.63051,47.72584],[7.63035,47.72649],[7.63013,47.72726],[7.63023,47.72842],[7.63011,47.72841],[7.63017,47.72909],[7.63004,47.73123],[7.62939,47.73278],[7.62935,47.73331],[7.62951,47.73369],[7.62954,47.734],[7.62956,47.73431],[7.62947,47.73497],[7.62979,47.73551],[7.62993,47.73549],[7.62982,47.73771],[7.62975,47.73796],[7.63358,47.73896],[7.6345,47.73922],[7.6352,47.7394],[7.63502,47.73974],[7.63494,47.74006],[7.63494,47.74016],[7.63494,47.74035],[7.63501,47.74054],[7.63525,47.74086],[7.63601,47.74053],[7.63633,47.74097],[7.63691,47.74081],[7.63723,47.74103],[7.63745,47.74119],[7.6379,47.74161],[7.63921,47.74231],[7.6404,47.74279],[7.64163,47.74304],[7.64386,47.74387],[7.64602,47.74434],[7.64727,47.74454],[7.64769,47.74473],[7.64942,47.74512],[7.6515,47.74501],[7.65242,47.74484],[7.65445,47.74411],[7.65784,47.74248],[7.66004,47.74284],[7.6615,47.74319],[7.66163,47.74323],[7.66283,47.74328],[7.66367,47.74333],[7.66568,47.74335],[7.66667,47.74338],[7.66719,47.74342],[7.66859,47.74334],[7.66944,47.74312],[7.6703,47.74316],[7.67221,47.74343],[7.6736,47.74305],[7.67467,47.74262],[7.67853,47.74495],[7.68133,47.74658],[7.68143,47.74664],[7.68162,47.74675],[7.68189,47.74686],[7.68201,47.74688],[7.68238,47.74687],[7.68258,47.7468],[7.68276,47.74668],[7.68297,47.74651],[7.68314,47.74671],[7.68324,47.74679],[7.68335,47.74682],[7.68361,47.747],[7.68367,47.74712],[7.68364,47.7472],[7.68359,47.74726],[7.68323,47.74738],[7.6832,47.74743],[7.68333,47.7476],[7.68338,47.74772],[7.68345,47.74777],[7.68344,47.74782],[7.68339,47.74788],[7.68347,47.74795],[7.68362,47.74799],[7.68393,47.74786],[7.68404,47.74788],[7.68432,47.74812],[7.68441,47.74822],[7.68449,47.74818],[7.68455,47.74823],[7.68476,47.74852],[7.68474,47.74861],[7.68481,47.74869],[7.68495,47.74876],[7.68497,47.74885],[7.68513,47.74892],[7.68515,47.74902],[7.68511,47.74908],[7.68523,47.7492],[7.68537,47.74921],[7.68571,47.74941],[7.68577,47.74949],[7.68573,47.74971],[7.68575,47.74977],[7.68579,47.74979],[7.68581,47.74994],[7.68587,47.75001],[7.6861,47.75015],[7.68618,47.75022],[7.68617,47.75027],[7.68627,47.75034],[7.68629,47.75043],[7.68635,47.75049],[7.68656,47.75056],[7.68659,47.75061],[7.68672,47.75072],[7.68685,47.7508],[7.68699,47.75077],[7.68725,47.75079],[7.68739,47.75089],[7.68759,47.75107],[7.68776,47.75129],[7.6878,47.75142],[7.68839,47.75168],[7.68875,47.7519],[7.68897,47.75205],[7.68906,47.75216],[7.6891,47.75218],[7.68913,47.75221],[7.68912,47.75227],[7.68936,47.75255],[7.68965,47.75268],[7.68969,47.75272],[7.68985,47.75276],[7.68995,47.75283],[7.68998,47.7529],[7.68996,47.75296],[7.69001,47.75307],[7.69015,47.75317],[7.69018,47.75323],[7.69035,47.75324],[7.69041,47.75327],[7.69049,47.75341],[7.69047,47.75354],[7.69057,47.75367],[7.69055,47.75373],[7.69065,47.75385],[7.69077,47.75389],[7.69083,47.75388],[7.69119,47.75393],[7.69125,47.75401],[7.69125,47.75408],[7.69135,47.75416],[7.69138,47.75437],[7.69131,47.75456],[7.69131,47.75475],[7.69124,47.75485],[7.69124,47.75494],[7.69118,47.75498],[7.69119,47.75501],[7.69135,47.75512],[7.69138,47.75524],[7.69151,47.75538],[7.69147,47.75544],[7.69151,47.75548],[7.69149,47.75557],[7.69166,47.75567],[7.69166,47.75575],[7.69186,47.75599],[7.69197,47.75605],[7.6921,47.75608],[7.69217,47.75619],[7.69227,47.75628],[7.69238,47.75629],[7.69248,47.75636],[7.69279,47.75646],[7.6932,47.75653],[7.6933,47.75659],[7.69331,47.75663],[7.69346,47.7567],[7.69368,47.75673],[7.6938,47.75677],[7.69398,47.75687],[7.6942,47.75691],[7.6943,47.75699],[7.69439,47.75701],[7.69444,47.75697],[7.69458,47.75701],[7.69481,47.75702],[7.69487,47.75704],[7.69493,47.75702],[7.69517,47.75707],[7.69532,47.75704],[7.69552,47.75714],[7.69567,47.75718],[7.69578,47.75728],[7.69585,47.75728],[7.69599,47.75734],[7.6961,47.75731],[7.69631,47.7574],[7.69637,47.75737],[7.6966,47.75739],[7.69693,47.7575],[7.69703,47.75755],[7.69721,47.75751],[7.69742,47.75752],[7.6977,47.75751],[7.69788,47.75754],[7.69802,47.75761],[7.69814,47.75763],[7.69847,47.75778],[7.69845,47.75783],[7.69858,47.75795],[7.69894,47.758],[7.69902,47.75817],[7.69916,47.75825],[7.69928,47.75842],[7.6996,47.75859],[7.69978,47.75864],[7.69993,47.75865],[7.70009,47.75878],[7.70032,47.75893],[7.70033,47.75903],[7.7005,47.75917],[7.70058,47.7592],[7.70086,47.75943],[7.70118,47.75952],[7.70127,47.7595],[7.70136,47.7595],[7.70184,47.75975],[7.7019,47.75972],[7.70197,47.75975],[7.702,47.75978],[7.70215,47.75983],[7.70227,47.75994],[7.70227,47.75999],[7.70306,47.76037],[7.70574,47.75983],[7.70654,47.76058],[7.70732,47.76103],[7.70863,47.76191],[7.70905,47.76216],[7.70775,47.76439],[7.7069,47.76616],[7.7066,47.76694],[7.70658,47.7675],[7.70663,47.76857],[7.7065,47.76906],[7.70632,47.76956],[7.7044,47.77074],[7.70349,47.7714],[7.70344,47.77227],[7.70345,47.7734],[7.7032,47.77399],[7.70309,47.77422],[7.70139,47.77638],[7.70112,47.77711],[7.70124,47.77843],[7.70062,47.77867],[7.69999,47.77884],[7.69928,47.77896],[7.69903,47.77903],[7.69826,47.77924],[7.69725,47.7794],[7.69683,47.77977],[7.69586,47.78048],[7.69483,47.78029],[7.69403,47.78028],[7.69346,47.78027],[7.69285,47.78022],[7.69248,47.78018],[7.6918,47.7799],[7.69112,47.77954],[7.6909,47.77913],[7.69036,47.77854],[7.68973,47.77793],[7.68894,47.77739],[7.6879,47.77695],[7.68748,47.77672],[7.68623,47.77605],[7.68565,47.77576],[7.68471,47.77461],[7.68402,47.77428],[7.68213,47.77406],[7.68074,47.7739],[7.67858,47.77353],[7.67724,47.77316],[7.67607,47.77282],[7.67509,47.77254],[7.67443,47.77227],[7.67315,47.77161],[7.67244,47.77147],[7.6717,47.77176],[7.67125,47.77215],[7.67094,47.77236],[7.67044,47.7726],[7.67017,47.77276],[7.66956,47.77304],[7.66868,47.77335],[7.66775,47.77391],[7.6661,47.77491],[7.66541,47.77544],[7.66477,47.77495],[7.66465,47.77499],[7.66429,47.7751],[7.66417,47.77624],[7.66257,47.77648],[7.66246,47.7768],[7.66063,47.77588],[7.65911,47.77507],[7.65779,47.77442],[7.65562,47.77323],[7.65331,47.7721],[7.65296,47.77168],[7.65285,47.77139],[7.65279,47.77128],[7.65268,47.7711],[7.65258,47.77093],[7.65249,47.77077],[7.65246,47.77069],[7.65241,47.77031],[7.65237,47.77014],[7.6522,47.76992],[7.65197,47.76961],[7.65135,47.76918],[7.65125,47.76913],[7.65117,47.769],[7.65094,47.76863],[7.65086,47.76832],[7.65046,47.76794],[7.65011,47.76776],[7.64933,47.76743],[7.64827,47.76723],[7.64746,47.76715],[7.64594,47.76698],[7.6455,47.76692],[7.64507,47.76682],[7.6432,47.76619],[7.64222,47.76583],[7.64172,47.76568],[7.6404,47.76566],[7.63969,47.76556],[7.63882,47.7654],[7.63857,47.76531],[7.63743,47.76454],[7.6367,47.76393],[7.63651,47.76366],[7.63621,47.76331],[7.63562,47.763],[7.63495,47.76281],[7.63425,47.76269],[7.63245,47.76231],[7.63094,47.76181],[7.63045,47.76161],[7.62963,47.76122],[7.62916,47.76096],[7.62841,47.76051],[7.62784,47.76019],[7.62739,47.75996],[7.62692,47.75971],[7.62616,47.76009],[7.62436,47.76076],[7.62424,47.76066],[7.62327,47.75993],[7.62292,47.75964],[7.62274,47.75951],[7.62232,47.75917],[7.62158,47.75864],[7.62092,47.75818],[7.61948,47.75726],[7.61883,47.75743],[7.61829,47.75768],[7.61732,47.75816],[7.61646,47.75864],[7.61614,47.75883],[7.61598,47.75894],[7.61551,47.75959],[7.6157,47.75978],[7.61488,47.7602],[7.61487,47.76044],[7.61525,47.76239],[7.61491,47.76282],[7.61485,47.76332],[7.61474,47.76408],[7.61483,47.76461],[7.61497,47.76509],[7.61505,47.76563],[7.61497,47.76611],[7.61502,47.76619],[7.6153,47.76689],[7.61495,47.76698],[7.61512,47.76732],[7.61567,47.76864],[7.61579,47.76891],[7.61591,47.7692],[7.61623,47.76999],[7.61662,47.7706],[7.61676,47.77083],[7.61678,47.77105],[7.6159,47.77073],[7.61551,47.77058],[7.61523,47.771],[7.61457,47.77291],[7.615,47.77299],[7.61527,47.77312],[7.61569,47.77335],[7.61585,47.77348],[7.61604,47.77394],[7.61608,47.77401],[7.61642,47.77403],[7.61642,47.77455],[7.61417,47.77489],[7.61359,47.77497],[7.61177,47.77516],[7.6111,47.77523],[7.61021,47.77529],[7.60843,47.77542],[7.60773,47.77548],[7.60716,47.77541],[7.60638,47.77531],[7.60465,47.77509],[7.60414,47.77503],[7.60404,47.77498],[7.60358,47.77475],[7.60292,47.77443],[7.60272,47.77433],[7.60253,47.77405],[7.602,47.7738],[7.6015,47.77372],[7.6009,47.77361],[7.60088,47.77368],[7.60071,47.77366],[7.59906,47.77351],[7.59905,47.77379],[7.59848,47.77376],[7.59701,47.77349],[7.5969,47.773],[7.5962,47.77302],[7.59538,47.77302],[7.5951,47.77235],[7.59448,47.77248],[7.59433,47.77221],[7.59425,47.77221],[7.59266,47.77248],[7.59236,47.77253],[7.59232,47.77267],[7.59225,47.7727],[7.59188,47.77271],[7.59171,47.77273],[7.59148,47.77277],[7.59135,47.77293],[7.59129,47.77302],[7.59126,47.77307],[7.5909,47.77303],[7.59054,47.7729],[7.59021,47.77279],[7.58995,47.77289],[7.58957,47.77301],[7.58937,47.77308],[7.58924,47.77312],[7.58891,47.77322],[7.58853,47.77282],[7.58776,47.77315],[7.58754,47.77303],[7.58714,47.7729],[7.58715,47.77278],[7.58654,47.77227],[7.58605,47.77196],[7.5862,47.77188],[7.5859,47.77156],[7.58544,47.77084],[7.58528,47.77087],[7.585,47.77007],[7.58426,47.77015],[7.5841,47.76961],[7.58399,47.76966],[7.58201,47.76973],[7.58194,47.76969],[7.58149,47.76808],[7.5811,47.76714],[7.57931,47.7673],[7.57956,47.76826],[7.57989,47.76982],[7.58029,47.77151],[7.58061,47.77245],[7.58078,47.77274],[7.58109,47.77312]]]}},{"type":"Feature","properties":{"id":"neuenburg","name":"Neuenburg am Rhein"},"geometry":{"type":"MultiPolygon","coordinates":[[[[7.55583,47.78627],[7.55582,47.78629],[7.55563,47.78666],[7.55491,47.78732],[7.55449,47.78814],[7.55411,47.78878],[7.55407,47.78941],[7.55415,47.7896],[7.55458,47.79007],[7.55478,47.79036],[7.5555,47.79192],[7.55557,47.79249],[7.55549,47.7935],[7.55554,47.79401],[7.55577,47.7946],[7.556,47.79506],[7.55673,47.79626],[7.55831,47.79863],[7.55864,47.79915],[7.55892,47.79967],[7.5593,47.80016],[7.55964,47.80047],[7.56023,47.80087],[7.5607,47.80132],[7.56104,47.8017],[7.56127,47.80203],[7.56316,47.80148],[7.56353,47.80207],[7.56621,47.8013],[7.56612,47.80115],[7.56875,47.80039],[7.5726,47.8065],[7.57266,47.80648],[7.57276,47.80651],[7.5766,47.8054],[7.57777,47.80725],[7.57752,47.80732],[7.57852,47.80889],[7.57861,47.80888],[7.57931,47.80997],[7.57941,47.81016],[7.57937,47.81017],[7.57988,47.81112],[7.57929,47.8112],[7.5787,47.81125],[7.57707,47.81122],[7.57706,47.81135],[7.57576,47.81133],[7.57732,47.8138],[7.57161,47.81544],[7.57159,47.81548],[7.57483,47.82062],[7.57396,47.82087],[7.57393,47.82094],[7.57508,47.82216],[7.57607,47.82293],[7.57959,47.82531],[7.58412,47.83247],[7.58471,47.8334],[7.58595,47.83317],[7.58597,47.83321],[7.58594,47.83326],[7.58719,47.8361],[7.58835,47.83885],[7.58843,47.83913],[7.58849,47.83912],[7.5917,47.83852],[7.59176,47.83859],[7.59177,47.8386],[7.59182,47.83866],[7.59248,47.83935],[7.59315,47.84008],[7.59363,47.84062],[7.59361,47.84071],[7.59359,47.84079],[7.5936,47.8408],[7.59361,47.84083],[7.59362,47.84087],[7.59364,47.84089],[7.59384,47.8412],[7.59447,47.84214],[7.595,47.84298],[7.59564,47.84405],[7.59567,47.84409],[7.59551,47.84415],[7.59469,47.84447],[7.59546,47.84627],[7.59547,47.84631],[7.59535,47.84635],[7.59593,47.84805],[7.59594,47.84808],[7.59659,47.84996],[7.59659,47.84998],[7.59662,47.85007],[7.59846,47.85315],[7.59916,47.85421],[7.60067,47.85391],[7.6012,47.8538],[7.60295,47.85346],[7.60454,47.85608],[7.60602,47.85846],[7.60862,47.8578],[7.61178,47.86309],[7.61162,47.86316],[7.61177,47.8633],[7.61092,47.86376],[7.6099,47.86435],[7.60983,47.8644],[7.60936,47.86467],[7.60871,47.86503],[7.60804,47.86539],[7.60808,47.86543],[7.608,47.86552],[7.60914,47.86732],[7.60921,47.86745],[7.61121,47.87026],[7.61189,47.8712],[7.61192,47.87125],[7.61198,47.87134],[7.61292,47.8727],[7.61338,47.87333],[7.61341,47.87336],[7.61342,47.87338],[7.61768,47.87226],[7.61775,47.87245],[7.61782,47.8727],[7.61785,47.87302],[7.61782,47.87338],[7.61774,47.87395],[7.6176,47.8751],[7.61743,47.87648],[7.61731,47.8772],[7.6169,47.8791],[7.61669,47.87999],[7.61661,47.88028],[7.61655,47.88062],[7.61654,47.88099],[7.61656,47.88119],[7.61661,47.88138],[7.61674,47.88168],[7.61733,47.88277],[7.61784,47.88378],[7.61816,47.88434],[7.61826,47.88457],[7.61817,47.88459],[7.61517,47.88529],[7.61123,47.88621],[7.61256,47.88882],[7.61198,47.88897],[7.61216,47.88931],[7.61219,47.88939],[7.61218,47.88941],[7.61216,47.88943],[7.6121,47.88956],[7.61209,47.8897],[7.61212,47.88977],[7.61223,47.88988],[7.61224,47.88989],[7.61323,47.89041],[7.61111,47.89228],[7.61108,47.89233],[7.61109,47.89238],[7.61111,47.89243],[7.61117,47.89247],[7.61125,47.89251],[7.60933,47.89418],[7.60756,47.8933],[7.60583,47.89348],[7.60053,47.89416],[7.60008,47.89445],[7.60087,47.89715],[7.59774,47.89775],[7.59784,47.89812],[7.5979,47.89837],[7.59818,47.89913],[7.59874,47.90147],[7.59822,47.90121],[7.59808,47.90118],[7.59784,47.90113],[7.59743,47.90108],[7.59516,47.90076],[7.59378,47.90056],[7.59293,47.90022],[7.59197,47.89982],[7.58975,47.89937],[7.58895,47.89937],[7.58849,47.89937],[7.5872,47.89911],[7.58552,47.89876],[7.5817,47.89803],[7.58144,47.89747],[7.58118,47.89703],[7.58028,47.89573],[7.57924,47.89443],[7.57799,47.89316],[7.57677,47.89212],[7.57554,47.89119],[7.57388,47.89014],[7.57189,47.88908],[7.56961,47.88812],[7.56713,47.88725],[7.56575,47.88669],[7.56373,47.88569],[7.56225,47.88477],[7.56078,47.88357],[7.55965,47.88252],[7.55856,47.88127],[7.55779,47.8803],[7.55724,47.87949],[7.55696,47.87896],[7.55658,47.87804],[7.55613,47.87664],[7.55574,47.87483],[7.55563,47.87356],[7.55561,47.87331],[7.55562,47.87104],[7.55562,47.87053],[7.55565,47.86898],[7.55572,47.86818],[7.55583,47.8675],[7.55617,47.86609],[7.55679,47.86433],[7.55788,47.86236],[7.56103,47.85741],[7.56188,47.85592],[7.56231,47.85501],[7.56299,47.85334],[7.56328,47.85207],[7.56336,47.85161],[7.56359,47.84988],[7.5637,47.84814],[7.56369,47.84724],[7.56355,47.84552],[7.56336,47.8442],[7.56306,47.84288],[7.56253,47.84117],[7.56202,47.83989],[7.56139,47.83858],[7.56072,47.83737],[7.55997,47.83617],[7.55891,47.83463],[7.55792,47.83337],[7.55558,47.83076],[7.55288,47.8276],[7.55161,47.82596],[7.55097,47.82502],[7.55047,47.82422],[7.55001,47.82341],[7.54913,47.82174],[7.54874,47.82091],[7.54839,47.82007],[7.5481,47.81934],[7.54686,47.81555],[7.54625,47.81385],[7.5458,47.81269],[7.54557,47.81214],[7.54439,47.80951],[7.54399,47.8087],[7.54265,47.80623],[7.54084,47.80311],[7.54069,47.80285],[7.53922,47.80034],[7.53823,47.7986],[7.53531,47.79366],[7.53236,47.7885],[7.53159,47.78688],[7.53121,47.78597],[7.53082,47.78491],[7.53031,47.78318],[7.53006,47.78196],[7.52999,47.7814],[7.52985,47.7801],[7.5298,47.77909],[7.5298,47.77753],[7.52989,47.77636],[7.53003,47.77526],[7.53022,47.77418],[7.53042,47.77329],[7.53083,47.77181],[7.53111,47.77102],[7.53146,47.77012],[7.532,47.76892],[7.53257,47.76779],[7.53318,47.76668],[7.53327,47.76651],[7.53467,47.76397],[7.53829,47.75756],[7.53909,47.75657],[7.54006,47.75484],[7.54183,47.75121],[7.54435,47.74664],[7.54612,47.74349],[7.54624,47.74351],[7.54636,47.74352],[7.54661,47.74355],[7.54708,47.74361],[7.54805,47.74372],[7.54999,47.74395],[7.55011,47.74396],[7.55101,47.74407],[7.55411,47.74887],[7.55609,47.75198],[7.55864,47.75194],[7.55879,47.75189],[7.56118,47.75307],[7.5623,47.7536],[7.56349,47.75427],[7.56391,47.75488],[7.5642,47.75546],[7.56442,47.75603],[7.56463,47.7566],[7.56477,47.7572],[7.56496,47.75796],[7.56504,47.75832],[7.56498,47.75867],[7.56507,47.75871],[7.56509,47.75872],[7.56543,47.75888],[7.56527,47.75917],[7.56504,47.75965],[7.56511,47.76008],[7.56492,47.76046],[7.56598,47.76216],[7.5665,47.76297],[7.56658,47.76317],[7.56929,47.76259],[7.57117,47.76544],[7.57159,47.76611],[7.57008,47.76637],[7.57255,47.77034],[7.57061,47.77065],[7.57207,47.77312],[7.57356,47.77555],[7.56932,47.77659],[7.57002,47.77769],[7.567,47.77811],[7.56741,47.77896],[7.56872,47.78158],[7.5681,47.78164],[7.56444,47.7821],[7.56506,47.78334],[7.56498,47.78335],[7.5608,47.7839],[7.5611,47.78439],[7.56122,47.78459],[7.56157,47.78501],[7.5586,47.78564],[7.55583,47.78627]]],[[[7.585,47.77007],[7.58528,47.77087],[7.58544,47.77084],[7.5859,47.77156],[7.5862,47.77188],[7.58605,47.77196],[7.58579,47.7721],[7.58532,47.77239],[7.58451,47.77296],[7.58369,47.77337],[7.58317,47.77358],[7.58317,47.77358],[7.58277,47.77375],[7.58192,47.77397],[7.58158,47.77364],[7.58125,47.7733],[7.58109,47.77312],[7.58078,47.77274],[7.58061,47.77245],[7.58029,47.77151],[7.57989,47.76982],[7.57956,47.76826],[7.57931,47.7673],[7.5811,47.76714],[7.58149,47.76808],[7.58194,47.76969],[7.58201,47.76973],[7.58399,47.76966],[7.5841,47.76961],[7.58426,47.77015],[7.585,47.77007]]]]}},{"type":"Feature","properties":{"id":"heitersheim","name":"Heitersheim"},"geometry":{"type":"MultiPolygon","coordinates":[[[[7.58289,47.90564],[7.58298,47.90519],[7.58304,47.90441],[7.58308,47.90349],[7.58307,47.90274],[7.5829,47.90159],[7.58258,47.9002],[7.58221,47.89915],[7.58193,47.89846],[7.5817,47.89803],[7.58552,47.89876],[7.5872,47.89911],[7.58849,47.89937],[7.58895,47.89937],[7.58975,47.89937],[7.59197,47.89982],[7.5912,47.90095],[7.59062,47.90189],[7.59041,47.90219],[7.58968,47.90326],[7.58901,47.90532],[7.58967,47.90737],[7.58289,47.90564]]],[[[7.67024,47.85712],[7.67025,47.85713],[7.67027,47.85714],[7.67029,47.85716],[7.67052,47.85741],[7.6707,47.8574],[7.67071,47.85741],[7.67074,47.85744],[7.67084,47.85754],[7.67101,47.85772],[7.67102,47.85773],[7.67104,47.85775],[7.67107,47.85779],[7.67147,47.85821],[7.67196,47.85878],[7.67218,47.85902],[7.67222,47.85907],[7.67231,47.85916],[7.6724,47.85925],[7.67263,47.85949],[7.67268,47.85955],[7.67281,47.85967],[7.67285,47.8597],[7.67298,47.85983],[7.67302,47.85987],[7.67337,47.86024],[7.67365,47.86052],[7.67375,47.86058],[7.67419,47.86088],[7.67423,47.86091],[7.67425,47.86093],[7.67427,47.86093],[7.67436,47.86102],[7.67477,47.86131],[7.67482,47.86134],[7.67494,47.86143],[7.67505,47.86152],[7.67508,47.8615],[7.67512,47.86147],[7.67529,47.86159],[7.67628,47.86219],[7.67638,47.86227],[7.67651,47.86237],[7.67688,47.86266],[7.67691,47.86268],[7.67692,47.86269],[7.67697,47.86273],[7.6777,47.86243],[7.67821,47.86278],[7.67877,47.86333],[7.67943,47.86335],[7.67947,47.86338],[7.67936,47.86349],[7.6803,47.86435],[7.68048,47.86427],[7.6805,47.86429],[7.68066,47.8644],[7.68076,47.86447],[7.68253,47.8658],[7.68268,47.86583],[7.68268,47.86585],[7.68269,47.86588],[7.68269,47.8659],[7.68294,47.86606],[7.68437,47.86715],[7.68439,47.86718],[7.68441,47.86719],[7.68555,47.86805],[7.68562,47.86805],[7.68556,47.86809],[7.68556,47.86817],[7.68535,47.86834],[7.68494,47.86863],[7.68487,47.86869],[7.6847,47.86883],[7.68442,47.86903],[7.68473,47.86918],[7.68499,47.86928],[7.68508,47.8693],[7.68509,47.86935],[7.68455,47.86974],[7.68429,47.86994],[7.68397,47.87018],[7.6839,47.87023],[7.68371,47.87038],[7.68309,47.87085],[7.68251,47.87128],[7.68231,47.87143],[7.68207,47.87162],[7.6816,47.87197],[7.68123,47.87224],[7.68098,47.87244],[7.68092,47.87249],[7.68085,47.87254],[7.68081,47.87258],[7.68071,47.87267],[7.68101,47.87279],[7.68094,47.87283],[7.68092,47.87284],[7.68015,47.87329],[7.68013,47.8733],[7.68012,47.87331],[7.68002,47.87337],[7.67948,47.87372],[7.67909,47.87401],[7.67852,47.87432],[7.67772,47.87467],[7.67736,47.87472],[7.67663,47.87512],[7.67732,47.87582],[7.67734,47.87595],[7.67767,47.87625],[7.67827,47.87682],[7.67835,47.87689],[7.67908,47.87759],[7.67911,47.87761],[7.6792,47.87771],[7.67925,47.87776],[7.67947,47.87773],[7.68022,47.87773],[7.68095,47.87774],[7.68163,47.87778],[7.68199,47.8778],[7.68215,47.8778],[7.68229,47.8778],[7.68239,47.87779],[7.68254,47.87777],[7.68284,47.87772],[7.68305,47.87767],[7.68322,47.87762],[7.68333,47.87758],[7.68344,47.87752],[7.68359,47.87741],[7.68366,47.87741],[7.68455,47.87863],[7.68527,47.87965],[7.68529,47.87969],[7.68537,47.87962],[7.68567,47.8793],[7.68583,47.87913],[7.6862,47.87869],[7.6863,47.87855],[7.68645,47.87832],[7.68664,47.87809],[7.68681,47.87814],[7.68682,47.87815],[7.688,47.87983],[7.6888,47.87925],[7.68998,47.87839],[7.69008,47.87832],[7.69021,47.87827],[7.69029,47.87825],[7.69118,47.87797],[7.69228,47.87764],[7.69232,47.8777],[7.69234,47.87773],[7.69331,47.87912],[7.69332,47.87914],[7.69335,47.8792],[7.69339,47.87926],[7.69355,47.87924],[7.69391,47.87909],[7.69434,47.87887],[7.6945,47.87879],[7.69462,47.87875],[7.69516,47.87857],[7.69546,47.87848],[7.69563,47.87844],[7.69603,47.87841],[7.69642,47.8784],[7.69652,47.8784],[7.69671,47.8784],[7.69686,47.87842],[7.69777,47.87979],[7.6978,47.87983],[7.69885,47.87961],[7.69945,47.87948],[7.70032,47.87924],[7.70087,47.8791],[7.7019,47.87883],[7.70299,47.88044],[7.7031,47.8805],[7.70317,47.88049],[7.7034,47.88052],[7.7041,47.88035],[7.70466,47.88025],[7.70491,47.8802],[7.70571,47.8801],[7.70615,47.88004],[7.7064,47.88],[7.70666,47.87993],[7.70673,47.87991],[7.70678,47.87989],[7.70686,47.8798],[7.707,47.87993],[7.70706,47.87999],[7.70724,47.88016],[7.70733,47.88024],[7.70743,47.88033],[7.70738,47.88035],[7.70767,47.88054],[7.70798,47.88074],[7.70811,47.88081],[7.70814,47.88083],[7.70797,47.88092],[7.7072,47.88141],[7.70632,47.8818],[7.70565,47.88113],[7.70525,47.88132],[7.70504,47.88113],[7.70405,47.88157],[7.70396,47.88152],[7.70388,47.88153],[7.70174,47.88206],[7.7009,47.88237],[7.69999,47.88283],[7.69921,47.88198],[7.69606,47.88293],[7.69627,47.88315],[7.69622,47.88322],[7.69313,47.88458],[7.69105,47.88547],[7.68979,47.88615],[7.68833,47.88696],[7.68827,47.88695],[7.68733,47.88602],[7.68606,47.88669],[7.6868,47.88729],[7.68677,47.88731],[7.68615,47.88753],[7.68522,47.88793],[7.68425,47.88829],[7.68315,47.88872],[7.68093,47.88983],[7.68036,47.89013],[7.67969,47.88931],[7.67966,47.88931],[7.67816,47.88996],[7.67624,47.89075],[7.67541,47.88966],[7.67538,47.88963],[7.67265,47.89048],[7.67166,47.89078],[7.67082,47.8897],[7.67115,47.88959],[7.67113,47.88956],[7.6716,47.88941],[7.67056,47.88788],[7.67054,47.88769],[7.67076,47.88768],[7.67218,47.88756],[7.67307,47.8874],[7.67125,47.88505],[7.67358,47.88427],[7.67269,47.88329],[7.6727,47.88327],[7.67321,47.88224],[7.67349,47.88137],[7.67364,47.8808],[7.67399,47.88008],[7.67475,47.87946],[7.67326,47.87799],[7.6663,47.88191],[7.6661,47.88201],[7.66416,47.88306],[7.66413,47.88313],[7.66411,47.88316],[7.66399,47.88304],[7.66403,47.88303],[7.66341,47.88242],[7.6632,47.88254],[7.66291,47.88227],[7.66252,47.88191],[7.66251,47.88196],[7.66248,47.88198],[7.65873,47.88407],[7.65866,47.88406],[7.65645,47.8822],[7.65644,47.88207],[7.6559,47.88228],[7.655,47.88263],[7.6549,47.88262],[7.6543,47.88218],[7.65365,47.88167],[7.65213,47.88051],[7.65209,47.88053],[7.6521,47.88058],[7.65165,47.88085],[7.65146,47.88095],[7.65139,47.88092],[7.65132,47.88073],[7.65122,47.88083],[7.65122,47.88103],[7.65138,47.88186],[7.65141,47.88225],[7.65144,47.88243],[7.65132,47.88251],[7.649,47.88298],[7.64837,47.8832],[7.64825,47.88299],[7.64751,47.88323],[7.64746,47.88325],[7.64759,47.88364],[7.64606,47.88399],[7.64604,47.884],[7.64598,47.88401],[7.64397,47.8826],[7.64391,47.88257],[7.64385,47.88254],[7.64376,47.88249],[7.63456,47.88549],[7.63424,47.88563],[7.63384,47.88583],[7.6337,47.88583],[7.63107,47.88665],[7.62961,47.88714],[7.62875,47.88741],[7.62797,47.88767],[7.62775,47.88774],[7.62731,47.88782],[7.62704,47.88784],[7.62447,47.88751],[7.62164,47.88712],[7.62126,47.88704],[7.62044,47.88689],[7.61865,47.88737],[7.62046,47.88838],[7.61979,47.88896],[7.61952,47.88881],[7.61816,47.88997],[7.61634,47.88921],[7.6147,47.89071],[7.61462,47.89078],[7.61447,47.89089],[7.61436,47.89093],[7.61422,47.89092],[7.61323,47.89041],[7.61224,47.88989],[7.61223,47.88988],[7.61212,47.88977],[7.61209,47.8897],[7.6121,47.88956],[7.61216,47.88943],[7.61218,47.88941],[7.61219,47.88939],[7.61216,47.88931],[7.61198,47.88897],[7.61256,47.88882],[7.61123,47.88621],[7.61517,47.88529],[7.61817,47.88459],[7.61826,47.88457],[7.61816,47.88434],[7.61784,47.88378],[7.61733,47.88277],[7.61674,47.88168],[7.61661,47.88138],[7.61656,47.88119],[7.61654,47.88099],[7.61655,47.88062],[7.61661,47.88028],[7.61669,47.87999],[7.6169,47.8791],[7.61731,47.8772],[7.62208,47.87598],[7.62213,47.87596],[7.62785,47.87452],[7.62792,47.87451],[7.628,47.87449],[7.63491,47.87273],[7.63501,47.8727],[7.63506,47.87269],[7.63521,47.87266],[7.63533,47.87263],[7.63939,47.87161],[7.63938,47.87159],[7.63936,47.87157],[7.63887,47.87091],[7.6389,47.87089],[7.63898,47.87088],[7.63921,47.87081],[7.63907,47.87065],[7.63917,47.8706],[7.63923,47.87056],[7.63949,47.87044],[7.63979,47.8703],[7.64196,47.86937],[7.642,47.86935],[7.64446,47.86829],[7.64451,47.86827],[7.64579,47.86769],[7.64668,47.8673],[7.64679,47.86725],[7.6464,47.86673],[7.64614,47.86642],[7.64519,47.86533],[7.64524,47.8653],[7.64544,47.86519],[7.64552,47.86515],[7.64746,47.86428],[7.6477,47.86417],[7.64788,47.86409],[7.64801,47.86404],[7.64921,47.86349],[7.64988,47.86333],[7.65077,47.86306],[7.6508,47.86304],[7.6509,47.86298],[7.65097,47.86293],[7.6511,47.86283],[7.65132,47.86271],[7.65163,47.86253],[7.65195,47.86239],[7.65226,47.86229],[7.65241,47.86225],[7.65279,47.86214],[7.65294,47.86201],[7.65309,47.8619],[7.65335,47.86176],[7.65366,47.86159],[7.65403,47.86151],[7.65431,47.86148],[7.655,47.86147],[7.65548,47.8615],[7.65599,47.86142],[7.65626,47.86139],[7.65653,47.86133],[7.65673,47.86125],[7.657,47.86102],[7.65736,47.86082],[7.65761,47.8607],[7.65774,47.86067],[7.65784,47.86063],[7.65839,47.86048],[7.65852,47.86044],[7.65893,47.86033],[7.65891,47.86029],[7.65891,47.86025],[7.65893,47.86024],[7.65897,47.86024],[7.65905,47.86022],[7.65947,47.86013],[7.66007,47.85997],[7.66046,47.85991],[7.66099,47.85975],[7.6612,47.85968],[7.66166,47.85952],[7.66201,47.85939],[7.66256,47.85942],[7.66302,47.85948],[7.66308,47.85948],[7.66322,47.85948],[7.66344,47.85949],[7.66373,47.85946],[7.66389,47.85943],[7.66404,47.85935],[7.66463,47.85899],[7.66488,47.85884],[7.66512,47.85877],[7.66617,47.85855],[7.66648,47.85846],[7.66676,47.85842],[7.66735,47.85839],[7.66747,47.85837],[7.6676,47.85833],[7.66812,47.85805],[7.66819,47.85801],[7.66819,47.85801],[7.66856,47.85787],[7.66912,47.8576],[7.66938,47.85743],[7.66947,47.85735],[7.66956,47.85728],[7.66977,47.85719],[7.67024,47.85712]]]]}},{"type":"Feature","properties":{"id":"sulzburg","name":"Sulzburg"},"geometry":{"type":"Polygon","coordinates":[[[7.66123,47.84349],[7.66197,47.84364],[7.66318,47.84395],[7.66309,47.84377],[7.66295,47.8436],[7.66253,47.84318],[7.6626,47.84316],[7.66253,47.84295],[7.66252,47.84269],[7.66293,47.84192],[7.66325,47.84199],[7.66339,47.84197],[7.66356,47.84171],[7.66298,47.84151],[7.66366,47.84053],[7.66383,47.84048],[7.66559,47.84001],[7.66559,47.83998],[7.66926,47.83956],[7.66942,47.83952],[7.66964,47.8395],[7.67086,47.83922],[7.67122,47.83904],[7.67179,47.83891],[7.67231,47.83874],[7.67294,47.83848],[7.67333,47.83835],[7.67381,47.83825],[7.67448,47.83823],[7.67476,47.83818],[7.67568,47.83794],[7.67625,47.83775],[7.67743,47.8373],[7.67899,47.8366],[7.67948,47.83638],[7.6808,47.83558],[7.68115,47.83541],[7.68184,47.83511],[7.68282,47.83472],[7.68319,47.83464],[7.68442,47.83431],[7.68527,47.83412],[7.68762,47.83341],[7.68849,47.83325],[7.68907,47.83322],[7.68963,47.83312],[7.69008,47.83322],[7.69108,47.83333],[7.69183,47.83251],[7.69225,47.83209],[7.69253,47.83155],[7.6929,47.83141],[7.69323,47.83153],[7.69351,47.83207],[7.69402,47.83255],[7.69507,47.83295],[7.69656,47.83312],[7.69714,47.83327],[7.69794,47.83364],[7.69869,47.83372],[7.69895,47.83327],[7.69887,47.83296],[7.69897,47.83277],[7.69902,47.83235],[7.69886,47.83156],[7.69895,47.83119],[7.69877,47.83064],[7.69887,47.83033],[7.69977,47.82996],[7.70007,47.82964],[7.69991,47.82881],[7.70115,47.82651],[7.70222,47.82421],[7.70218,47.82384],[7.70228,47.82357],[7.70209,47.82318],[7.70188,47.82185],[7.70153,47.82119],[7.70132,47.82055],[7.70131,47.82005],[7.70089,47.81931],[7.70085,47.81877],[7.70162,47.81707],[7.70392,47.81578],[7.70817,47.81554],[7.70883,47.81524],[7.70925,47.81544],[7.71023,47.81524],[7.71271,47.81525],[7.71385,47.81463],[7.71441,47.81464],[7.7154,47.81421],[7.71596,47.81372],[7.71651,47.81356],[7.71716,47.81324],[7.71779,47.81307],[7.71795,47.81288],[7.7181,47.81174],[7.71837,47.81156],[7.71894,47.81136],[7.72015,47.81067],[7.72061,47.81031],[7.72116,47.80958],[7.72197,47.80903],[7.72248,47.80889],[7.72445,47.80887],[7.7268,47.80885],[7.72739,47.80901],[7.72795,47.80902],[7.72876,47.80952],[7.72913,47.80915],[7.72991,47.80836],[7.73086,47.80764],[7.73068,47.80792],[7.73091,47.80845],[7.73225,47.80891],[7.73371,47.80924],[7.73473,47.80929],[7.73531,47.80909],[7.7362,47.80863],[7.73687,47.80839],[7.73736,47.80824],[7.73747,47.80817],[7.7378,47.80798],[7.73835,47.80762],[7.73864,47.80726],[7.73885,47.80696],[7.73931,47.80675],[7.7411,47.80577],[7.74175,47.80394],[7.74271,47.80363],[7.7432,47.80358],[7.74346,47.8036],[7.74431,47.80357],[7.74618,47.80301],[7.74826,47.80333],[7.74891,47.8034],[7.74901,47.80341],[7.74916,47.80342],[7.74991,47.80352],[7.75087,47.80348],[7.7511,47.80347],[7.75375,47.80262],[7.75505,47.80281],[7.75743,47.80249],[7.76008,47.80332],[7.76056,47.80378],[7.76225,47.80411],[7.76445,47.80423],[7.76539,47.80418],[7.76568,47.80412],[7.76602,47.80398],[7.76597,47.80421],[7.76609,47.80463],[7.7661,47.805],[7.76601,47.8055],[7.76586,47.80589],[7.76461,47.80741],[7.76461,47.80783],[7.76476,47.80862],[7.76472,47.80949],[7.76369,47.81178],[7.76368,47.81195],[7.76468,47.81285],[7.76488,47.81343],[7.76531,47.8141],[7.76584,47.81488],[7.76626,47.81546],[7.7661,47.81579],[7.7658,47.81642],[7.7659,47.81707],[7.76601,47.81745],[7.7663,47.81788],[7.76609,47.81821],[7.76562,47.8186],[7.76552,47.81883],[7.7654,47.81928],[7.76547,47.81954],[7.76557,47.81975],[7.76557,47.81994],[7.7657,47.82028],[7.76587,47.82106],[7.76589,47.82147],[7.76571,47.82185],[7.76545,47.82222],[7.76553,47.82256],[7.76609,47.82305],[7.76638,47.82321],[7.76651,47.8236],[7.76636,47.82437],[7.76641,47.82505],[7.7666,47.82532],[7.76672,47.82585],[7.76697,47.82645],[7.76706,47.82665],[7.76713,47.82685],[7.76686,47.82687],[7.7664,47.82694],[7.76595,47.82709],[7.76533,47.82738],[7.76493,47.82753],[7.76446,47.82774],[7.76385,47.82788],[7.76344,47.82789],[7.76286,47.82798],[7.76251,47.82814],[7.76235,47.82836],[7.7619,47.82865],[7.76137,47.82903],[7.76102,47.82919],[7.76071,47.8294],[7.76054,47.82967],[7.76063,47.83012],[7.76015,47.83028],[7.75946,47.83035],[7.7584,47.83051],[7.75786,47.83094],[7.7576,47.83128],[7.75726,47.83161],[7.75712,47.83167],[7.75673,47.83189],[7.75594,47.83171],[7.75536,47.83165],[7.75433,47.83135],[7.75333,47.8313],[7.75256,47.83133],[7.75176,47.83158],[7.75112,47.8318],[7.7508,47.83197],[7.75052,47.83218],[7.75031,47.83248],[7.75016,47.83296],[7.75001,47.83314],[7.74961,47.83342],[7.74947,47.83373],[7.74978,47.83444],[7.74985,47.83476],[7.74979,47.8351],[7.74996,47.83536],[7.75034,47.83594],[7.75002,47.83666],[7.74919,47.83709],[7.74885,47.83759],[7.74878,47.83831],[7.74868,47.83864],[7.74784,47.83911],[7.74733,47.83917],[7.7468,47.83929],[7.7453,47.84013],[7.745,47.8404],[7.74473,47.84068],[7.74414,47.84108],[7.74367,47.84134],[7.74304,47.84159],[7.74242,47.84189],[7.74105,47.84225],[7.74033,47.84238],[7.73902,47.8425],[7.73847,47.84259],[7.73819,47.84302],[7.73771,47.84338],[7.73716,47.84358],[7.73616,47.84376],[7.73564,47.84391],[7.73541,47.8441],[7.73486,47.84432],[7.73435,47.84446],[7.73383,47.84469],[7.73301,47.84463],[7.73148,47.84484],[7.73082,47.8449],[7.73036,47.84534],[7.72993,47.84555],[7.72959,47.84586],[7.72936,47.84613],[7.72917,47.84651],[7.72873,47.84683],[7.72793,47.84734],[7.7274,47.84715],[7.72696,47.84709],[7.7268,47.84706],[7.7265,47.84701],[7.72615,47.8471],[7.7259,47.84716],[7.7255,47.8473],[7.72513,47.84738],[7.72454,47.84752],[7.72412,47.84768],[7.72382,47.84776],[7.72354,47.8478],[7.72315,47.84773],[7.72279,47.84769],[7.72246,47.84775],[7.72215,47.8478],[7.72161,47.84792],[7.72146,47.84797],[7.72119,47.84806],[7.72056,47.8482],[7.72017,47.84835],[7.71993,47.84847],[7.71957,47.84856],[7.71898,47.84875],[7.71905,47.84892],[7.71876,47.84907],[7.71839,47.8492],[7.71833,47.84921],[7.71826,47.84924],[7.718,47.84933],[7.71767,47.84941],[7.71716,47.84965],[7.71693,47.84971],[7.71664,47.84981],[7.71645,47.84994],[7.71623,47.85006],[7.71541,47.85023],[7.71488,47.8502],[7.7148,47.85021],[7.7147,47.85022],[7.71465,47.85024],[7.71435,47.85035],[7.71393,47.8506],[7.71387,47.85062],[7.71367,47.85071],[7.71334,47.8508],[7.71329,47.85082],[7.71321,47.85084],[7.71314,47.85085],[7.71248,47.85092],[7.71215,47.85095],[7.71177,47.85105],[7.71102,47.85101],[7.71078,47.851],[7.71011,47.85089],[7.70973,47.85079],[7.70895,47.85042],[7.70845,47.85029],[7.70818,47.84987],[7.70783,47.8495],[7.70751,47.84919],[7.70679,47.84847],[7.70627,47.84795],[7.70619,47.8479],[7.70617,47.84789],[7.70611,47.84784],[7.70606,47.84783],[7.70596,47.84781],[7.70594,47.84781],[7.70586,47.84779],[7.7057,47.84777],[7.70487,47.84771],[7.70474,47.84769],[7.70455,47.84765],[7.70418,47.84753],[7.70393,47.84752],[7.70368,47.84752],[7.70347,47.84755],[7.70324,47.84759],[7.70244,47.84782],[7.70231,47.84783],[7.70228,47.84781],[7.70169,47.84837],[7.70149,47.84843],[7.70121,47.84849],[7.70097,47.84852],[7.70061,47.84854],[7.70045,47.84858],[7.70003,47.84886],[7.69962,47.84875],[7.69917,47.84904],[7.69886,47.84923],[7.69881,47.84925],[7.69864,47.84917],[7.69842,47.84906],[7.69787,47.84938],[7.69663,47.8487],[7.69643,47.84886],[7.69617,47.84885],[7.69604,47.84877],[7.69579,47.84861],[7.69572,47.84856],[7.69551,47.84843],[7.69502,47.84879],[7.69483,47.84892],[7.6946,47.84913],[7.69436,47.84904],[7.69365,47.84871],[7.69307,47.84842],[7.69276,47.84829],[7.6925,47.8482],[7.69201,47.84809],[7.69175,47.84806],[7.69072,47.84799],[7.68974,47.84798],[7.68962,47.84801],[7.68946,47.84801],[7.68929,47.84797],[7.68899,47.84796],[7.68867,47.8482],[7.68746,47.84882],[7.68667,47.84936],[7.68612,47.84968],[7.68384,47.85036],[7.68219,47.85079],[7.68162,47.85096],[7.68082,47.85129],[7.68008,47.85153],[7.67857,47.85189],[7.67645,47.85229],[7.67573,47.85251],[7.67477,47.85275],[7.67351,47.85298],[7.67344,47.85291],[7.67232,47.85167],[7.67223,47.85169],[7.67126,47.85051],[7.67117,47.84964],[7.66955,47.84951],[7.66957,47.84904],[7.66803,47.84895],[7.66734,47.84885],[7.66617,47.84862],[7.66618,47.84861],[7.66381,47.84853],[7.66365,47.84866],[7.66271,47.84857],[7.6611,47.84849],[7.66111,47.84879],[7.65999,47.84884],[7.65995,47.84806],[7.65995,47.84801],[7.65934,47.84778],[7.65907,47.84702],[7.65899,47.84703],[7.65888,47.84636],[7.65994,47.84631],[7.65947,47.8457],[7.65935,47.84542],[7.65954,47.84516],[7.65985,47.84463],[7.6601,47.84392],[7.66041,47.84395],[7.66068,47.84394],[7.66079,47.8439],[7.66124,47.84355],[7.66123,47.84349]]]}},{"type":"Feature","properties":{"id":"buggingen","name":"Buggingen"},"geometry":{"type":"Polygon","coordinates":[[[7.59547,47.84631],[7.59862,47.84556],[7.60092,47.84501],[7.60092,47.845],[7.6009,47.84496],[7.59992,47.84289],[7.5999,47.84285],[7.60022,47.84276],[7.60154,47.84253],[7.60167,47.84251],[7.60178,47.84249],[7.602,47.84245],[7.60581,47.84176],[7.6122,47.8406],[7.61227,47.84059],[7.61222,47.84042],[7.6119,47.83942],[7.61434,47.83871],[7.61515,47.83846],[7.61702,47.83791],[7.61704,47.83791],[7.61707,47.8379],[7.61835,47.83996],[7.61941,47.8416],[7.61962,47.84154],[7.6197,47.84152],[7.61973,47.84151],[7.61976,47.8415],[7.62244,47.84075],[7.62274,47.84102],[7.62282,47.84107],[7.62293,47.84106],[7.6231,47.84103],[7.62313,47.84102],[7.62319,47.84101],[7.62365,47.84092],[7.62448,47.84073],[7.62429,47.84042],[7.62418,47.84031],[7.624,47.84008],[7.6239,47.83981],[7.6239,47.8397],[7.62395,47.8395],[7.62404,47.83944],[7.62446,47.83937],[7.62484,47.83926],[7.62455,47.83907],[7.62439,47.83895],[7.62432,47.8389],[7.62426,47.83885],[7.62434,47.8386],[7.6244,47.83841],[7.62443,47.83821],[7.62441,47.83808],[7.62449,47.83784],[7.62449,47.83777],[7.62445,47.83756],[7.62448,47.83756],[7.62452,47.83756],[7.62454,47.83757],[7.62528,47.83764],[7.62534,47.83765],[7.62535,47.83765],[7.62544,47.83743],[7.62556,47.83724],[7.62566,47.83707],[7.62581,47.83678],[7.62588,47.83651],[7.62591,47.83637],[7.62594,47.83614],[7.62594,47.8361],[7.62597,47.83588],[7.62603,47.83568],[7.62609,47.83551],[7.62614,47.83554],[7.62702,47.83596],[7.6273,47.83567],[7.62733,47.83564],[7.62753,47.83545],[7.62745,47.83541],[7.62753,47.83537],[7.62781,47.83522],[7.62809,47.83512],[7.62854,47.83493],[7.62858,47.83491],[7.62862,47.8349],[7.62938,47.83463],[7.63002,47.83441],[7.63043,47.83422],[7.6308,47.83403],[7.63053,47.83388],[7.63092,47.83372],[7.63096,47.83371],[7.63103,47.83368],[7.63166,47.83338],[7.63212,47.83316],[7.63243,47.83304],[7.63267,47.83281],[7.63291,47.83289],[7.63321,47.83304],[7.63341,47.83313],[7.63366,47.83287],[7.63393,47.83264],[7.63412,47.83247],[7.63372,47.83229],[7.63393,47.83214],[7.63408,47.83205],[7.6344,47.832],[7.63468,47.83197],[7.63471,47.83221],[7.63472,47.83238],[7.63477,47.83255],[7.63544,47.83245],[7.63616,47.83235],[7.63657,47.83226],[7.63682,47.83225],[7.63703,47.83256],[7.63726,47.83298],[7.63747,47.8336],[7.63735,47.83373],[7.63782,47.83401],[7.63745,47.83438],[7.63847,47.83454],[7.63833,47.83469],[7.63806,47.83513],[7.63774,47.83534],[7.63748,47.8356],[7.63726,47.83608],[7.63714,47.83627],[7.63788,47.83655],[7.63817,47.83624],[7.63883,47.83572],[7.63941,47.83534],[7.63959,47.83529],[7.63964,47.83531],[7.63987,47.83622],[7.63987,47.83642],[7.64021,47.83738],[7.64059,47.83811],[7.64087,47.83807],[7.64107,47.83855],[7.64114,47.83888],[7.64129,47.83913],[7.64161,47.83905],[7.64184,47.83892],[7.64241,47.83909],[7.64217,47.83938],[7.64246,47.8395],[7.64405,47.84001],[7.64352,47.84104],[7.64369,47.84095],[7.64408,47.84082],[7.64428,47.84039],[7.64457,47.84048],[7.64451,47.84065],[7.64692,47.84121],[7.64698,47.84112],[7.64782,47.84133],[7.64799,47.84136],[7.64817,47.84135],[7.64807,47.84142],[7.64777,47.84204],[7.64935,47.84198],[7.64938,47.84229],[7.6507,47.84225],[7.65072,47.84242],[7.65125,47.84243],[7.65122,47.84296],[7.65327,47.84311],[7.65397,47.84301],[7.65483,47.84277],[7.65483,47.84302],[7.65522,47.84283],[7.65566,47.84278],[7.65628,47.84282],[7.6578,47.84299],[7.65885,47.84307],[7.66082,47.84341],[7.66123,47.84349],[7.66124,47.84355],[7.66079,47.8439],[7.66068,47.84394],[7.66041,47.84395],[7.6601,47.84392],[7.65985,47.84463],[7.65954,47.84516],[7.65935,47.84542],[7.65947,47.8457],[7.65994,47.84631],[7.65888,47.84636],[7.65899,47.84703],[7.65907,47.84702],[7.65934,47.84778],[7.65995,47.84801],[7.65995,47.84806],[7.65999,47.84884],[7.66111,47.84879],[7.6611,47.84849],[7.66271,47.84857],[7.66365,47.84866],[7.66381,47.84853],[7.66618,47.84861],[7.66617,47.84862],[7.66734,47.84885],[7.66803,47.84895],[7.66957,47.84904],[7.66955,47.84951],[7.67117,47.84964],[7.67126,47.85051],[7.67223,47.85169],[7.67232,47.85167],[7.67344,47.85291],[7.67351,47.85298],[7.67326,47.85302],[7.67328,47.85306],[7.67341,47.85333],[7.67354,47.85357],[7.67361,47.85372],[7.6738,47.85408],[7.67425,47.85392],[7.67443,47.85414],[7.6745,47.85422],[7.67457,47.85431],[7.6746,47.85434],[7.67469,47.85443],[7.67492,47.85471],[7.67493,47.85472],[7.67497,47.85478],[7.67469,47.85491],[7.67444,47.85496],[7.67413,47.855],[7.67389,47.85519],[7.67362,47.85562],[7.6734,47.85595],[7.67332,47.85605],[7.6732,47.85623],[7.67306,47.85632],[7.67266,47.85643],[7.67243,47.85652],[7.67223,47.85659],[7.67203,47.85666],[7.6719,47.8567],[7.67174,47.85675],[7.67158,47.85677],[7.67128,47.85678],[7.67095,47.85686],[7.67043,47.85706],[7.67024,47.85712],[7.66977,47.85719],[7.66956,47.85728],[7.66947,47.85735],[7.66938,47.85743],[7.66912,47.8576],[7.66856,47.85787],[7.66819,47.85801],[7.66819,47.85801],[7.66812,47.85805],[7.6676,47.85833],[7.66747,47.85837],[7.66735,47.85839],[7.66676,47.85842],[7.66648,47.85846],[7.66617,47.85855],[7.66512,47.85877],[7.66488,47.85884],[7.66463,47.85899],[7.66404,47.85935],[7.66389,47.85943],[7.66373,47.85946],[7.66344,47.85949],[7.66322,47.85948],[7.66308,47.85948],[7.66302,47.85948],[7.66256,47.85942],[7.66201,47.85939],[7.66166,47.85952],[7.6612,47.85968],[7.66099,47.85975],[7.66046,47.85991],[7.66007,47.85997],[7.65947,47.86013],[7.65905,47.86022],[7.65897,47.86024],[7.65893,47.86024],[7.65891,47.86025],[7.65891,47.86029],[7.65893,47.86033],[7.65852,47.86044],[7.65839,47.86048],[7.65784,47.86063],[7.65774,47.86067],[7.65761,47.8607],[7.65736,47.86082],[7.657,47.86102],[7.65673,47.86125],[7.65653,47.86133],[7.65626,47.86139],[7.65599,47.86142],[7.65548,47.8615],[7.655,47.86147],[7.65431,47.86148],[7.65403,47.86151],[7.65366,47.86159],[7.65335,47.86176],[7.65309,47.8619],[7.65294,47.86201],[7.65279,47.86214],[7.65241,47.86225],[7.65226,47.86229],[7.65195,47.86239],[7.65163,47.86253],[7.65132,47.86271],[7.6511,47.86283],[7.65097,47.86293],[7.6509,47.86298],[7.6508,47.86304],[7.65077,47.86306],[7.64988,47.86333],[7.64921,47.86349],[7.64801,47.86404],[7.64788,47.86409],[7.6477,47.86417],[7.64746,47.86428],[7.64552,47.86515],[7.64544,47.86519],[7.64524,47.8653],[7.64519,47.86533],[7.64614,47.86642],[7.6464,47.86673],[7.64679,47.86725],[7.64668,47.8673],[7.64579,47.86769],[7.64451,47.86827],[7.64446,47.86829],[7.642,47.86935],[7.64196,47.86937],[7.63979,47.8703],[7.63949,47.87044],[7.63923,47.87056],[7.63917,47.8706],[7.63907,47.87065],[7.63921,47.87081],[7.63898,47.87088],[7.6389,47.87089],[7.63887,47.87091],[7.63936,47.87157],[7.63938,47.87159],[7.63939,47.87161],[7.63533,47.87263],[7.63521,47.87266],[7.63506,47.87269],[7.63501,47.8727],[7.63491,47.87273],[7.628,47.87449],[7.62792,47.87451],[7.62785,47.87452],[7.62213,47.87596],[7.62208,47.87598],[7.61731,47.8772],[7.61743,47.87648],[7.6176,47.8751],[7.61774,47.87395],[7.61782,47.87338],[7.61785,47.87302],[7.61782,47.8727],[7.61775,47.87245],[7.61768,47.87226],[7.61342,47.87338],[7.61341,47.87336],[7.61338,47.87333],[7.61292,47.8727],[7.61198,47.87134],[7.61192,47.87125],[7.61189,47.8712],[7.61121,47.87026],[7.60921,47.86745],[7.60914,47.86732],[7.608,47.86552],[7.60808,47.86543],[7.60804,47.86539],[7.60871,47.86503],[7.60936,47.86467],[7.60983,47.8644],[7.6099,47.86435],[7.61092,47.86376],[7.61177,47.8633],[7.61162,47.86316],[7.61178,47.86309],[7.60862,47.8578],[7.60602,47.85846],[7.60454,47.85608],[7.60295,47.85346],[7.6012,47.8538],[7.60067,47.85391],[7.59916,47.85421],[7.59846,47.85315],[7.59662,47.85007],[7.59659,47.84998],[7.59659,47.84996],[7.59594,47.84808],[7.59593,47.84805],[7.59535,47.84635],[7.59547,47.84631]]]}},{"type":"Feature","properties":{"id":"ballrechten_dottingen","name":"Ballrechten-Dottingen"},"geometry":{"type":"Polygon","coordinates":[[[7.68899,47.84796],[7.68929,47.84797],[7.68946,47.84801],[7.68962,47.84801],[7.68974,47.84798],[7.69072,47.84799],[7.69175,47.84806],[7.69201,47.84809],[7.6925,47.8482],[7.69276,47.84829],[7.69307,47.84842],[7.69365,47.84871],[7.69436,47.84904],[7.6946,47.84913],[7.69483,47.84892],[7.69502,47.84879],[7.69551,47.84843],[7.69572,47.84856],[7.69579,47.84861],[7.69604,47.84877],[7.69617,47.84885],[7.69643,47.84886],[7.69663,47.8487],[7.69787,47.84938],[7.69842,47.84906],[7.69864,47.84917],[7.69881,47.84925],[7.69886,47.84923],[7.69917,47.84904],[7.69962,47.84875],[7.70003,47.84886],[7.70045,47.84858],[7.70061,47.84854],[7.70097,47.84852],[7.70121,47.84849],[7.70149,47.84843],[7.70169,47.84837],[7.70228,47.84781],[7.70231,47.84783],[7.70244,47.84782],[7.70324,47.84759],[7.70347,47.84755],[7.70368,47.84752],[7.70393,47.84752],[7.70418,47.84753],[7.70455,47.84765],[7.70474,47.84769],[7.70487,47.84771],[7.7057,47.84777],[7.70586,47.84779],[7.70594,47.84781],[7.70596,47.84781],[7.70606,47.84783],[7.70611,47.84784],[7.70617,47.84789],[7.70619,47.8479],[7.70627,47.84795],[7.70679,47.84847],[7.70751,47.84919],[7.70783,47.8495],[7.70818,47.84987],[7.70845,47.85029],[7.70895,47.85042],[7.70973,47.85079],[7.71011,47.85089],[7.71078,47.851],[7.71102,47.85101],[7.71177,47.85105],[7.71215,47.85095],[7.71248,47.85092],[7.71314,47.85085],[7.71321,47.85084],[7.71329,47.85082],[7.71334,47.8508],[7.71367,47.85071],[7.71387,47.85062],[7.71393,47.8506],[7.71435,47.85035],[7.71465,47.85024],[7.7147,47.85022],[7.7148,47.85021],[7.71488,47.8502],[7.71541,47.85023],[7.71623,47.85006],[7.71645,47.84994],[7.71664,47.84981],[7.71693,47.84971],[7.71716,47.84965],[7.71767,47.84941],[7.718,47.84933],[7.71826,47.84924],[7.71833,47.84921],[7.71839,47.8492],[7.71876,47.84907],[7.71905,47.84892],[7.71898,47.84875],[7.71957,47.84856],[7.71993,47.84847],[7.72017,47.84835],[7.72056,47.8482],[7.72119,47.84806],[7.72146,47.84797],[7.72161,47.84792],[7.72215,47.8478],[7.72246,47.84775],[7.72279,47.84769],[7.72315,47.84773],[7.72354,47.8478],[7.72382,47.84776],[7.72412,47.84768],[7.72454,47.84752],[7.72513,47.84738],[7.7255,47.8473],[7.7259,47.84716],[7.72615,47.8471],[7.7265,47.84701],[7.7268,47.84706],[7.72696,47.84709],[7.7274,47.84715],[7.72793,47.84734],[7.72802,47.8478],[7.72843,47.84821],[7.72868,47.84872],[7.72898,47.84929],[7.72914,47.84961],[7.72927,47.85007],[7.7292,47.85015],[7.72905,47.8505],[7.72906,47.85126],[7.72894,47.85202],[7.72857,47.85294],[7.72882,47.8539],[7.72836,47.85419],[7.72792,47.85446],[7.72749,47.85473],[7.72692,47.85509],[7.72652,47.8556],[7.72648,47.8566],[7.72616,47.85678],[7.72582,47.85697],[7.72471,47.85746],[7.7234,47.85774],[7.72312,47.8578],[7.72282,47.85796],[7.72255,47.85801],[7.72234,47.85802],[7.72191,47.8582],[7.72169,47.85823],[7.72137,47.85833],[7.72096,47.85856],[7.72062,47.85866],[7.71979,47.859],[7.71936,47.85943],[7.71916,47.85972],[7.71904,47.85974],[7.71849,47.86027],[7.71838,47.86027],[7.71801,47.86042],[7.71742,47.86031],[7.71732,47.86033],[7.71723,47.86041],[7.71722,47.86047],[7.717,47.86065],[7.71677,47.86077],[7.71657,47.86086],[7.71669,47.86111],[7.71696,47.86132],[7.71696,47.86141],[7.71701,47.86151],[7.71706,47.86156],[7.71699,47.8616],[7.71717,47.86177],[7.7164,47.86198],[7.71543,47.86224],[7.7147,47.86248],[7.71447,47.86256],[7.71378,47.86277],[7.71393,47.86307],[7.71355,47.8632],[7.71367,47.86383],[7.71363,47.864],[7.71353,47.86397],[7.71342,47.86414],[7.7132,47.86484],[7.7131,47.86512],[7.71243,47.86546],[7.71194,47.86563],[7.71198,47.86565],[7.71112,47.86598],[7.71123,47.86609],[7.71033,47.86651],[7.7103,47.86652],[7.71043,47.86669],[7.70976,47.86707],[7.70892,47.86752],[7.70886,47.86755],[7.70879,47.86759],[7.70875,47.86761],[7.70815,47.86713],[7.70703,47.86775],[7.70656,47.86796],[7.70648,47.86807],[7.70613,47.86796],[7.70548,47.8677],[7.70486,47.86746],[7.70442,47.86726],[7.70433,47.86722],[7.70357,47.8668],[7.7035,47.86681],[7.70328,47.86686],[7.70283,47.86663],[7.70279,47.86665],[7.70244,47.86641],[7.70225,47.8663],[7.70212,47.86621],[7.70181,47.86599],[7.70162,47.86585],[7.70081,47.86526],[7.70061,47.86508],[7.70054,47.86503],[7.70035,47.86489],[7.70031,47.86493],[7.70022,47.86511],[7.69859,47.86443],[7.6982,47.86459],[7.698,47.86466],[7.69777,47.86475],[7.69717,47.86499],[7.69711,47.86507],[7.69706,47.86511],[7.6948,47.86717],[7.69479,47.86717],[7.69479,47.86717],[7.69473,47.86715],[7.6947,47.86713],[7.69403,47.86668],[7.69398,47.86664],[7.69394,47.86662],[7.69315,47.86608],[7.69298,47.86597],[7.69239,47.86555],[7.69235,47.86552],[7.6921,47.86534],[7.69171,47.86507],[7.69086,47.86444],[7.69082,47.86446],[7.69077,47.86449],[7.69073,47.86451],[7.68924,47.86552],[7.68922,47.86551],[7.68918,47.86549],[7.68842,47.86603],[7.6884,47.86605],[7.68737,47.86697],[7.68731,47.86698],[7.68709,47.86686],[7.68663,47.86723],[7.68562,47.86805],[7.68555,47.86805],[7.68441,47.86719],[7.68439,47.86718],[7.68437,47.86715],[7.68294,47.86606],[7.68269,47.8659],[7.68269,47.86588],[7.68268,47.86585],[7.68268,47.86583],[7.68253,47.8658],[7.68076,47.86447],[7.68066,47.8644],[7.6805,47.86429],[7.68048,47.86427],[7.6803,47.86435],[7.67936,47.86349],[7.67947,47.86338],[7.67943,47.86335],[7.67877,47.86333],[7.67821,47.86278],[7.6777,47.86243],[7.67697,47.86273],[7.67692,47.86269],[7.67691,47.86268],[7.67688,47.86266],[7.67651,47.86237],[7.67638,47.86227],[7.67628,47.86219],[7.67529,47.86159],[7.67512,47.86147],[7.67508,47.8615],[7.67505,47.86152],[7.67494,47.86143],[7.67482,47.86134],[7.67477,47.86131],[7.67436,47.86102],[7.67427,47.86093],[7.67425,47.86093],[7.67423,47.86091],[7.67419,47.86088],[7.67375,47.86058],[7.67365,47.86052],[7.67337,47.86024],[7.67302,47.85987],[7.67298,47.85983],[7.67285,47.8597],[7.67281,47.85967],[7.67268,47.85955],[7.67263,47.85949],[7.6724,47.85925],[7.67231,47.85916],[7.67222,47.85907],[7.67218,47.85902],[7.67196,47.85878],[7.67147,47.85821],[7.67107,47.85779],[7.67104,47.85775],[7.67102,47.85773],[7.67101,47.85772],[7.67084,47.85754],[7.67074,47.85744],[7.67071,47.85741],[7.6707,47.8574],[7.67052,47.85741],[7.67029,47.85716],[7.67027,47.85714],[7.67025,47.85713],[7.67024,47.85712],[7.67043,47.85706],[7.67095,47.85686],[7.67128,47.85678],[7.67158,47.85677],[7.67174,47.85675],[7.6719,47.8567],[7.67203,47.85666],[7.67223,47.85659],[7.67243,47.85652],[7.67266,47.85643],[7.67306,47.85632],[7.6732,47.85623],[7.67332,47.85605],[7.6734,47.85595],[7.67362,47.85562],[7.67389,47.85519],[7.67413,47.855],[7.67444,47.85496],[7.67469,47.85491],[7.67497,47.85478],[7.67493,47.85472],[7.67492,47.85471],[7.67469,47.85443],[7.6746,47.85434],[7.67457,47.85431],[7.6745,47.85422],[7.67443,47.85414],[7.67425,47.85392],[7.6738,47.85408],[7.67361,47.85372],[7.67354,47.85357],[7.67341,47.85333],[7.67328,47.85306],[7.67326,47.85302],[7.67351,47.85298],[7.67477,47.85275],[7.67573,47.85251],[7.67645,47.85229],[7.67857,47.85189],[7.68008,47.85153],[7.68082,47.85129],[7.68162,47.85096],[7.68219,47.85079],[7.68384,47.85036],[7.68612,47.84968],[7.68667,47.84936],[7.68746,47.84882],[7.68867,47.8482],[7.68899,47.84796]]]}},{"type":"Feature","properties":{"id":"badenweiler","name":"Badenweiler"},"geometry":{"type":"Polygon","coordinates":[[[7.66214,47.81068],[7.66141,47.8106],[7.66085,47.81059],[7.66048,47.81062],[7.66028,47.81063],[7.65992,47.81061],[7.65973,47.81062],[7.65944,47.81064],[7.65907,47.81066],[7.65898,47.81066],[7.65891,47.81042],[7.6589,47.81039],[7.65908,47.81036],[7.65908,47.81014],[7.65908,47.8101],[7.65908,47.81006],[7.65907,47.80919],[7.65907,47.80909],[7.65906,47.80851],[7.65944,47.80853],[7.65946,47.80838],[7.65947,47.80831],[7.65948,47.80825],[7.65927,47.80821],[7.65928,47.80775],[7.65928,47.80757],[7.66038,47.80765],[7.66117,47.80771],[7.66167,47.80769],[7.66202,47.80766],[7.66249,47.80762],[7.66346,47.80761],[7.66338,47.80739],[7.66332,47.80723],[7.66308,47.80658],[7.66296,47.80625],[7.66294,47.80622],[7.66246,47.80617],[7.66295,47.80537],[7.66255,47.80532],[7.66257,47.80506],[7.66269,47.80485],[7.66328,47.80421],[7.66395,47.80403],[7.66378,47.80389],[7.66415,47.80364],[7.66459,47.80326],[7.66479,47.80282],[7.6648,47.80253],[7.66226,47.8029],[7.66169,47.80277],[7.66094,47.80267],[7.66074,47.80231],[7.66025,47.80153],[7.66011,47.8012],[7.65997,47.80089],[7.65936,47.79986],[7.65923,47.79965],[7.6589,47.79936],[7.65886,47.79927],[7.65881,47.79912],[7.6588,47.79892],[7.6589,47.79871],[7.65903,47.79859],[7.65913,47.79822],[7.65954,47.79801],[7.65968,47.79791],[7.65978,47.79784],[7.65983,47.79775],[7.65954,47.79706],[7.65966,47.79667],[7.66024,47.7954],[7.66035,47.79497],[7.66053,47.79478],[7.66105,47.79463],[7.66209,47.79472],[7.66361,47.79426],[7.66382,47.79422],[7.66425,47.7942],[7.66447,47.79422],[7.66459,47.79423],[7.66473,47.7942],[7.6649,47.79414],[7.66501,47.79408],[7.66576,47.7937],[7.66593,47.79363],[7.6665,47.79352],[7.66717,47.79329],[7.66744,47.7933],[7.66776,47.79317],[7.66842,47.79335],[7.67369,47.79451],[7.67391,47.79478],[7.67412,47.79522],[7.67457,47.79598],[7.6749,47.79643],[7.67508,47.79663],[7.67591,47.79682],[7.67664,47.79717],[7.67755,47.79727],[7.67921,47.79728],[7.67939,47.79709],[7.67969,47.7967],[7.67978,47.79638],[7.67992,47.79605],[7.6801,47.79667],[7.68007,47.79764],[7.67991,47.79904],[7.68041,47.79934],[7.68143,47.79983],[7.68181,47.79987],[7.68219,47.7998],[7.68323,47.79979],[7.68353,47.79743],[7.68414,47.79461],[7.68492,47.7929],[7.68574,47.79377],[7.68833,47.79375],[7.68868,47.79468],[7.68896,47.79506],[7.69253,47.79361],[7.69248,47.79305],[7.69205,47.7925],[7.69151,47.79071],[7.69149,47.79033],[7.69157,47.78847],[7.69173,47.7872],[7.69132,47.78621],[7.692,47.78524],[7.68752,47.78321],[7.68627,47.78346],[7.68525,47.78378],[7.68439,47.78379],[7.68346,47.7837],[7.68305,47.78357],[7.68259,47.78339],[7.68214,47.78329],[7.68153,47.78328],[7.68115,47.78325],[7.68096,47.78316],[7.68063,47.78311],[7.68001,47.78398],[7.67971,47.78373],[7.67891,47.78435],[7.67837,47.78403],[7.67732,47.7841],[7.67658,47.7841],[7.67616,47.78395],[7.67483,47.78366],[7.67402,47.78358],[7.67412,47.78366],[7.67352,47.7841],[7.67282,47.78523],[7.67187,47.78574],[7.67263,47.78744],[7.67305,47.78763],[7.67306,47.7882],[7.67317,47.78836],[7.67361,47.78874],[7.67345,47.78944],[7.67178,47.78979],[7.6708,47.79015],[7.6699,47.79013],[7.66847,47.79038],[7.66733,47.7904],[7.66641,47.7906],[7.66522,47.7915],[7.66426,47.791],[7.66401,47.79077],[7.66378,47.7906],[7.66346,47.79063],[7.66296,47.79052],[7.66255,47.79042],[7.66226,47.79052],[7.66215,47.79067],[7.66198,47.79081],[7.66155,47.79106],[7.66127,47.7912],[7.66099,47.7914],[7.66034,47.79183],[7.66028,47.792],[7.6596,47.79234],[7.65865,47.7926],[7.65817,47.79281],[7.65803,47.79291],[7.65807,47.79296],[7.65798,47.79297],[7.65793,47.79299],[7.65767,47.79309],[7.65669,47.79341],[7.65652,47.79349],[7.65639,47.79357],[7.65613,47.79382],[7.6559,47.79395],[7.65579,47.79407],[7.65566,47.79391],[7.65552,47.79341],[7.65521,47.79337],[7.65456,47.79326],[7.65432,47.79344],[7.65411,47.7936],[7.65398,47.79371],[7.65277,47.79441],[7.65209,47.79388],[7.65134,47.79356],[7.65203,47.79281],[7.65195,47.79277],[7.65179,47.79271],[7.65198,47.79253],[7.65264,47.7919],[7.65278,47.7917],[7.65279,47.79164],[7.65289,47.79128],[7.65279,47.79057],[7.64992,47.79067],[7.64981,47.79056],[7.64837,47.79042],[7.64781,47.79024],[7.64689,47.78964],[7.6466,47.78948],[7.64596,47.78916],[7.64672,47.78808],[7.64739,47.78588],[7.64799,47.78532],[7.64886,47.78436],[7.648,47.7844],[7.64871,47.78399],[7.64928,47.78342],[7.65011,47.78266],[7.65101,47.78184],[7.6514,47.78156],[7.65209,47.78124],[7.65482,47.78056],[7.65499,47.78059],[7.65626,47.78038],[7.6581,47.77956],[7.65906,47.77952],[7.65939,47.77933],[7.66,47.77883],[7.66075,47.77794],[7.6618,47.7773],[7.66246,47.7768],[7.66257,47.77648],[7.66417,47.77624],[7.66429,47.7751],[7.66465,47.77499],[7.66477,47.77495],[7.66541,47.77544],[7.6661,47.77491],[7.66775,47.77391],[7.66868,47.77335],[7.66956,47.77304],[7.67017,47.77276],[7.67044,47.7726],[7.67094,47.77236],[7.67125,47.77215],[7.6717,47.77176],[7.67244,47.77147],[7.67315,47.77161],[7.67443,47.77227],[7.67509,47.77254],[7.67607,47.77282],[7.67724,47.77316],[7.67858,47.77353],[7.68074,47.7739],[7.68213,47.77406],[7.68402,47.77428],[7.68471,47.77461],[7.68565,47.77576],[7.68623,47.77605],[7.68748,47.77672],[7.6879,47.77695],[7.68894,47.77739],[7.68973,47.77793],[7.69036,47.77854],[7.6909,47.77913],[7.69112,47.77954],[7.6918,47.7799],[7.69248,47.78018],[7.69285,47.78022],[7.69346,47.78027],[7.69403,47.78028],[7.69483,47.78029],[7.69586,47.78048],[7.69683,47.77977],[7.69725,47.7794],[7.69826,47.77924],[7.69903,47.77903],[7.69928,47.77896],[7.69999,47.77884],[7.70062,47.77867],[7.70124,47.77843],[7.70149,47.77869],[7.7018,47.77897],[7.70305,47.78072],[7.70348,47.78111],[7.70373,47.7814],[7.70426,47.78202],[7.70446,47.78286],[7.70497,47.78361],[7.70859,47.78325],[7.71022,47.78339],[7.71103,47.78345],[7.71221,47.78346],[7.71325,47.78339],[7.71473,47.78354],[7.71554,47.78362],[7.71652,47.78354],[7.71759,47.78363],[7.71814,47.7839],[7.7184,47.78401],[7.71876,47.78436],[7.71911,47.78457],[7.71963,47.78486],[7.7202,47.78522],[7.7207,47.7857],[7.72068,47.78654],[7.7201,47.78698],[7.71901,47.78724],[7.71768,47.78743],[7.71717,47.78744],[7.71622,47.78763],[7.71391,47.78849],[7.71318,47.78906],[7.71285,47.78943],[7.71193,47.78996],[7.71164,47.79042],[7.71138,47.79102],[7.71097,47.79129],[7.71081,47.79193],[7.70997,47.79307],[7.70932,47.79361],[7.70887,47.79413],[7.70872,47.79451],[7.70862,47.7949],[7.70862,47.79537],[7.70857,47.79573],[7.70836,47.79619],[7.70824,47.79721],[7.70774,47.79771],[7.7073,47.79787],[7.70713,47.79826],[7.7069,47.79887],[7.70634,47.79932],[7.70657,47.8001],[7.70609,47.80093],[7.70606,47.80135],[7.70605,47.8016],[7.70613,47.80182],[7.70622,47.80204],[7.70753,47.80209],[7.70709,47.80394],[7.70737,47.80457],[7.70834,47.80489],[7.70831,47.8051],[7.70816,47.80513],[7.70818,47.80539],[7.70943,47.80502],[7.71082,47.80412],[7.71089,47.80389],[7.71143,47.80373],[7.7118,47.80377],[7.71268,47.80336],[7.71344,47.80337],[7.71347,47.80349],[7.71312,47.80375],[7.71277,47.80397],[7.71228,47.8042],[7.71145,47.8046],[7.71036,47.80511],[7.70981,47.80534],[7.7097,47.80539],[7.70973,47.80544],[7.70982,47.8056],[7.70937,47.80615],[7.70905,47.80636],[7.70867,47.80654],[7.70851,47.8066],[7.7083,47.80665],[7.70802,47.80669],[7.70785,47.80671],[7.70601,47.80664],[7.70496,47.80672],[7.70423,47.80666],[7.70347,47.80732],[7.70342,47.80741],[7.70341,47.80746],[7.70387,47.8081],[7.70412,47.80847],[7.70425,47.80876],[7.70497,47.80937],[7.70558,47.81048],[7.70595,47.81087],[7.70648,47.81107],[7.70668,47.81119],[7.70709,47.81144],[7.70742,47.81167],[7.70821,47.81226],[7.70838,47.81298],[7.7097,47.81427],[7.70957,47.81486],[7.70925,47.81544],[7.70883,47.81524],[7.70817,47.81554],[7.70392,47.81578],[7.70162,47.81707],[7.70123,47.81701],[7.70059,47.81678],[7.69987,47.81638],[7.69907,47.81571],[7.69833,47.81536],[7.69788,47.81478],[7.69786,47.81477],[7.69803,47.81463],[7.69831,47.8144],[7.69874,47.81411],[7.69894,47.81383],[7.69906,47.81383],[7.69992,47.81378],[7.70043,47.81376],[7.70075,47.81374],[7.70079,47.8136],[7.70081,47.81352],[7.70083,47.81345],[7.70088,47.8133],[7.70091,47.81319],[7.70075,47.81288],[7.70075,47.81287],[7.70076,47.81274],[7.70077,47.81259],[7.70082,47.81225],[7.7008,47.81219],[7.70076,47.81204],[7.70076,47.81194],[7.70074,47.81174],[7.70079,47.81157],[7.70103,47.81136],[7.70137,47.81127],[7.70205,47.811],[7.70205,47.81074],[7.70204,47.81048],[7.702,47.81014],[7.70206,47.81012],[7.70193,47.80997],[7.70166,47.80966],[7.70132,47.80928],[7.70094,47.80899],[7.70079,47.80876],[7.70075,47.8087],[7.70072,47.80872],[7.70049,47.80883],[7.70033,47.80859],[7.70012,47.80852],[7.69975,47.80851],[7.6997,47.80851],[7.69946,47.80851],[7.69934,47.80851],[7.69919,47.80852],[7.69905,47.80852],[7.69903,47.80863],[7.69901,47.80873],[7.69878,47.80879],[7.69856,47.80884],[7.69834,47.80865],[7.69833,47.80863],[7.69801,47.80828],[7.69783,47.8079],[7.69781,47.80786],[7.69757,47.80787],[7.69737,47.80791],[7.6973,47.80783],[7.69725,47.80775],[7.69716,47.80778],[7.69704,47.80783],[7.6969,47.80788],[7.69629,47.80811],[7.69614,47.80815],[7.69583,47.80823],[7.6957,47.80826],[7.69544,47.80832],[7.69522,47.80837],[7.69483,47.8084],[7.69466,47.8084],[7.6947,47.80853],[7.69464,47.80864],[7.69462,47.80866],[7.69462,47.80867],[7.69459,47.80871],[7.69457,47.80874],[7.6944,47.80875],[7.69423,47.80876],[7.69408,47.80879],[7.69398,47.80881],[7.69375,47.80886],[7.69356,47.80893],[7.69347,47.80904],[7.69322,47.80904],[7.69322,47.80904],[7.69297,47.80904],[7.69279,47.80907],[7.69256,47.8091],[7.69234,47.80917],[7.69223,47.8092],[7.69209,47.80922],[7.69172,47.80927],[7.69107,47.80935],[7.69041,47.80953],[7.69019,47.80959],[7.68993,47.80966],[7.68955,47.80966],[7.68932,47.80972],[7.68847,47.80993],[7.68756,47.81006],[7.68606,47.81022],[7.6838,47.81035],[7.68348,47.81036],[7.68335,47.81037],[7.68283,47.8104],[7.6826,47.81041],[7.68245,47.81041],[7.68232,47.81037],[7.68219,47.81036],[7.68222,47.81045],[7.68231,47.81069],[7.68206,47.81067],[7.6816,47.81075],[7.68098,47.8108],[7.6809,47.81081],[7.68083,47.81073],[7.68034,47.81103],[7.68006,47.81121],[7.67978,47.81151],[7.67971,47.81172],[7.67967,47.81188],[7.67965,47.81198],[7.67974,47.81243],[7.67984,47.8127],[7.68053,47.81286],[7.68059,47.81327],[7.68064,47.81419],[7.68079,47.81423],[7.68067,47.81448],[7.68051,47.81477],[7.68047,47.81476],[7.68,47.81464],[7.67972,47.81457],[7.67937,47.81449],[7.67891,47.81437],[7.67883,47.81435],[7.67875,47.81433],[7.67869,47.81427],[7.67857,47.81418],[7.67828,47.81398],[7.67813,47.81383],[7.67799,47.8137],[7.67794,47.81365],[7.67786,47.81356],[7.6778,47.81347],[7.67741,47.81338],[7.67708,47.8133],[7.67683,47.81324],[7.67681,47.81324],[7.67651,47.81317],[7.67644,47.81315],[7.67593,47.81299],[7.67568,47.81286],[7.67513,47.81257],[7.6748,47.81239],[7.67488,47.81201],[7.67489,47.81199],[7.67492,47.81185],[7.67496,47.81167],[7.67442,47.81159],[7.67443,47.8115],[7.67429,47.81146],[7.67415,47.81143],[7.67415,47.81143],[7.67407,47.81141],[7.67358,47.81112],[7.67287,47.81056],[7.67304,47.81029],[7.6725,47.81018],[7.67202,47.81007],[7.67159,47.80998],[7.67126,47.80991],[7.67104,47.80986],[7.67085,47.80982],[7.67029,47.80971],[7.66985,47.80961],[7.66979,47.8096],[7.66941,47.8095],[7.66905,47.8094],[7.66873,47.80933],[7.66839,47.80925],[7.66838,47.80925],[7.66825,47.80922],[7.66801,47.80926],[7.6678,47.80929],[7.66747,47.80936],[7.66726,47.80941],[7.66688,47.8095],[7.66557,47.80974],[7.66492,47.80989],[7.66475,47.80993],[7.66464,47.80995],[7.66452,47.80998],[7.6642,47.81005],[7.664,47.8101],[7.66387,47.81013],[7.6638,47.81015],[7.66356,47.81022],[7.66331,47.8103],[7.66313,47.81036],[7.66305,47.81038],[7.66297,47.8104],[7.66278,47.81046],[7.66272,47.81048],[7.66261,47.8105],[7.66242,47.81054],[7.66231,47.81056],[7.66214,47.81068]]]}},{"type":"Feature","properties":{"id":"muellheim","name":"Müllheim im Markgräflerland"},"geometry":{"type":"MultiPolygon","coordinates":[[[[7.76602,47.80398],[7.76568,47.80412],[7.76539,47.80418],[7.76445,47.80423],[7.76225,47.80411],[7.76056,47.80378],[7.76008,47.80332],[7.75743,47.80249],[7.75505,47.80281],[7.75375,47.80262],[7.7511,47.80347],[7.75087,47.80348],[7.74991,47.80352],[7.74916,47.80342],[7.74901,47.80341],[7.74891,47.8034],[7.74826,47.80333],[7.74618,47.80301],[7.74431,47.80357],[7.74346,47.8036],[7.7432,47.80358],[7.74271,47.80363],[7.74175,47.80394],[7.7411,47.80577],[7.73931,47.80675],[7.73885,47.80696],[7.73864,47.80726],[7.73835,47.80762],[7.7378,47.80798],[7.73747,47.80817],[7.73736,47.80824],[7.73687,47.80839],[7.7362,47.80863],[7.73531,47.80909],[7.73473,47.80929],[7.73371,47.80924],[7.73225,47.80891],[7.73091,47.80845],[7.73068,47.80792],[7.73086,47.80764],[7.72991,47.80836],[7.72913,47.80915],[7.72876,47.80952],[7.72795,47.80902],[7.72739,47.80901],[7.7268,47.80885],[7.72445,47.80887],[7.72248,47.80889],[7.72197,47.80903],[7.72116,47.80958],[7.72061,47.81031],[7.72015,47.81067],[7.71894,47.81136],[7.71837,47.81156],[7.7181,47.81174],[7.71795,47.81288],[7.71779,47.81307],[7.71716,47.81324],[7.71651,47.81356],[7.71596,47.81372],[7.7154,47.81421],[7.71441,47.81464],[7.71385,47.81463],[7.71271,47.81525],[7.71023,47.81524],[7.70925,47.81544],[7.70957,47.81486],[7.7097,47.81427],[7.70838,47.81298],[7.70821,47.81226],[7.70742,47.81167],[7.70709,47.81144],[7.70668,47.81119],[7.70648,47.81107],[7.70595,47.81087],[7.70558,47.81048],[7.70497,47.80937],[7.70425,47.80876],[7.70412,47.80847],[7.70387,47.8081],[7.70341,47.80746],[7.70342,47.80741],[7.70347,47.80732],[7.70423,47.80666],[7.70496,47.80672],[7.70601,47.80664],[7.70785,47.80671],[7.70802,47.80669],[7.7083,47.80665],[7.70851,47.8066],[7.70867,47.80654],[7.70905,47.80636],[7.70937,47.80615],[7.70982,47.8056],[7.70973,47.80544],[7.7097,47.80539],[7.70981,47.80534],[7.71036,47.80511],[7.71145,47.8046],[7.71228,47.8042],[7.71277,47.80397],[7.71312,47.80375],[7.71347,47.80349],[7.71344,47.80337],[7.71268,47.80336],[7.7118,47.80377],[7.71143,47.80373],[7.71089,47.80389],[7.71082,47.80412],[7.70943,47.80502],[7.70818,47.80539],[7.70816,47.80513],[7.70831,47.8051],[7.70834,47.80489],[7.70737,47.80457],[7.70709,47.80394],[7.70753,47.80209],[7.70622,47.80204],[7.70613,47.80182],[7.70605,47.8016],[7.70606,47.80135],[7.70609,47.80093],[7.70657,47.8001],[7.70634,47.79932],[7.7069,47.79887],[7.70713,47.79826],[7.7073,47.79787],[7.70774,47.79771],[7.70824,47.79721],[7.70836,47.79619],[7.70857,47.79573],[7.70862,47.79537],[7.70862,47.7949],[7.70872,47.79451],[7.70887,47.79413],[7.70932,47.79361],[7.70997,47.79307],[7.71081,47.79193],[7.71097,47.79129],[7.71138,47.79102],[7.71164,47.79042],[7.71193,47.78996],[7.71285,47.78943],[7.71318,47.78906],[7.71391,47.78849],[7.71622,47.78763],[7.71717,47.78744],[7.71768,47.78743],[7.71901,47.78724],[7.7201,47.78698],[7.72068,47.78654],[7.7207,47.7857],[7.72146,47.78625],[7.7225,47.78698],[7.72354,47.78777],[7.72379,47.78844],[7.72442,47.78918],[7.72496,47.78911],[7.7257,47.78904],[7.72637,47.789],[7.72684,47.78913],[7.72813,47.7895],[7.72846,47.78961],[7.72911,47.78982],[7.73268,47.78951],[7.73358,47.7899],[7.73473,47.79036],[7.73588,47.79057],[7.73793,47.79022],[7.73916,47.79018],[7.74039,47.79022],[7.74157,47.79022],[7.74283,47.79017],[7.74405,47.79035],[7.74674,47.79049],[7.74901,47.7897],[7.74989,47.78988],[7.7506,47.79005],[7.75137,47.79025],[7.75214,47.79024],[7.75306,47.79037],[7.75367,47.79043],[7.75449,47.79031],[7.75493,47.79015],[7.75575,47.79011],[7.75631,47.79018],[7.75746,47.79041],[7.75796,47.79049],[7.75839,47.79066],[7.75886,47.79086],[7.75931,47.79109],[7.75969,47.79127],[7.76004,47.79134],[7.76045,47.79141],[7.76135,47.79165],[7.76231,47.79198],[7.76316,47.79224],[7.76432,47.79272],[7.76541,47.79305],[7.76679,47.79302],[7.76742,47.79297],[7.76829,47.79287],[7.76899,47.79278],[7.77004,47.79259],[7.77089,47.79242],[7.77114,47.79237],[7.77188,47.79227],[7.77273,47.79202],[7.7736,47.79172],[7.77491,47.79104],[7.77594,47.7903],[7.77888,47.79193],[7.78108,47.79298],[7.78365,47.79423],[7.7822,47.79526],[7.78069,47.79643],[7.77968,47.7971],[7.77941,47.79732],[7.77899,47.79711],[7.77866,47.79805],[7.77843,47.79871],[7.77835,47.79907],[7.77831,47.7992],[7.77777,47.80034],[7.7779,47.80051],[7.77776,47.80095],[7.77743,47.80212],[7.77806,47.8034],[7.7772,47.80299],[7.77417,47.80246],[7.77341,47.80244],[7.77117,47.80257],[7.77093,47.80251],[7.76988,47.80224],[7.76973,47.80219],[7.76893,47.80208],[7.76776,47.80196],[7.76752,47.80204],[7.76672,47.8029],[7.76651,47.80318],[7.76602,47.80398]]],[[[7.58595,47.83317],[7.58471,47.8334],[7.58412,47.83247],[7.57959,47.82531],[7.57607,47.82293],[7.57508,47.82216],[7.57393,47.82094],[7.57396,47.82087],[7.57483,47.82062],[7.57159,47.81548],[7.57161,47.81544],[7.57732,47.8138],[7.57576,47.81133],[7.57706,47.81135],[7.57707,47.81122],[7.5787,47.81125],[7.57929,47.8112],[7.57988,47.81112],[7.58099,47.81095],[7.58148,47.81084],[7.58173,47.81078],[7.58184,47.81068],[7.58197,47.81061],[7.582,47.8106],[7.58215,47.81054],[7.58221,47.81053],[7.58233,47.8105],[7.58246,47.8105],[7.58265,47.81051],[7.58276,47.81053],[7.58284,47.81057],[7.58294,47.81058],[7.58305,47.81058],[7.58324,47.81053],[7.58372,47.81037],[7.58395,47.81029],[7.58423,47.81019],[7.58481,47.80997],[7.5854,47.80972],[7.58589,47.80949],[7.58588,47.80947],[7.58466,47.80739],[7.58692,47.80674],[7.58812,47.8064],[7.5882,47.80633],[7.58828,47.8063],[7.59103,47.80552],[7.59463,47.8045],[7.59569,47.80419],[7.59477,47.80273],[7.59799,47.80147],[7.59805,47.8014],[7.59806,47.80139],[7.59842,47.80103],[7.59856,47.80109],[7.59902,47.80073],[7.5989,47.80058],[7.59885,47.80049],[7.59886,47.80037],[7.59889,47.80034],[7.59899,47.80028],[7.59928,47.80014],[7.60016,47.79969],[7.60194,47.80063],[7.60211,47.80055],[7.60235,47.80053],[7.6026,47.80047],[7.60269,47.80038],[7.60273,47.80032],[7.60275,47.80014],[7.6028,47.80002],[7.60293,47.79976],[7.60316,47.79983],[7.60421,47.80011],[7.60465,47.80021],[7.60598,47.8006],[7.60617,47.80061],[7.60644,47.80056],[7.60713,47.80042],[7.60795,47.8003],[7.60855,47.80023],[7.6092,47.80006],[7.60985,47.79997],[7.61035,47.79989],[7.61081,47.7998],[7.61085,47.79968],[7.61051,47.79912],[7.60975,47.79774],[7.60944,47.79738],[7.60938,47.79729],[7.60937,47.79722],[7.60941,47.79714],[7.60944,47.79707],[7.61012,47.79679],[7.61065,47.7966],[7.61238,47.79599],[7.61237,47.79598],[7.61135,47.79432],[7.61257,47.79367],[7.6126,47.79291],[7.61261,47.79267],[7.61258,47.79259],[7.61246,47.79247],[7.61196,47.79205],[7.61185,47.79202],[7.61178,47.79199],[7.61145,47.79169],[7.61114,47.79144],[7.61115,47.79143],[7.61168,47.79114],[7.61159,47.79106],[7.61121,47.79075],[7.61092,47.7905],[7.61064,47.79019],[7.61054,47.79006],[7.61056,47.79005],[7.61059,47.79004],[7.61134,47.78975],[7.61136,47.78975],[7.61254,47.78947],[7.61209,47.78792],[7.61307,47.78794],[7.61335,47.78791],[7.61372,47.78791],[7.61336,47.78668],[7.61391,47.78656],[7.61535,47.78625],[7.61551,47.78647],[7.61591,47.7864],[7.61621,47.78632],[7.61643,47.78625],[7.61657,47.78622],[7.61658,47.78622],[7.61693,47.78612],[7.61725,47.78607],[7.61751,47.78606],[7.61813,47.78601],[7.61833,47.78599],[7.6186,47.78594],[7.61875,47.78621],[7.61916,47.78618],[7.62015,47.7861],[7.62088,47.7859],[7.62085,47.78553],[7.62111,47.78541],[7.62131,47.78533],[7.6214,47.7853],[7.62177,47.78527],[7.62169,47.78463],[7.62166,47.78444],[7.62157,47.78402],[7.62157,47.784],[7.62261,47.78401],[7.62279,47.78401],[7.62341,47.78437],[7.6241,47.7847],[7.62437,47.7849],[7.6246,47.78493],[7.62504,47.78488],[7.6253,47.78487],[7.62547,47.78488],[7.62572,47.78454],[7.62591,47.78429],[7.6262,47.78421],[7.62653,47.78411],[7.62661,47.78421],[7.62665,47.78413],[7.62706,47.7838],[7.62743,47.78348],[7.6291,47.78323],[7.63111,47.78335],[7.6317,47.78309],[7.63245,47.78268],[7.63437,47.78232],[7.63585,47.78255],[7.63768,47.78316],[7.6354,47.78177],[7.63328,47.78061],[7.63238,47.78028],[7.63148,47.78012],[7.62974,47.77961],[7.62985,47.77948],[7.62908,47.7795],[7.62857,47.77928],[7.62787,47.779],[7.62766,47.77885],[7.62743,47.77867],[7.62711,47.77836],[7.62691,47.77812],[7.62667,47.77794],[7.62656,47.77788],[7.62653,47.77786],[7.62603,47.77773],[7.62581,47.77766],[7.62564,47.77758],[7.62557,47.77755],[7.6251,47.77718],[7.62463,47.77681],[7.62455,47.77683],[7.62449,47.77685],[7.62428,47.77686],[7.62387,47.77683],[7.62331,47.77681],[7.62304,47.77672],[7.62291,47.77667],[7.62256,47.77655],[7.62235,47.77645],[7.62217,47.77624],[7.62186,47.77589],[7.62151,47.7755],[7.62143,47.77542],[7.62122,47.77524],[7.62087,47.77492],[7.62056,47.77466],[7.62,47.7743],[7.61969,47.77414],[7.61901,47.77414],[7.61816,47.7741],[7.61749,47.77409],[7.61642,47.77403],[7.61608,47.77401],[7.61604,47.77394],[7.61585,47.77348],[7.61569,47.77335],[7.61527,47.77312],[7.615,47.77299],[7.61457,47.77291],[7.61523,47.771],[7.61551,47.77058],[7.6159,47.77073],[7.61678,47.77105],[7.61676,47.77083],[7.61662,47.7706],[7.61623,47.76999],[7.61591,47.7692],[7.61579,47.76891],[7.61567,47.76864],[7.61512,47.76732],[7.61495,47.76698],[7.6153,47.76689],[7.61502,47.76619],[7.61497,47.76611],[7.61505,47.76563],[7.61497,47.76509],[7.61483,47.76461],[7.61474,47.76408],[7.61485,47.76332],[7.61491,47.76282],[7.61525,47.76239],[7.61487,47.76044],[7.61488,47.7602],[7.6157,47.75978],[7.61551,47.75959],[7.61598,47.75894],[7.61614,47.75883],[7.61646,47.75864],[7.61732,47.75816],[7.61829,47.75768],[7.61883,47.75743],[7.61948,47.75726],[7.62092,47.75818],[7.62158,47.75864],[7.62232,47.75917],[7.62274,47.75951],[7.62292,47.75964],[7.62327,47.75993],[7.62424,47.76066],[7.62436,47.76076],[7.62616,47.76009],[7.62692,47.75971],[7.62739,47.75996],[7.62784,47.76019],[7.62841,47.76051],[7.62916,47.76096],[7.62963,47.76122],[7.63045,47.76161],[7.63094,47.76181],[7.63245,47.76231],[7.63425,47.76269],[7.63495,47.76281],[7.63562,47.763],[7.63621,47.76331],[7.63651,47.76366],[7.6367,47.76393],[7.63743,47.76454],[7.63857,47.76531],[7.63882,47.7654],[7.63969,47.76556],[7.6404,47.76566],[7.64172,47.76568],[7.64222,47.76583],[7.6432,47.76619],[7.64507,47.76682],[7.6455,47.76692],[7.64594,47.76698],[7.64746,47.76715],[7.64827,47.76723],[7.64933,47.76743],[7.65011,47.76776],[7.65046,47.76794],[7.65086,47.76832],[7.65094,47.76863],[7.65117,47.769],[7.65125,47.76913],[7.65135,47.76918],[7.65197,47.76961],[7.6522,47.76992],[7.65237,47.77014],[7.65241,47.77031],[7.65246,47.77069],[7.65249,47.77077],[7.65258,47.77093],[7.65268,47.7711],[7.65279,47.77128],[7.65285,47.77139],[7.65296,47.77168],[7.65331,47.7721],[7.65562,47.77323],[7.65779,47.77442],[7.65911,47.77507],[7.66063,47.77588],[7.66246,47.7768],[7.6618,47.7773],[7.66075,47.77794],[7.66,47.77883],[7.65939,47.77933],[7.65906,47.77952],[7.6581,47.77956],[7.65626,47.78038],[7.65499,47.78059],[7.65482,47.78056],[7.65209,47.78124],[7.6514,47.78156],[7.65101,47.78184],[7.65011,47.78266],[7.64928,47.78342],[7.64871,47.78399],[7.648,47.7844],[7.64886,47.78436],[7.64799,47.78532],[7.64739,47.78588],[7.64672,47.78808],[7.64596,47.78916],[7.6466,47.78948],[7.64689,47.78964],[7.64781,47.79024],[7.64837,47.79042],[7.64981,47.79056],[7.64992,47.79067],[7.65279,47.79057],[7.65289,47.79128],[7.65279,47.79164],[7.65278,47.7917],[7.65264,47.7919],[7.65198,47.79253],[7.65179,47.79271],[7.65195,47.79277],[7.65203,47.79281],[7.65134,47.79356],[7.65209,47.79388],[7.65277,47.79441],[7.65398,47.79371],[7.65411,47.7936],[7.65432,47.79344],[7.65456,47.79326],[7.65521,47.79337],[7.65552,47.79341],[7.65566,47.79391],[7.65579,47.79407],[7.6559,47.79395],[7.65613,47.79382],[7.65639,47.79357],[7.65652,47.79349],[7.65669,47.79341],[7.65767,47.79309],[7.65793,47.79299],[7.65798,47.79297],[7.65807,47.79296],[7.65803,47.79291],[7.65817,47.79281],[7.65865,47.7926],[7.6596,47.79234],[7.66028,47.792],[7.66034,47.79183],[7.66099,47.7914],[7.66127,47.7912],[7.66155,47.79106],[7.66198,47.79081],[7.66215,47.79067],[7.66226,47.79052],[7.66255,47.79042],[7.66296,47.79052],[7.66346,47.79063],[7.66378,47.7906],[7.66401,47.79077],[7.66426,47.791],[7.66522,47.7915],[7.66641,47.7906],[7.66733,47.7904],[7.66847,47.79038],[7.6699,47.79013],[7.6708,47.79015],[7.67178,47.78979],[7.67345,47.78944],[7.67361,47.78874],[7.67317,47.78836],[7.67306,47.7882],[7.67305,47.78763],[7.67263,47.78744],[7.67187,47.78574],[7.67282,47.78523],[7.67352,47.7841],[7.67412,47.78366],[7.67402,47.78358],[7.67483,47.78366],[7.67616,47.78395],[7.67658,47.7841],[7.67732,47.7841],[7.67837,47.78403],[7.67891,47.78435],[7.67971,47.78373],[7.68001,47.78398],[7.68063,47.78311],[7.68096,47.78316],[7.68115,47.78325],[7.68153,47.78328],[7.68214,47.78329],[7.68259,47.78339],[7.68305,47.78357],[7.68346,47.7837],[7.68439,47.78379],[7.68525,47.78378],[7.68627,47.78346],[7.68752,47.78321],[7.692,47.78524],[7.69132,47.78621],[7.69173,47.7872],[7.69157,47.78847],[7.69149,47.79033],[7.69151,47.79071],[7.69205,47.7925],[7.69248,47.79305],[7.69253,47.79361],[7.68896,47.79506],[7.68868,47.79468],[7.68833,47.79375],[7.68574,47.79377],[7.68492,47.7929],[7.68414,47.79461],[7.68353,47.79743],[7.68323,47.79979],[7.68219,47.7998],[7.68181,47.79987],[7.68143,47.79983],[7.68041,47.79934],[7.67991,47.79904],[7.68007,47.79764],[7.6801,47.79667],[7.67992,47.79605],[7.67978,47.79638],[7.67969,47.7967],[7.67939,47.79709],[7.67921,47.79728],[7.67755,47.79727],[7.67664,47.79717],[7.67591,47.79682],[7.67508,47.79663],[7.6749,47.79643],[7.67457,47.79598],[7.67412,47.79522],[7.67391,47.79478],[7.67369,47.79451],[7.66842,47.79335],[7.66776,47.79317],[7.66744,47.7933],[7.66717,47.79329],[7.6665,47.79352],[7.66593,47.79363],[7.66576,47.7937],[7.66501,47.79408],[7.6649,47.79414],[7.66473,47.7942],[7.66459,47.79423],[7.66447,47.79422],[7.66425,47.7942],[7.66382,47.79422],[7.66361,47.79426],[7.66209,47.79472],[7.66105,47.79463],[7.66053,47.79478],[7.66035,47.79497],[7.66024,47.7954],[7.65966,47.79667],[7.65954,47.79706],[7.65983,47.79775],[7.65978,47.79784],[7.65968,47.79791],[7.65954,47.79801],[7.65913,47.79822],[7.65903,47.79859],[7.6589,47.79871],[7.6588,47.79892],[7.65881,47.79912],[7.65886,47.79927],[7.6589,47.79936],[7.65923,47.79965],[7.65936,47.79986],[7.65997,47.80089],[7.66011,47.8012],[7.66025,47.80153],[7.66074,47.80231],[7.66094,47.80267],[7.66169,47.80277],[7.66226,47.8029],[7.6648,47.80253],[7.66479,47.80282],[7.66459,47.80326],[7.66415,47.80364],[7.66378,47.80389],[7.66395,47.80403],[7.66328,47.80421],[7.66269,47.80485],[7.66257,47.80506],[7.66255,47.80532],[7.66295,47.80537],[7.66246,47.80617],[7.66294,47.80622],[7.66296,47.80625],[7.66308,47.80658],[7.66332,47.80723],[7.66338,47.80739],[7.66346,47.80761],[7.66249,47.80762],[7.66202,47.80766],[7.66167,47.80769],[7.66117,47.80771],[7.66038,47.80765],[7.65928,47.80757],[7.65928,47.80775],[7.65927,47.80821],[7.65948,47.80825],[7.65947,47.80831],[7.65946,47.80838],[7.65944,47.80853],[7.65906,47.80851],[7.65907,47.80909],[7.65907,47.80919],[7.65908,47.81006],[7.65908,47.8101],[7.65908,47.81014],[7.65908,47.81036],[7.6589,47.81039],[7.65891,47.81042],[7.65898,47.81066],[7.65907,47.81066],[7.65944,47.81064],[7.65973,47.81062],[7.65992,47.81061],[7.66028,47.81063],[7.66048,47.81062],[7.66085,47.81059],[7.66141,47.8106],[7.66214,47.81068],[7.66231,47.81056],[7.66242,47.81054],[7.66261,47.8105],[7.66272,47.81048],[7.66278,47.81046],[7.66297,47.8104],[7.66305,47.81038],[7.66313,47.81036],[7.66331,47.8103],[7.66356,47.81022],[7.6638,47.81015],[7.66387,47.81013],[7.664,47.8101],[7.6642,47.81005],[7.66452,47.80998],[7.66464,47.80995],[7.66475,47.80993],[7.66492,47.80989],[7.66557,47.80974],[7.66688,47.8095],[7.66726,47.80941],[7.66747,47.80936],[7.6678,47.80929],[7.66801,47.80926],[7.66825,47.80922],[7.66838,47.80925],[7.66839,47.80925],[7.66873,47.80933],[7.66905,47.8094],[7.66941,47.8095],[7.66979,47.8096],[7.66985,47.80961],[7.67029,47.80971],[7.67085,47.80982],[7.67104,47.80986],[7.67126,47.80991],[7.67159,47.80998],[7.67202,47.81007],[7.6725,47.81018],[7.67304,47.81029],[7.67287,47.81056],[7.67358,47.81112],[7.67407,47.81141],[7.67415,47.81143],[7.67415,47.81143],[7.67429,47.81146],[7.67443,47.8115],[7.67442,47.81159],[7.67496,47.81167],[7.67492,47.81185],[7.67489,47.81199],[7.67488,47.81201],[7.6748,47.81239],[7.67513,47.81257],[7.67568,47.81286],[7.67593,47.81299],[7.67644,47.81315],[7.67651,47.81317],[7.67681,47.81324],[7.67683,47.81324],[7.67708,47.8133],[7.67741,47.81338],[7.6778,47.81347],[7.67786,47.81356],[7.67794,47.81365],[7.67799,47.8137],[7.67813,47.81383],[7.67828,47.81398],[7.67857,47.81418],[7.67869,47.81427],[7.67875,47.81433],[7.67883,47.81435],[7.67891,47.81437],[7.67937,47.81449],[7.67972,47.81457],[7.68,47.81464],[7.68047,47.81476],[7.68051,47.81477],[7.68067,47.81448],[7.68079,47.81423],[7.68064,47.81419],[7.68059,47.81327],[7.68053,47.81286],[7.67984,47.8127],[7.67974,47.81243],[7.67965,47.81198],[7.67967,47.81188],[7.67971,47.81172],[7.67978,47.81151],[7.68006,47.81121],[7.68034,47.81103],[7.68083,47.81073],[7.6809,47.81081],[7.68098,47.8108],[7.6816,47.81075],[7.68206,47.81067],[7.68231,47.81069],[7.68222,47.81045],[7.68219,47.81036],[7.68232,47.81037],[7.68245,47.81041],[7.6826,47.81041],[7.68283,47.8104],[7.68335,47.81037],[7.68348,47.81036],[7.6838,47.81035],[7.68606,47.81022],[7.68756,47.81006],[7.68847,47.80993],[7.68932,47.80972],[7.68955,47.80966],[7.68993,47.80966],[7.69019,47.80959],[7.69041,47.80953],[7.69107,47.80935],[7.69172,47.80927],[7.69209,47.80922],[7.69223,47.8092],[7.69234,47.80917],[7.69256,47.8091],[7.69279,47.80907],[7.69297,47.80904],[7.69322,47.80904],[7.69322,47.80904],[7.69347,47.80904],[7.69356,47.80893],[7.69375,47.80886],[7.69398,47.80881],[7.69408,47.80879],[7.69423,47.80876],[7.6944,47.80875],[7.69457,47.80874],[7.69459,47.80871],[7.69462,47.80867],[7.69462,47.80866],[7.69464,47.80864],[7.6947,47.80853],[7.69466,47.8084],[7.69483,47.8084],[7.69522,47.80837],[7.69544,47.80832],[7.6957,47.80826],[7.69583,47.80823],[7.69614,47.80815],[7.69629,47.80811],[7.6969,47.80788],[7.69704,47.80783],[7.69716,47.80778],[7.69725,47.80775],[7.6973,47.80783],[7.69737,47.80791],[7.69757,47.80787],[7.69781,47.80786],[7.69783,47.8079],[7.69801,47.80828],[7.69833,47.80863],[7.69834,47.80865],[7.69856,47.80884],[7.69878,47.80879],[7.69901,47.80873],[7.69903,47.80863],[7.69905,47.80852],[7.69919,47.80852],[7.69934,47.80851],[7.69946,47.80851],[7.6997,47.80851],[7.69975,47.80851],[7.70012,47.80852],[7.70033,47.80859],[7.70049,47.80883],[7.70072,47.80872],[7.70075,47.8087],[7.70079,47.80876],[7.70094,47.80899],[7.70132,47.80928],[7.70166,47.80966],[7.70193,47.80997],[7.70206,47.81012],[7.702,47.81014],[7.70204,47.81048],[7.70205,47.81074],[7.70205,47.811],[7.70137,47.81127],[7.70103,47.81136],[7.70079,47.81157],[7.70074,47.81174],[7.70076,47.81194],[7.70076,47.81204],[7.7008,47.81219],[7.70082,47.81225],[7.70077,47.81259],[7.70076,47.81274],[7.70075,47.81287],[7.70075,47.81288],[7.70091,47.81319],[7.70088,47.8133],[7.70083,47.81345],[7.70081,47.81352],[7.70079,47.8136],[7.70075,47.81374],[7.70043,47.81376],[7.69992,47.81378],[7.69906,47.81383],[7.69894,47.81383],[7.69874,47.81411],[7.69831,47.8144],[7.69803,47.81463],[7.69786,47.81477],[7.69788,47.81478],[7.69833,47.81536],[7.69907,47.81571],[7.69987,47.81638],[7.70059,47.81678],[7.70123,47.81701],[7.70162,47.81707],[7.70085,47.81877],[7.70089,47.81931],[7.70131,47.82005],[7.70132,47.82055],[7.70153,47.82119],[7.70188,47.82185],[7.70209,47.82318],[7.70228,47.82357],[7.70218,47.82384],[7.70222,47.82421],[7.70115,47.82651],[7.69991,47.82881],[7.70007,47.82964],[7.69977,47.82996],[7.69887,47.83033],[7.69877,47.83064],[7.69895,47.83119],[7.69886,47.83156],[7.69902,47.83235],[7.69897,47.83277],[7.69887,47.83296],[7.69895,47.83327],[7.69869,47.83372],[7.69794,47.83364],[7.69714,47.83327],[7.69656,47.83312],[7.69507,47.83295],[7.69402,47.83255],[7.69351,47.83207],[7.69323,47.83153],[7.6929,47.83141],[7.69253,47.83155],[7.69225,47.83209],[7.69183,47.83251],[7.69108,47.83333],[7.69008,47.83322],[7.68963,47.83312],[7.68907,47.83322],[7.68849,47.83325],[7.68762,47.83341],[7.68527,47.83412],[7.68442,47.83431],[7.68319,47.83464],[7.68282,47.83472],[7.68184,47.83511],[7.68115,47.83541],[7.6808,47.83558],[7.67948,47.83638],[7.67899,47.8366],[7.67743,47.8373],[7.67625,47.83775],[7.67568,47.83794],[7.67476,47.83818],[7.67448,47.83823],[7.67381,47.83825],[7.67333,47.83835],[7.67294,47.83848],[7.67231,47.83874],[7.67179,47.83891],[7.67122,47.83904],[7.67086,47.83922],[7.66964,47.8395],[7.66942,47.83952],[7.66926,47.83956],[7.66559,47.83998],[7.66559,47.84001],[7.66383,47.84048],[7.66366,47.84053],[7.66298,47.84151],[7.66356,47.84171],[7.66339,47.84197],[7.66325,47.84199],[7.66293,47.84192],[7.66252,47.84269],[7.66253,47.84295],[7.6626,47.84316],[7.66253,47.84318],[7.66295,47.8436],[7.66309,47.84377],[7.66318,47.84395],[7.66197,47.84364],[7.66123,47.84349],[7.66082,47.84341],[7.65885,47.84307],[7.6578,47.84299],[7.65628,47.84282],[7.65566,47.84278],[7.65522,47.84283],[7.65483,47.84302],[7.65483,47.84277],[7.65397,47.84301],[7.65327,47.84311],[7.65122,47.84296],[7.65125,47.84243],[7.65072,47.84242],[7.6507,47.84225],[7.64938,47.84229],[7.64935,47.84198],[7.64777,47.84204],[7.64807,47.84142],[7.64817,47.84135],[7.64799,47.84136],[7.64782,47.84133],[7.64698,47.84112],[7.64692,47.84121],[7.64451,47.84065],[7.64457,47.84048],[7.64428,47.84039],[7.64408,47.84082],[7.64369,47.84095],[7.64352,47.84104],[7.64405,47.84001],[7.64246,47.8395],[7.64217,47.83938],[7.64241,47.83909],[7.64184,47.83892],[7.64161,47.83905],[7.64129,47.83913],[7.64114,47.83888],[7.64107,47.83855],[7.64087,47.83807],[7.64059,47.83811],[7.64021,47.83738],[7.63987,47.83642],[7.63987,47.83622],[7.63964,47.83531],[7.63959,47.83529],[7.63941,47.83534],[7.63883,47.83572],[7.63817,47.83624],[7.63788,47.83655],[7.63714,47.83627],[7.63726,47.83608],[7.63748,47.8356],[7.63774,47.83534],[7.63806,47.83513],[7.63833,47.83469],[7.63847,47.83454],[7.63745,47.83438],[7.63782,47.83401],[7.63735,47.83373],[7.63747,47.8336],[7.63726,47.83298],[7.63703,47.83256],[7.63682,47.83225],[7.63657,47.83226],[7.63616,47.83235],[7.63544,47.83245],[7.63477,47.83255],[7.63472,47.83238],[7.63471,47.83221],[7.63468,47.83197],[7.6344,47.832],[7.63408,47.83205],[7.63393,47.83214],[7.63372,47.83229],[7.63412,47.83247],[7.63393,47.83264],[7.63366,47.83287],[7.63341,47.83313],[7.63321,47.83304],[7.63291,47.83289],[7.63267,47.83281],[7.63243,47.83304],[7.63212,47.83316],[7.63166,47.83338],[7.63103,47.83368],[7.63096,47.83371],[7.63092,47.83372],[7.63053,47.83388],[7.6308,47.83403],[7.63043,47.83422],[7.63002,47.83441],[7.62938,47.83463],[7.62862,47.8349],[7.62858,47.83491],[7.62854,47.83493],[7.62809,47.83512],[7.62781,47.83522],[7.62753,47.83537],[7.62745,47.83541],[7.62753,47.83545],[7.62733,47.83564],[7.6273,47.83567],[7.62702,47.83596],[7.62614,47.83554],[7.62609,47.83551],[7.62603,47.83568],[7.62597,47.83588],[7.62594,47.8361],[7.62594,47.83614],[7.62591,47.83637],[7.62588,47.83651],[7.62581,47.83678],[7.62566,47.83707],[7.62556,47.83724],[7.62544,47.83743],[7.62535,47.83765],[7.62534,47.83765],[7.62528,47.83764],[7.62454,47.83757],[7.62452,47.83756],[7.62448,47.83756],[7.62445,47.83756],[7.62449,47.83777],[7.62449,47.83784],[7.62441,47.83808],[7.62443,47.83821],[7.6244,47.83841],[7.62434,47.8386],[7.62426,47.83885],[7.62432,47.8389],[7.62439,47.83895],[7.62455,47.83907],[7.62484,47.83926],[7.62446,47.83937],[7.62404,47.83944],[7.62395,47.8395],[7.6239,47.8397],[7.6239,47.83981],[7.624,47.84008],[7.62418,47.84031],[7.62429,47.84042],[7.62448,47.84073],[7.62365,47.84092],[7.62319,47.84101],[7.62313,47.84102],[7.6231,47.84103],[7.62293,47.84106],[7.62282,47.84107],[7.62274,47.84102],[7.62244,47.84075],[7.61976,47.8415],[7.61973,47.84151],[7.6197,47.84152],[7.61962,47.84154],[7.61941,47.8416],[7.61835,47.83996],[7.61707,47.8379],[7.61704,47.83791],[7.61702,47.83791],[7.61515,47.83846],[7.61434,47.83871],[7.6119,47.83942],[7.61222,47.84042],[7.61227,47.84059],[7.6122,47.8406],[7.60581,47.84176],[7.602,47.84245],[7.60178,47.84249],[7.60167,47.84251],[7.60154,47.84253],[7.60022,47.84276],[7.5999,47.84285],[7.59992,47.84289],[7.6009,47.84496],[7.60092,47.845],[7.60092,47.84501],[7.59862,47.84556],[7.59547,47.84631],[7.59546,47.84627],[7.59469,47.84447],[7.59551,47.84415],[7.59567,47.84409],[7.59564,47.84405],[7.595,47.84298],[7.59447,47.84214],[7.59384,47.8412],[7.59364,47.84089],[7.59362,47.84087],[7.59361,47.84083],[7.5936,47.8408],[7.59359,47.84079],[7.59361,47.84071],[7.59363,47.84062],[7.59315,47.84008],[7.59248,47.83935],[7.59182,47.83866],[7.59177,47.8386],[7.59176,47.83859],[7.5917,47.83852],[7.58849,47.83912],[7.58843,47.83913],[7.58835,47.83885],[7.58719,47.8361],[7.58594,47.83326],[7.58597,47.83321],[7.58595,47.83317]]]]}},{"type":"Feature","properties":{"id":"steinen","name":"Steinen"},"geometry":{"type":"Polygon","coordinates":[[[7.76311,47.69879],[7.76275,47.69943],[7.76255,47.69989],[7.76195,47.69964],[7.76213,47.70035],[7.76235,47.70065],[7.76264,47.70166],[7.76284,47.70303],[7.76351,47.70442],[7.7632,47.7056],[7.7632,47.70635],[7.76406,47.70714],[7.76433,47.70749],[7.76379,47.70824],[7.76424,47.70905],[7.76459,47.7099],[7.76416,47.71058],[7.76412,47.71088],[7.76367,47.71082],[7.76412,47.7117],[7.76396,47.712],[7.76397,47.71231],[7.76468,47.71303],[7.7641,47.71357],[7.76446,47.71392],[7.7625,47.71534],[7.76192,47.71598],[7.76119,47.71636],[7.76013,47.71715],[7.75936,47.71798],[7.75748,47.71971],[7.75749,47.72132],[7.75741,47.72149],[7.75724,47.72165],[7.75714,47.72181],[7.75708,47.72225],[7.75671,47.72234],[7.7563,47.72231],[7.75614,47.72268],[7.75622,47.72324],[7.75662,47.72324],[7.75687,47.72332],[7.75672,47.72371],[7.75679,47.724],[7.75666,47.72426],[7.75681,47.7249],[7.75643,47.72534],[7.75623,47.72632],[7.75595,47.72632],[7.75665,47.72742],[7.75659,47.7276],[7.75727,47.72819],[7.75598,47.72866],[7.7561,47.72883],[7.75631,47.72897],[7.75657,47.72921],[7.75678,47.7295],[7.75691,47.72981],[7.7567,47.73047],[7.75646,47.7308],[7.7559,47.73109],[7.7556,47.73131],[7.75624,47.7316],[7.75646,47.73187],[7.75658,47.73273],[7.75678,47.73316],[7.75677,47.73348],[7.75642,47.73392],[7.75404,47.73271],[7.75143,47.73145],[7.75005,47.73083],[7.74799,47.72923],[7.74644,47.72906],[7.74547,47.72906],[7.74428,47.72935],[7.74349,47.7295],[7.74263,47.72959],[7.74204,47.72948],[7.74081,47.72896],[7.73995,47.72945],[7.7389,47.73083],[7.73839,47.7314],[7.73735,47.73208],[7.7366,47.73259],[7.73602,47.7321],[7.73301,47.73032],[7.73252,47.72988],[7.7319,47.72929],[7.7313,47.72896],[7.73056,47.72812],[7.73033,47.72782],[7.72972,47.72654],[7.72941,47.72617],[7.72924,47.72579],[7.72881,47.7255],[7.72822,47.72525],[7.72755,47.72485],[7.72695,47.72445],[7.72647,47.72403],[7.72585,47.72358],[7.72536,47.72312],[7.72456,47.72259],[7.72401,47.72238],[7.72319,47.7221],[7.72283,47.72168],[7.72242,47.72101],[7.7219,47.72033],[7.72173,47.71977],[7.72162,47.71923],[7.72193,47.71879],[7.72221,47.71812],[7.72223,47.71745],[7.72209,47.71703],[7.72157,47.71632],[7.72112,47.71614],[7.72054,47.71609],[7.71971,47.71595],[7.71892,47.71575],[7.71822,47.71561],[7.71731,47.71547],[7.71651,47.71511],[7.71616,47.71491],[7.71536,47.71466],[7.71364,47.7142],[7.71421,47.71379],[7.71484,47.71352],[7.71542,47.71321],[7.71565,47.71305],[7.71625,47.71269],[7.71715,47.7121],[7.71759,47.71175],[7.71809,47.7115],[7.71826,47.71097],[7.71801,47.71053],[7.71727,47.70997],[7.71706,47.70939],[7.71651,47.70885],[7.71631,47.70843],[7.71604,47.70768],[7.71509,47.70668],[7.71508,47.70603],[7.71481,47.70568],[7.71385,47.70545],[7.71359,47.70534],[7.7132,47.70485],[7.71285,47.70446],[7.71259,47.70411],[7.7121,47.70353],[7.71155,47.70302],[7.71132,47.70257],[7.71182,47.7017],[7.71221,47.70119],[7.71285,47.70087],[7.71328,47.70052],[7.71372,47.7],[7.71416,47.69984],[7.71442,47.69948],[7.7156,47.69865],[7.71597,47.69835],[7.71648,47.69804],[7.71648,47.69757],[7.7166,47.69729],[7.71627,47.69693],[7.71597,47.69685],[7.71427,47.69526],[7.7131,47.69346],[7.71358,47.69244],[7.71094,47.6911],[7.71043,47.69098],[7.70908,47.69058],[7.70875,47.68974],[7.70829,47.68887],[7.70803,47.6883],[7.70871,47.68758],[7.7092,47.68691],[7.70969,47.68592],[7.70974,47.68458],[7.70924,47.68447],[7.70956,47.68372],[7.71011,47.68322],[7.71026,47.68246],[7.71042,47.68187],[7.71092,47.68101],[7.71146,47.6802],[7.71207,47.67938],[7.71256,47.67883],[7.71289,47.67814],[7.71291,47.67782],[7.71293,47.67747],[7.71269,47.67645],[7.71249,47.67528],[7.71212,47.67447],[7.71215,47.67399],[7.7121,47.67303],[7.71159,47.67228],[7.71098,47.6717],[7.70965,47.67057],[7.7098,47.67042],[7.70963,47.66958],[7.70986,47.66858],[7.71035,47.6679],[7.71116,47.66695],[7.71171,47.66614],[7.71123,47.66557],[7.71068,47.66435],[7.71055,47.66327],[7.70981,47.66244],[7.70964,47.66175],[7.70953,47.66159],[7.70979,47.65939],[7.71006,47.65788],[7.71009,47.65648],[7.71069,47.65638],[7.71191,47.65677],[7.71229,47.65686],[7.71244,47.6568],[7.71339,47.65683],[7.71397,47.65689],[7.71447,47.65696],[7.71507,47.65699],[7.71508,47.65665],[7.71548,47.65657],[7.71557,47.65656],[7.71582,47.6564],[7.71627,47.6563],[7.71684,47.65652],[7.71761,47.65691],[7.71809,47.65685],[7.71829,47.65681],[7.71865,47.65685],[7.71891,47.65695],[7.71881,47.65572],[7.72023,47.65538],[7.7201,47.65465],[7.71982,47.65382],[7.71936,47.65331],[7.71949,47.65302],[7.72029,47.65169],[7.72043,47.6517],[7.72068,47.65116],[7.72077,47.6509],[7.72091,47.65018],[7.72104,47.64971],[7.72108,47.64883],[7.72123,47.64835],[7.72129,47.64792],[7.72192,47.64725],[7.72129,47.64709],[7.72101,47.64704],[7.72096,47.64661],[7.72092,47.64661],[7.7211,47.64555],[7.72062,47.64548],[7.72075,47.64484],[7.72012,47.64475],[7.72029,47.64423],[7.72023,47.64423],[7.72046,47.64359],[7.72207,47.64345],[7.72199,47.64304],[7.72248,47.64302],[7.7219,47.64167],[7.72181,47.64113],[7.7223,47.64106],[7.72227,47.64096],[7.72291,47.64054],[7.72316,47.64043],[7.72355,47.64039],[7.72436,47.64037],[7.72403,47.63968],[7.72495,47.63942],[7.72492,47.63929],[7.72444,47.63843],[7.72471,47.63833],[7.72467,47.63786],[7.72465,47.6377],[7.72418,47.63769],[7.72299,47.63658],[7.72287,47.63643],[7.72267,47.63652],[7.72254,47.63622],[7.72266,47.63618],[7.72192,47.63528],[7.72147,47.63463],[7.72117,47.63405],[7.72055,47.63195],[7.72033,47.63143],[7.72003,47.6308],[7.71962,47.63007],[7.7194,47.62948],[7.71903,47.62775],[7.71831,47.62635],[7.71899,47.62554],[7.72029,47.62459],[7.72139,47.62414],[7.72259,47.62385],[7.72263,47.62354],[7.72326,47.62345],[7.72292,47.62261],[7.72293,47.62214],[7.72261,47.62204],[7.72262,47.622],[7.72295,47.62164],[7.72348,47.62096],[7.72373,47.62058],[7.72368,47.62044],[7.72401,47.62002],[7.72463,47.61969],[7.72487,47.61954],[7.72736,47.61854],[7.72797,47.61819],[7.72856,47.6173],[7.72893,47.61645],[7.72971,47.61708],[7.73163,47.61754],[7.73295,47.61823],[7.73428,47.61854],[7.73618,47.61863],[7.73749,47.61882],[7.73833,47.61902],[7.73877,47.619],[7.73909,47.61926],[7.73932,47.61933],[7.73989,47.61897],[7.74077,47.61902],[7.74211,47.61932],[7.74332,47.62004],[7.74392,47.62032],[7.74394,47.62027],[7.74446,47.62045],[7.74493,47.62055],[7.74477,47.62072],[7.74787,47.62208],[7.7488,47.622],[7.74989,47.62203],[7.75127,47.6219],[7.75142,47.62213],[7.75182,47.62188],[7.75231,47.62154],[7.75271,47.62129],[7.75328,47.621],[7.75394,47.62069],[7.75409,47.62077],[7.7545,47.62083],[7.75532,47.62103],[7.75633,47.62147],[7.75601,47.62199],[7.75667,47.62222],[7.757,47.62228],[7.75848,47.62204],[7.75893,47.622],[7.76172,47.62226],[7.76243,47.62218],[7.76299,47.62289],[7.76399,47.62266],[7.76463,47.62255],[7.76493,47.62249],[7.76541,47.62398],[7.76531,47.62408],[7.7653,47.62436],[7.76366,47.62537],[7.7632,47.62575],[7.76244,47.6265],[7.76128,47.6275],[7.75989,47.62765],[7.75879,47.62767],[7.75882,47.62799],[7.75895,47.6285],[7.75911,47.62886],[7.75948,47.62941],[7.75974,47.63],[7.75954,47.63035],[7.7592,47.63082],[7.75901,47.63078],[7.75873,47.6315],[7.75843,47.63201],[7.75821,47.63277],[7.75835,47.63337],[7.75851,47.63441],[7.75872,47.63541],[7.7586,47.63545],[7.75872,47.63744],[7.7597,47.63764],[7.75945,47.63905],[7.75952,47.63905],[7.75947,47.6394],[7.75864,47.63937],[7.7581,47.6406],[7.75851,47.64081],[7.75813,47.64174],[7.75834,47.64189],[7.75941,47.64212],[7.75945,47.64287],[7.75972,47.64299],[7.75982,47.64339],[7.76011,47.64362],[7.76072,47.6436],[7.76098,47.64409],[7.76088,47.64423],[7.76103,47.64456],[7.76132,47.64455],[7.76121,47.64512],[7.76132,47.64603],[7.76203,47.64609],[7.76354,47.64627],[7.76449,47.64634],[7.76597,47.64653],[7.7665,47.64662],[7.76668,47.6466],[7.7674,47.64661],[7.76818,47.6467],[7.76869,47.6469],[7.76882,47.64705],[7.76914,47.64725],[7.76943,47.64765],[7.77009,47.64824],[7.77173,47.64925],[7.77227,47.64893],[7.77272,47.64954],[7.77292,47.65056],[7.77313,47.65107],[7.77287,47.65152],[7.77305,47.65254],[7.77289,47.65327],[7.77281,47.65427],[7.77266,47.65476],[7.77299,47.65557],[7.7736,47.65633],[7.77401,47.65694],[7.77433,47.65769],[7.77406,47.65861],[7.77405,47.65952],[7.77427,47.66038],[7.7744,47.6612],[7.7747,47.66168],[7.7749,47.66234],[7.77504,47.66305],[7.77513,47.66392],[7.77561,47.66579],[7.77602,47.66645],[7.77647,47.66786],[7.77704,47.6687],[7.77693,47.66947],[7.77663,47.67021],[7.77698,47.67027],[7.77737,47.67067],[7.77794,47.67115],[7.77921,47.67137],[7.77978,47.67165],[7.78021,47.67193],[7.78053,47.67219],[7.78145,47.67271],[7.78234,47.6729],[7.78255,47.67289],[7.78254,47.67332],[7.78256,47.67359],[7.78261,47.67384],[7.78265,47.67419],[7.78271,47.67417],[7.78287,47.67482],[7.78294,47.67537],[7.78302,47.67565],[7.78238,47.67615],[7.78181,47.67618],[7.78189,47.67636],[7.78159,47.67644],[7.78142,47.67651],[7.77983,47.67689],[7.77982,47.67697],[7.77951,47.67738],[7.77938,47.67787],[7.77908,47.67831],[7.77911,47.67858],[7.77984,47.67876],[7.78008,47.67909],[7.78012,47.67962],[7.78048,47.68011],[7.78043,47.68026],[7.78022,47.6804],[7.78009,47.68067],[7.78014,47.68113],[7.78067,47.68154],[7.7805,47.68177],[7.78038,47.68199],[7.78107,47.68194],[7.78172,47.68195],[7.78219,47.68218],[7.78186,47.68244],[7.78191,47.68259],[7.78221,47.68303],[7.7824,47.68318],[7.78279,47.68337],[7.78319,47.68353],[7.78328,47.6836],[7.78316,47.68373],[7.78278,47.68381],[7.78237,47.68396],[7.78216,47.68408],[7.78175,47.68444],[7.78173,47.68455],[7.78205,47.68475],[7.7807,47.68519],[7.78111,47.68536],[7.78106,47.68543],[7.78115,47.68548],[7.78118,47.68548],[7.78142,47.68566],[7.78148,47.68574],[7.78159,47.68596],[7.78173,47.68614],[7.78183,47.68617],[7.78176,47.68625],[7.78189,47.68646],[7.78169,47.68657],[7.78191,47.68739],[7.78187,47.68764],[7.78174,47.68797],[7.78239,47.688],[7.78247,47.68804],[7.78223,47.68824],[7.78213,47.68837],[7.78193,47.68854],[7.78181,47.6898],[7.78185,47.69005],[7.78165,47.69018],[7.78244,47.69232],[7.78157,47.69301],[7.78182,47.6932],[7.78157,47.6933],[7.78141,47.69343],[7.78133,47.69372],[7.78136,47.69399],[7.78103,47.69494],[7.78152,47.69506],[7.78174,47.69573],[7.78087,47.69568],[7.7805,47.69569],[7.77932,47.69587],[7.77866,47.69579],[7.77763,47.69554],[7.77673,47.69541],[7.77602,47.69534],[7.77566,47.69483],[7.77576,47.69399],[7.77468,47.69247],[7.77384,47.69184],[7.77188,47.69182],[7.77191,47.69032],[7.77108,47.69006],[7.77047,47.69012],[7.76966,47.69025],[7.76874,47.69064],[7.76831,47.69027],[7.76882,47.68993],[7.76908,47.68974],[7.76927,47.68952],[7.76904,47.6894],[7.76858,47.68909],[7.76872,47.68895],[7.76889,47.68887],[7.76896,47.68877],[7.7691,47.6887],[7.76913,47.68866],[7.76941,47.68848],[7.76958,47.6884],[7.76964,47.6884],[7.76971,47.68837],[7.76977,47.6883],[7.76986,47.68827],[7.77008,47.688],[7.7702,47.6879],[7.76958,47.6875],[7.76885,47.68789],[7.76851,47.68812],[7.76812,47.68846],[7.7681,47.68868],[7.768,47.68886],[7.76758,47.68932],[7.76765,47.68959],[7.76763,47.68989],[7.76746,47.69002],[7.76708,47.69022],[7.76702,47.69029],[7.76688,47.6904],[7.76674,47.69046],[7.7667,47.69051],[7.76658,47.69055],[7.76651,47.69063],[7.76648,47.69069],[7.76624,47.69086],[7.76615,47.69099],[7.76611,47.69101],[7.76605,47.69102],[7.76596,47.69112],[7.76596,47.69125],[7.7659,47.69145],[7.76586,47.69169],[7.76584,47.69174],[7.76577,47.69182],[7.76574,47.69195],[7.76549,47.69209],[7.76544,47.69213],[7.76546,47.69217],[7.76538,47.69223],[7.76519,47.69232],[7.76508,47.69247],[7.76501,47.69258],[7.76494,47.69278],[7.76495,47.69298],[7.76497,47.69301],[7.76484,47.69321],[7.76472,47.69331],[7.76474,47.69337],[7.7647,47.69348],[7.76462,47.69355],[7.76459,47.69363],[7.76416,47.69424],[7.76405,47.69457],[7.76412,47.69509],[7.76407,47.69544],[7.76408,47.69609],[7.76378,47.69646],[7.76367,47.69691],[7.76378,47.69708],[7.76409,47.69736],[7.76424,47.69778],[7.7634,47.69838],[7.76311,47.69879]]]}},{"type":"Feature","properties":{"id":"ruemmingen","name":"Rümmingen"},"geometry":{"type":"MultiPolygon","coordinates":[[[[7.61274,47.64737],[7.61104,47.6471],[7.61057,47.64707],[7.61011,47.64721],[7.60968,47.64707],[7.60961,47.64722],[7.60908,47.64717],[7.60886,47.64653],[7.60933,47.64632],[7.60956,47.64615],[7.60966,47.64606],[7.60991,47.64578],[7.61012,47.64545],[7.61039,47.64513],[7.61061,47.64485],[7.61072,47.64463],[7.61085,47.6445],[7.61152,47.6446],[7.61157,47.64457],[7.6116,47.64436],[7.6117,47.64436],[7.61173,47.64397],[7.61179,47.64377],[7.61192,47.64353],[7.6124,47.64324],[7.61263,47.6432],[7.61331,47.64326],[7.61387,47.6433],[7.61422,47.64349],[7.61493,47.64408],[7.6144,47.6446],[7.61451,47.64475],[7.61385,47.64554],[7.61367,47.64609],[7.6137,47.64623],[7.61344,47.64742],[7.61274,47.64737]]],[[[7.63805,47.65079],[7.638,47.65057],[7.63759,47.64892],[7.63642,47.64888],[7.63581,47.64889],[7.63571,47.64907],[7.63419,47.64901],[7.63227,47.64878],[7.63156,47.64923],[7.63145,47.64916],[7.62988,47.64745],[7.62815,47.64611],[7.62799,47.64612],[7.62752,47.64631],[7.62624,47.64691],[7.6248,47.64748],[7.62471,47.64726],[7.62235,47.64774],[7.622,47.6466],[7.62155,47.64474],[7.62347,47.64431],[7.62366,47.64424],[7.62628,47.64295],[7.62714,47.64246],[7.62786,47.64208],[7.62847,47.64175],[7.62865,47.64172],[7.62944,47.6415],[7.62966,47.6415],[7.63426,47.64027],[7.63548,47.63991],[7.63568,47.64023],[7.63589,47.6406],[7.63602,47.64102],[7.63667,47.64078],[7.63674,47.64069],[7.63732,47.63975],[7.63717,47.63952],[7.63715,47.63937],[7.6369,47.63915],[7.63672,47.63906],[7.63655,47.63893],[7.63651,47.63885],[7.63647,47.63862],[7.63656,47.63841],[7.63661,47.63828],[7.63658,47.63806],[7.63648,47.638],[7.63737,47.63738],[7.63831,47.63667],[7.63878,47.63669],[7.63936,47.63668],[7.63996,47.63665],[7.64066,47.6367],[7.64148,47.63675],[7.6416,47.63689],[7.64303,47.63717],[7.64322,47.63712],[7.64362,47.63717],[7.6438,47.63738],[7.64417,47.63747],[7.64469,47.6376],[7.64475,47.63761],[7.64598,47.63762],[7.64694,47.63763],[7.64759,47.63764],[7.64824,47.63772],[7.64802,47.63721],[7.64853,47.63663],[7.65085,47.63577],[7.65128,47.63623],[7.65197,47.63669],[7.65275,47.6372],[7.65483,47.63828],[7.65518,47.63854],[7.65545,47.63892],[7.65588,47.63932],[7.65624,47.63982],[7.65689,47.64097],[7.65714,47.64123],[7.65747,47.64152],[7.6585,47.64208],[7.65911,47.64252],[7.66003,47.64252],[7.66339,47.64063],[7.66381,47.641],[7.66454,47.64179],[7.66548,47.64306],[7.66615,47.64421],[7.66717,47.64652],[7.66751,47.64767],[7.66787,47.64922],[7.66811,47.65083],[7.66825,47.65277],[7.66989,47.65173],[7.6704,47.6516],[7.67073,47.65136],[7.67118,47.6512],[7.67176,47.6509],[7.6719,47.65058],[7.67205,47.65053],[7.67206,47.65042],[7.67231,47.65013],[7.67236,47.64992],[7.67257,47.64949],[7.67267,47.64958],[7.67357,47.64905],[7.67417,47.64938],[7.67487,47.64963],[7.67553,47.64964],[7.67466,47.6508],[7.68051,47.65915],[7.67593,47.66092],[7.67459,47.66045],[7.67316,47.66013],[7.67124,47.65847],[7.6711,47.6583],[7.67064,47.65697],[7.67024,47.6563],[7.66988,47.65588],[7.66864,47.65494],[7.66811,47.65437],[7.66763,47.65346],[7.66761,47.65258],[7.66581,47.65244],[7.66544,47.65234],[7.66308,47.6519],[7.66219,47.65178],[7.66094,47.65112],[7.66072,47.65105],[7.66,47.65061],[7.659,47.65071],[7.658,47.65093],[7.65599,47.65094],[7.65492,47.65101],[7.65465,47.65064],[7.65388,47.65069],[7.65317,47.65059],[7.65244,47.64935],[7.65192,47.64906],[7.65053,47.64927],[7.64936,47.64953],[7.6484,47.64966],[7.64732,47.64975],[7.64701,47.64933],[7.6458,47.64945],[7.64573,47.64946],[7.64543,47.64919],[7.64475,47.64953],[7.64381,47.64981],[7.6437,47.64967],[7.64359,47.64957],[7.64323,47.64938],[7.64307,47.64924],[7.64141,47.64988],[7.64128,47.64966],[7.63826,47.65078],[7.63805,47.65079]]]]}},{"type":"Feature","properties":{"id":"schallbach","name":"Schallbach"},"geometry":{"type":"Polygon","coordinates":[[[7.60788,47.65705],[7.60761,47.65624],[7.60769,47.65618],[7.6074,47.6557],[7.60743,47.65567],[7.60858,47.65528],[7.60854,47.65522],[7.61016,47.65475],[7.61071,47.65496],[7.61099,47.65499],[7.61124,47.65488],[7.61143,47.65465],[7.61162,47.65447],[7.61189,47.65424],[7.61206,47.65428],[7.61251,47.65446],[7.61275,47.65382],[7.61332,47.65223],[7.61324,47.65189],[7.61648,47.65152],[7.61601,47.65085],[7.61572,47.65025],[7.61541,47.64964],[7.61527,47.64938],[7.61482,47.64848],[7.61584,47.64825],[7.61685,47.64807],[7.61734,47.649],[7.61957,47.6486],[7.6195,47.64843],[7.61946,47.64823],[7.62235,47.64774],[7.62471,47.64726],[7.6248,47.64748],[7.62624,47.64691],[7.62752,47.64631],[7.62799,47.64612],[7.62815,47.64611],[7.62988,47.64745],[7.63145,47.64916],[7.63156,47.64923],[7.63227,47.64878],[7.63419,47.64901],[7.63571,47.64907],[7.63581,47.64889],[7.63642,47.64888],[7.63759,47.64892],[7.638,47.65057],[7.63805,47.65079],[7.63813,47.65115],[7.63824,47.65147],[7.63833,47.65175],[7.63868,47.65265],[7.6389,47.65315],[7.639,47.65352],[7.63926,47.65445],[7.63937,47.65499],[7.63937,47.6554],[7.63936,47.65564],[7.63941,47.65602],[7.63957,47.65715],[7.63958,47.65751],[7.63948,47.65769],[7.6392,47.65823],[7.63901,47.65855],[7.63865,47.65897],[7.63823,47.65947],[7.63805,47.65986],[7.63767,47.66087],[7.63711,47.66224],[7.63699,47.66266],[7.63698,47.66308],[7.63703,47.6637],[7.63714,47.6637],[7.63739,47.66473],[7.6377,47.66668],[7.63757,47.66669],[7.63757,47.668],[7.63751,47.66889],[7.63743,47.6695],[7.63695,47.66952],[7.63622,47.66953],[7.63536,47.66947],[7.63479,47.66946],[7.63428,47.66952],[7.63375,47.66962],[7.63344,47.66965],[7.63306,47.66964],[7.63282,47.66965],[7.63206,47.66953],[7.63148,47.66944],[7.63129,47.66942],[7.63106,47.6694],[7.63059,47.6694],[7.62967,47.66937],[7.62908,47.66931],[7.6283,47.66918],[7.62699,47.66887],[7.62646,47.66878],[7.62669,47.668],[7.62678,47.66739],[7.62678,47.66725],[7.62695,47.66679],[7.62661,47.66672],[7.62594,47.66654],[7.62543,47.66645],[7.62524,47.66638],[7.62497,47.66634],[7.62457,47.66626],[7.62385,47.66613],[7.62295,47.66593],[7.62179,47.66564],[7.62097,47.66545],[7.62048,47.66532],[7.62014,47.66522],[7.61894,47.66471],[7.62006,47.66344],[7.61835,47.66276],[7.61797,47.66302],[7.61744,47.66269],[7.61598,47.66167],[7.6155,47.6618],[7.61524,47.66147],[7.61513,47.66147],[7.61457,47.66152],[7.61454,47.66128],[7.61445,47.66047],[7.61358,47.66021],[7.61352,47.66019],[7.61353,47.66008],[7.61354,47.66],[7.61355,47.65995],[7.61357,47.65975],[7.61151,47.65947],[7.6103,47.65917],[7.61022,47.65814],[7.60859,47.65829],[7.60869,47.65767],[7.60868,47.65759],[7.60862,47.65728],[7.60856,47.65684],[7.60788,47.65705]]]}},{"type":"Feature","properties":{"id":"kandern","name":"Kandern"},"geometry":{"type":"Polygon","coordinates":[[[7.7166,47.69729],[7.71648,47.69757],[7.71648,47.69804],[7.71597,47.69835],[7.7156,47.69865],[7.71442,47.69948],[7.71416,47.69984],[7.71372,47.7],[7.71328,47.70052],[7.71285,47.70087],[7.71221,47.70119],[7.71182,47.7017],[7.71132,47.70257],[7.71155,47.70302],[7.7121,47.70353],[7.71259,47.70411],[7.71285,47.70446],[7.7132,47.70485],[7.71359,47.70534],[7.71385,47.70545],[7.71481,47.70568],[7.71508,47.70603],[7.71509,47.70668],[7.71604,47.70768],[7.71631,47.70843],[7.71651,47.70885],[7.71706,47.70939],[7.71727,47.70997],[7.71801,47.71053],[7.71826,47.71097],[7.71809,47.7115],[7.71759,47.71175],[7.71715,47.7121],[7.71625,47.71269],[7.71565,47.71305],[7.71542,47.71321],[7.71484,47.71352],[7.71421,47.71379],[7.71364,47.7142],[7.70916,47.71501],[7.70707,47.71645],[7.7063,47.71686],[7.70602,47.71691],[7.7056,47.71699],[7.70436,47.71732],[7.70313,47.71764],[7.70284,47.71772],[7.70261,47.7178],[7.70201,47.71813],[7.70188,47.71808],[7.70187,47.71798],[7.70112,47.71817],[7.69956,47.71894],[7.69807,47.72037],[7.69775,47.72045],[7.69786,47.72067],[7.69684,47.7217],[7.69614,47.72264],[7.69507,47.72455],[7.69397,47.72571],[7.69351,47.72656],[7.69198,47.72804],[7.69179,47.72823],[7.69254,47.72876],[7.69302,47.72927],[7.6935,47.72964],[7.69386,47.73005],[7.69481,47.73079],[7.69524,47.7312],[7.69513,47.73198],[7.69539,47.7325],[7.69603,47.73302],[7.69649,47.73391],[7.69645,47.73453],[7.69584,47.73724],[7.69538,47.73859],[7.69511,47.73907],[7.69514,47.73968],[7.69415,47.74],[7.69459,47.74073],[7.69441,47.74135],[7.69435,47.74152],[7.69428,47.74175],[7.6938,47.74267],[7.69046,47.74457],[7.68863,47.74677],[7.68793,47.74685],[7.68766,47.74679],[7.68723,47.74661],[7.68707,47.74701],[7.68696,47.74707],[7.6868,47.74722],[7.68684,47.74754],[7.68622,47.74784],[7.68578,47.74742],[7.68513,47.74715],[7.68443,47.7466],[7.68408,47.74624],[7.68385,47.74607],[7.68346,47.74565],[7.6831,47.74596],[7.68308,47.74642],[7.68297,47.74651],[7.68276,47.74668],[7.68258,47.7468],[7.68238,47.74687],[7.68201,47.74688],[7.68189,47.74686],[7.68162,47.74675],[7.68143,47.74664],[7.68133,47.74658],[7.67853,47.74495],[7.67467,47.74262],[7.6736,47.74305],[7.67221,47.74343],[7.6703,47.74316],[7.66944,47.74312],[7.66859,47.74334],[7.66719,47.74342],[7.66667,47.74338],[7.66568,47.74335],[7.66367,47.74333],[7.66283,47.74328],[7.66163,47.74323],[7.6615,47.74319],[7.66004,47.74284],[7.65784,47.74248],[7.65445,47.74411],[7.65242,47.74484],[7.6515,47.74501],[7.64942,47.74512],[7.64769,47.74473],[7.64727,47.74454],[7.64602,47.74434],[7.64386,47.74387],[7.64163,47.74304],[7.6404,47.74279],[7.63921,47.74231],[7.6379,47.74161],[7.63745,47.74119],[7.63723,47.74103],[7.63691,47.74081],[7.63633,47.74097],[7.63601,47.74053],[7.63525,47.74086],[7.63501,47.74054],[7.63494,47.74035],[7.63494,47.74016],[7.63494,47.74006],[7.63502,47.73974],[7.6352,47.7394],[7.6345,47.73922],[7.63358,47.73896],[7.62975,47.73796],[7.62982,47.73771],[7.62993,47.73549],[7.62979,47.73551],[7.62947,47.73497],[7.62956,47.73431],[7.62954,47.734],[7.62951,47.73369],[7.62935,47.73331],[7.62939,47.73278],[7.63004,47.73123],[7.63017,47.72909],[7.63011,47.72841],[7.63023,47.72842],[7.63013,47.72726],[7.63035,47.72649],[7.63051,47.72584],[7.63107,47.72585],[7.6311,47.72574],[7.63109,47.72546],[7.63218,47.72565],[7.63228,47.725],[7.63239,47.72373],[7.63194,47.72377],[7.63057,47.72423],[7.62874,47.72464],[7.62793,47.72477],[7.62489,47.72444],[7.62467,47.72444],[7.62359,47.72439],[7.62058,47.72451],[7.61874,47.72412],[7.61841,47.72416],[7.6175,47.72397],[7.61563,47.72319],[7.61327,47.72269],[7.6092,47.7223],[7.60801,47.72238],[7.60686,47.72234],[7.60517,47.72206],[7.60269,47.72127],[7.59929,47.71921],[7.59895,47.7194],[7.59621,47.71752],[7.59595,47.71758],[7.59487,47.71622],[7.59476,47.7161],[7.59436,47.71626],[7.59337,47.71634],[7.59263,47.71528],[7.59123,47.71545],[7.59109,47.71517],[7.59059,47.7153],[7.5896,47.71352],[7.58809,47.71374],[7.5877,47.71308],[7.58768,47.71305],[7.58633,47.71333],[7.5859,47.71255],[7.58514,47.71249],[7.58487,47.71193],[7.58304,47.71224],[7.58072,47.71143],[7.57957,47.71021],[7.57862,47.71042],[7.57844,47.70986],[7.57768,47.70989],[7.57721,47.70911],[7.57649,47.70873],[7.57372,47.70916],[7.5732,47.70821],[7.57369,47.708],[7.57345,47.7076],[7.57331,47.70737],[7.57226,47.7062],[7.57046,47.70415],[7.56956,47.7034],[7.5706,47.70276],[7.57187,47.70168],[7.57211,47.7018],[7.57363,47.70108],[7.5744,47.70066],[7.57467,47.70063],[7.57561,47.70022],[7.57652,47.69939],[7.57722,47.69877],[7.57783,47.69803],[7.57864,47.69738],[7.57944,47.69644],[7.57931,47.6962],[7.58008,47.69557],[7.58193,47.69439],[7.58168,47.69416],[7.58312,47.69318],[7.58371,47.69285],[7.58489,47.69162],[7.58543,47.69135],[7.58558,47.6912],[7.58544,47.69107],[7.5874,47.69104],[7.58802,47.69096],[7.58782,47.69061],[7.58743,47.68948],[7.59052,47.68841],[7.59073,47.6885],[7.5914,47.68823],[7.59287,47.6879],[7.59299,47.68806],[7.5946,47.68776],[7.59465,47.68805],[7.59505,47.68782],[7.59553,47.68764],[7.59753,47.6874],[7.59925,47.68637],[7.59933,47.68514],[7.59948,47.68519],[7.59954,47.68427],[7.60053,47.68419],[7.60226,47.68431],[7.60519,47.68429],[7.60645,47.68258],[7.60652,47.68259],[7.60951,47.68305],[7.609,47.68128],[7.61123,47.68123],[7.61625,47.68109],[7.61634,47.68168],[7.61837,47.68168],[7.61862,47.68168],[7.61866,47.68215],[7.6192,47.68324],[7.61928,47.68427],[7.62003,47.68408],[7.62045,47.6839],[7.62223,47.68372],[7.624,47.6833],[7.62844,47.68396],[7.63101,47.68383],[7.63105,47.68383],[7.63458,47.68433],[7.63514,47.68465],[7.63531,47.68406],[7.63548,47.68375],[7.63479,47.6831],[7.63472,47.68296],[7.63472,47.68282],[7.63477,47.6826],[7.63488,47.68233],[7.63522,47.6816],[7.63535,47.68121],[7.6354,47.68098],[7.6354,47.6808],[7.63531,47.6807],[7.63465,47.68013],[7.63449,47.67992],[7.63443,47.67974],[7.63446,47.67954],[7.63458,47.67918],[7.63475,47.67871],[7.6349,47.67837],[7.63517,47.67784],[7.63551,47.67731],[7.6359,47.67668],[7.63622,47.67594],[7.63635,47.6757],[7.63669,47.67528],[7.63738,47.67452],[7.63742,47.67432],[7.63739,47.67406],[7.63741,47.674],[7.63736,47.67359],[7.63723,47.67361],[7.63715,47.67292],[7.63711,47.67281],[7.63701,47.67217],[7.63697,47.67156],[7.63698,47.67102],[7.6372,47.67058],[7.63733,47.67014],[7.63743,47.6695],[7.63751,47.66889],[7.63757,47.668],[7.63757,47.66669],[7.6377,47.66668],[7.63739,47.66473],[7.63714,47.6637],[7.63782,47.66378],[7.64038,47.66366],[7.64196,47.66366],[7.64319,47.66317],[7.64752,47.66354],[7.65069,47.66339],[7.65153,47.66518],[7.65199,47.66502],[7.65291,47.66569],[7.6539,47.66507],[7.65504,47.66602],[7.65537,47.66615],[7.65605,47.66563],[7.65589,47.66553],[7.65608,47.66511],[7.65624,47.66495],[7.65679,47.66482],[7.6586,47.66621],[7.65892,47.66616],[7.65919,47.66649],[7.66253,47.66731],[7.66318,47.66724],[7.6637,47.66684],[7.66398,47.66687],[7.66485,47.66586],[7.66542,47.66526],[7.66563,47.66515],[7.66644,47.66484],[7.66731,47.66468],[7.66721,47.66431],[7.66721,47.66389],[7.66804,47.66387],[7.66892,47.66413],[7.66925,47.66392],[7.67002,47.66408],[7.67096,47.66415],[7.67097,47.66446],[7.67295,47.66393],[7.67325,47.66394],[7.67317,47.66351],[7.67286,47.66317],[7.67344,47.6624],[7.6736,47.66186],[7.67447,47.66157],[7.67459,47.66045],[7.67593,47.66092],[7.68051,47.65915],[7.68288,47.65863],[7.68305,47.6597],[7.68393,47.66198],[7.68412,47.66289],[7.68414,47.66346],[7.68136,47.66408],[7.68131,47.66453],[7.68144,47.66503],[7.68298,47.6675],[7.68362,47.66874],[7.6837,47.66933],[7.68387,47.66973],[7.68415,47.67015],[7.68812,47.67422],[7.69448,47.6802],[7.69554,47.68019],[7.69631,47.68012],[7.69732,47.67989],[7.69832,47.67928],[7.69881,47.67919],[7.69895,47.6791],[7.69942,47.67851],[7.70052,47.67685],[7.70102,47.677],[7.70185,47.67723],[7.70251,47.67736],[7.70385,47.67696],[7.70506,47.67685],[7.70593,47.675],[7.70613,47.67374],[7.70714,47.67209],[7.70839,47.67132],[7.70958,47.67049],[7.70965,47.67057],[7.71098,47.6717],[7.71159,47.67228],[7.7121,47.67303],[7.71215,47.67399],[7.71212,47.67447],[7.71249,47.67528],[7.71269,47.67645],[7.71293,47.67747],[7.71291,47.67782],[7.71289,47.67814],[7.71256,47.67883],[7.71207,47.67938],[7.71146,47.6802],[7.71092,47.68101],[7.71042,47.68187],[7.71026,47.68246],[7.71011,47.68322],[7.70956,47.68372],[7.70924,47.68447],[7.70974,47.68458],[7.70969,47.68592],[7.7092,47.68691],[7.70871,47.68758],[7.70803,47.6883],[7.70829,47.68887],[7.70875,47.68974],[7.70908,47.69058],[7.71043,47.69098],[7.71094,47.6911],[7.71358,47.69244],[7.7131,47.69346],[7.71427,47.69526],[7.71597,47.69685],[7.71627,47.69693],[7.7166,47.69729]]]}},{"type":"Feature","properties":{"id":"bad_bellingen","name":"Bad Bellingen"},"geometry":{"type":"Polygon","coordinates":[[[7.53556,47.71485],[7.53438,47.71413],[7.53166,47.71262],[7.52807,47.71069],[7.52531,47.7091],[7.52414,47.70847],[7.52329,47.70795],[7.52141,47.7069],[7.51998,47.70617],[7.51793,47.70512],[7.51556,47.70375],[7.51448,47.70282],[7.51634,47.70182],[7.51704,47.70178],[7.52149,47.70128],[7.52184,47.70107],[7.52773,47.70037],[7.52772,47.70049],[7.52837,47.70041],[7.52842,47.70051],[7.52934,47.70046],[7.53155,47.70019],[7.5318,47.70018],[7.53212,47.70017],[7.53266,47.70015],[7.53379,47.69991],[7.53558,47.69935],[7.53566,47.69942],[7.53626,47.69931],[7.53638,47.69954],[7.5372,47.69942],[7.53726,47.69956],[7.53742,47.69996],[7.53854,47.70013],[7.53981,47.70022],[7.54042,47.7012],[7.54071,47.70121],[7.54134,47.70122],[7.542,47.702],[7.54245,47.70225],[7.54247,47.70231],[7.54504,47.7022],[7.54559,47.70245],[7.54737,47.70251],[7.5494,47.7021],[7.55073,47.70243],[7.5507,47.70268],[7.55205,47.70267],[7.55215,47.70315],[7.55222,47.70316],[7.55351,47.70333],[7.55424,47.70343],[7.55442,47.70345],[7.55702,47.70356],[7.55697,47.7044],[7.55659,47.70501],[7.55927,47.70544],[7.56078,47.70568],[7.56092,47.70571],[7.56209,47.70574],[7.56245,47.70575],[7.56243,47.70617],[7.56302,47.70618],[7.5632,47.70633],[7.56439,47.70649],[7.56512,47.70669],[7.56546,47.70623],[7.56752,47.70709],[7.568,47.70678],[7.56942,47.70775],[7.57226,47.7062],[7.57331,47.70737],[7.57345,47.7076],[7.57369,47.708],[7.5732,47.70821],[7.57372,47.70916],[7.57649,47.70873],[7.57721,47.70911],[7.57768,47.70989],[7.57844,47.70986],[7.57862,47.71042],[7.57957,47.71021],[7.58072,47.71143],[7.58304,47.71224],[7.58487,47.71193],[7.58514,47.71249],[7.5859,47.71255],[7.58633,47.71333],[7.58768,47.71305],[7.5877,47.71308],[7.58809,47.71374],[7.5896,47.71352],[7.59059,47.7153],[7.59109,47.71517],[7.59123,47.71545],[7.59263,47.71528],[7.59337,47.71634],[7.59436,47.71626],[7.59476,47.7161],[7.59487,47.71622],[7.59595,47.71758],[7.59621,47.71752],[7.59895,47.7194],[7.59929,47.71921],[7.60269,47.72127],[7.60517,47.72206],[7.60686,47.72234],[7.60801,47.72238],[7.6092,47.7223],[7.61327,47.72269],[7.61563,47.72319],[7.6175,47.72397],[7.61841,47.72416],[7.61874,47.72412],[7.62058,47.72451],[7.617,47.72518],[7.61522,47.72574],[7.61352,47.72629],[7.61322,47.7264],[7.61299,47.7265],[7.61018,47.72835],[7.60795,47.72808],[7.60705,47.73033],[7.60575,47.73088],[7.60465,47.73105],[7.60421,47.73102],[7.60365,47.73104],[7.60279,47.73109],[7.60169,47.73114],[7.60111,47.7313],[7.60051,47.73126],[7.60046,47.7314],[7.59974,47.73156],[7.59955,47.73159],[7.59938,47.73159],[7.59888,47.7316],[7.59855,47.73161],[7.59798,47.7317],[7.59751,47.73179],[7.59677,47.73191],[7.59641,47.732],[7.59596,47.73213],[7.59575,47.73224],[7.59552,47.7324],[7.59537,47.73252],[7.59476,47.7324],[7.59369,47.73269],[7.59287,47.73295],[7.59204,47.73322],[7.59046,47.73386],[7.58913,47.73443],[7.58801,47.73487],[7.58779,47.73518],[7.58752,47.73517],[7.5874,47.73524],[7.58728,47.73546],[7.58715,47.73547],[7.58598,47.73523],[7.58609,47.73594],[7.58502,47.73574],[7.58491,47.73572],[7.58402,47.73555],[7.58373,47.73548],[7.58278,47.73524],[7.58172,47.73493],[7.58041,47.73464],[7.58044,47.7343],[7.57886,47.73442],[7.57858,47.73382],[7.57848,47.73384],[7.57816,47.73388],[7.57665,47.73336],[7.57681,47.733],[7.57535,47.73268],[7.57414,47.7329],[7.57388,47.73186],[7.57311,47.73243],[7.57291,47.73262],[7.57285,47.73269],[7.57292,47.73553],[7.57302,47.73618],[7.57303,47.73649],[7.57295,47.73693],[7.57211,47.73694],[7.57189,47.73783],[7.57115,47.73788],[7.57118,47.73825],[7.57064,47.73835],[7.57087,47.73959],[7.57017,47.73963],[7.57046,47.74084],[7.56989,47.74084],[7.57014,47.74183],[7.56915,47.74176],[7.56922,47.74276],[7.56848,47.74274],[7.56842,47.74293],[7.56833,47.74341],[7.56781,47.74337],[7.56771,47.74336],[7.56712,47.74339],[7.56665,47.74338],[7.56658,47.74373],[7.56513,47.7438],[7.56515,47.74399],[7.56521,47.74421],[7.56538,47.74467],[7.5645,47.74477],[7.56429,47.74429],[7.56356,47.74434],[7.56194,47.74444],[7.56173,47.7439],[7.56166,47.74392],[7.56068,47.74413],[7.56043,47.74418],[7.55905,47.74437],[7.55921,47.74476],[7.55926,47.74495],[7.55903,47.74501],[7.55892,47.74475],[7.55865,47.74461],[7.55831,47.74466],[7.55822,47.74458],[7.55458,47.74433],[7.55186,47.74413],[7.55101,47.74407],[7.55011,47.74396],[7.54999,47.74395],[7.54805,47.74372],[7.54708,47.74361],[7.54661,47.74355],[7.54636,47.74352],[7.54624,47.74351],[7.54612,47.74349],[7.54652,47.74282],[7.54732,47.74146],[7.54798,47.74033],[7.54821,47.73991],[7.54854,47.73876],[7.54866,47.73727],[7.54864,47.73617],[7.54862,47.73472],[7.54852,47.73324],[7.54841,47.73194],[7.54732,47.72867],[7.54675,47.72716],[7.54614,47.72586],[7.54539,47.72471],[7.54492,47.72399],[7.54465,47.72356],[7.54355,47.72199],[7.54265,47.72094],[7.54224,47.72042],[7.54143,47.71957],[7.54006,47.71821],[7.5382,47.71663],[7.53733,47.71604],[7.53594,47.71509],[7.53556,47.71485]]]}},{"type":"Feature","properties":{"id":"malsburg_marzell","name":"Malsburg-Marzell"},"geometry":{"type":"Polygon","coordinates":[[[7.74901,47.7897],[7.74674,47.79049],[7.74405,47.79035],[7.74283,47.79017],[7.74157,47.79022],[7.74039,47.79022],[7.73916,47.79018],[7.73793,47.79022],[7.73588,47.79057],[7.73473,47.79036],[7.73358,47.7899],[7.73268,47.78951],[7.72911,47.78982],[7.72846,47.78961],[7.72813,47.7895],[7.72684,47.78913],[7.72637,47.789],[7.7257,47.78904],[7.72496,47.78911],[7.72442,47.78918],[7.72379,47.78844],[7.72354,47.78777],[7.7225,47.78698],[7.72146,47.78625],[7.7207,47.7857],[7.7202,47.78522],[7.71963,47.78486],[7.71911,47.78457],[7.71876,47.78436],[7.7184,47.78401],[7.71814,47.7839],[7.71759,47.78363],[7.71652,47.78354],[7.71554,47.78362],[7.71473,47.78354],[7.71325,47.78339],[7.71221,47.78346],[7.71103,47.78345],[7.71022,47.78339],[7.70859,47.78325],[7.70497,47.78361],[7.70446,47.78286],[7.70426,47.78202],[7.70373,47.7814],[7.70348,47.78111],[7.70305,47.78072],[7.7018,47.77897],[7.70149,47.77869],[7.70124,47.77843],[7.70112,47.77711],[7.70139,47.77638],[7.70309,47.77422],[7.7032,47.77399],[7.70345,47.7734],[7.70344,47.77227],[7.70349,47.7714],[7.7044,47.77074],[7.70632,47.76956],[7.7065,47.76906],[7.70663,47.76857],[7.70658,47.7675],[7.7066,47.76694],[7.7069,47.76616],[7.70775,47.76439],[7.70905,47.76216],[7.70863,47.76191],[7.70732,47.76103],[7.70654,47.76058],[7.70574,47.75983],[7.70306,47.76037],[7.70227,47.75999],[7.70227,47.75994],[7.70215,47.75983],[7.702,47.75978],[7.70197,47.75975],[7.7019,47.75972],[7.70184,47.75975],[7.70136,47.7595],[7.70127,47.7595],[7.70118,47.75952],[7.70086,47.75943],[7.70058,47.7592],[7.7005,47.75917],[7.70033,47.75903],[7.70032,47.75893],[7.70009,47.75878],[7.69993,47.75865],[7.69978,47.75864],[7.6996,47.75859],[7.69928,47.75842],[7.69916,47.75825],[7.69902,47.75817],[7.69894,47.758],[7.69858,47.75795],[7.69845,47.75783],[7.69847,47.75778],[7.69814,47.75763],[7.69802,47.75761],[7.69788,47.75754],[7.6977,47.75751],[7.69742,47.75752],[7.69721,47.75751],[7.69703,47.75755],[7.69693,47.7575],[7.6966,47.75739],[7.69637,47.75737],[7.69631,47.7574],[7.6961,47.75731],[7.69599,47.75734],[7.69585,47.75728],[7.69578,47.75728],[7.69567,47.75718],[7.69552,47.75714],[7.69532,47.75704],[7.69517,47.75707],[7.69493,47.75702],[7.69487,47.75704],[7.69481,47.75702],[7.69458,47.75701],[7.69444,47.75697],[7.69439,47.75701],[7.6943,47.75699],[7.6942,47.75691],[7.69398,47.75687],[7.6938,47.75677],[7.69368,47.75673],[7.69346,47.7567],[7.69331,47.75663],[7.6933,47.75659],[7.6932,47.75653],[7.69279,47.75646],[7.69248,47.75636],[7.69238,47.75629],[7.69227,47.75628],[7.69217,47.75619],[7.6921,47.75608],[7.69197,47.75605],[7.69186,47.75599],[7.69166,47.75575],[7.69166,47.75567],[7.69149,47.75557],[7.69151,47.75548],[7.69147,47.75544],[7.69151,47.75538],[7.69138,47.75524],[7.69135,47.75512],[7.69119,47.75501],[7.69118,47.75498],[7.69124,47.75494],[7.69124,47.75485],[7.69131,47.75475],[7.69131,47.75456],[7.69138,47.75437],[7.69135,47.75416],[7.69125,47.75408],[7.69125,47.75401],[7.69119,47.75393],[7.69083,47.75388],[7.69077,47.75389],[7.69065,47.75385],[7.69055,47.75373],[7.69057,47.75367],[7.69047,47.75354],[7.69049,47.75341],[7.69041,47.75327],[7.69035,47.75324],[7.69018,47.75323],[7.69015,47.75317],[7.69001,47.75307],[7.68996,47.75296],[7.68998,47.7529],[7.68995,47.75283],[7.68985,47.75276],[7.68969,47.75272],[7.68965,47.75268],[7.68936,47.75255],[7.68912,47.75227],[7.68913,47.75221],[7.6891,47.75218],[7.68906,47.75216],[7.68897,47.75205],[7.68875,47.7519],[7.68839,47.75168],[7.6878,47.75142],[7.68776,47.75129],[7.68759,47.75107],[7.68739,47.75089],[7.68725,47.75079],[7.68699,47.75077],[7.68685,47.7508],[7.68672,47.75072],[7.68659,47.75061],[7.68656,47.75056],[7.68635,47.75049],[7.68629,47.75043],[7.68627,47.75034],[7.68617,47.75027],[7.68618,47.75022],[7.6861,47.75015],[7.68587,47.75001],[7.68581,47.74994],[7.68579,47.74979],[7.68575,47.74977],[7.68573,47.74971],[7.68577,47.74949],[7.68571,47.74941],[7.68537,47.74921],[7.68523,47.7492],[7.68511,47.74908],[7.68515,47.74902],[7.68513,47.74892],[7.68497,47.74885],[7.68495,47.74876],[7.68481,47.74869],[7.68474,47.74861],[7.68476,47.74852],[7.68455,47.74823],[7.68449,47.74818],[7.68441,47.74822],[7.68432,47.74812],[7.68404,47.74788],[7.68393,47.74786],[7.68362,47.74799],[7.68347,47.74795],[7.68339,47.74788],[7.68344,47.74782],[7.68345,47.74777],[7.68338,47.74772],[7.68333,47.7476],[7.6832,47.74743],[7.68323,47.74738],[7.68359,47.74726],[7.68364,47.7472],[7.68367,47.74712],[7.68361,47.747],[7.68335,47.74682],[7.68324,47.74679],[7.68314,47.74671],[7.68297,47.74651],[7.68308,47.74642],[7.6831,47.74596],[7.68346,47.74565],[7.68385,47.74607],[7.68408,47.74624],[7.68443,47.7466],[7.68513,47.74715],[7.68578,47.74742],[7.68622,47.74784],[7.68684,47.74754],[7.6868,47.74722],[7.68696,47.74707],[7.68707,47.74701],[7.68723,47.74661],[7.68766,47.74679],[7.68793,47.74685],[7.68863,47.74677],[7.69046,47.74457],[7.6938,47.74267],[7.69428,47.74175],[7.69435,47.74152],[7.69441,47.74135],[7.69459,47.74073],[7.69415,47.74],[7.69514,47.73968],[7.69511,47.73907],[7.69538,47.73859],[7.69584,47.73724],[7.69645,47.73453],[7.69649,47.73391],[7.69603,47.73302],[7.69539,47.7325],[7.69513,47.73198],[7.69524,47.7312],[7.69481,47.73079],[7.69386,47.73005],[7.6935,47.72964],[7.69302,47.72927],[7.69254,47.72876],[7.69179,47.72823],[7.69198,47.72804],[7.69351,47.72656],[7.69397,47.72571],[7.69507,47.72455],[7.69614,47.72264],[7.69684,47.7217],[7.69786,47.72067],[7.69775,47.72045],[7.69807,47.72037],[7.69956,47.71894],[7.70112,47.71817],[7.70187,47.71798],[7.70188,47.71808],[7.70201,47.71813],[7.70261,47.7178],[7.70284,47.71772],[7.70313,47.71764],[7.70436,47.71732],[7.7056,47.71699],[7.70602,47.71691],[7.7063,47.71686],[7.70707,47.71645],[7.70916,47.71501],[7.71364,47.7142],[7.71536,47.71466],[7.71616,47.71491],[7.71651,47.71511],[7.71731,47.71547],[7.71822,47.71561],[7.71892,47.71575],[7.71971,47.71595],[7.72054,47.71609],[7.72112,47.71614],[7.72157,47.71632],[7.72209,47.71703],[7.72223,47.71745],[7.72221,47.71812],[7.72193,47.71879],[7.72162,47.71923],[7.72173,47.71977],[7.7219,47.72033],[7.72242,47.72101],[7.72283,47.72168],[7.72319,47.7221],[7.72401,47.72238],[7.72456,47.72259],[7.72536,47.72312],[7.72585,47.72358],[7.72647,47.72403],[7.72695,47.72445],[7.72755,47.72485],[7.72822,47.72525],[7.72881,47.7255],[7.72924,47.72579],[7.72941,47.72617],[7.72972,47.72654],[7.73033,47.72782],[7.73056,47.72812],[7.7313,47.72896],[7.7319,47.72929],[7.73252,47.72988],[7.73301,47.73032],[7.73602,47.7321],[7.7366,47.73259],[7.7373,47.73421],[7.7382,47.737],[7.73796,47.73893],[7.7381,47.74136],[7.73616,47.74264],[7.73544,47.74327],[7.73615,47.7452],[7.73666,47.74643],[7.73747,47.74805],[7.73784,47.74877],[7.73779,47.74963],[7.73776,47.7502],[7.73782,47.75095],[7.73829,47.75144],[7.73869,47.75191],[7.73944,47.75258],[7.73954,47.75341],[7.73941,47.75411],[7.73914,47.75466],[7.73905,47.75532],[7.73883,47.75617],[7.74159,47.75785],[7.74216,47.75844],[7.74271,47.75926],[7.74476,47.76171],[7.74454,47.76436],[7.74675,47.7646],[7.74753,47.76474],[7.74869,47.76596],[7.7486,47.76759],[7.7487,47.76776],[7.74874,47.76783],[7.74876,47.76784],[7.74877,47.76785],[7.74883,47.76791],[7.74894,47.76795],[7.74909,47.768],[7.74922,47.76806],[7.74936,47.7681],[7.74948,47.76811],[7.74952,47.76811],[7.74936,47.76862],[7.74917,47.76919],[7.74992,47.76921],[7.75085,47.77063],[7.751,47.77066],[7.75227,47.77215],[7.75268,47.77247],[7.75134,47.77339],[7.75097,47.77459],[7.75075,47.77512],[7.75044,47.77581],[7.75035,47.77611],[7.75015,47.77704],[7.75033,47.77777],[7.75037,47.77798],[7.75034,47.77815],[7.75024,47.77872],[7.75025,47.77937],[7.75031,47.77985],[7.75017,47.78074],[7.74972,47.78177],[7.74947,47.78224],[7.74902,47.783],[7.74883,47.78339],[7.74863,47.78377],[7.74873,47.78439],[7.74882,47.78493],[7.74887,47.7852],[7.74912,47.78576],[7.74974,47.78679],[7.74963,47.78723],[7.74927,47.78774],[7.74903,47.78802],[7.74901,47.7897]]]}},{"type":"Feature","properties":{"id":"eimeldingen","name":"Eimeldingen"},"geometry":{"type":"Polygon","coordinates":[[[7.58693,47.62502],[7.58848,47.62485],[7.58863,47.62483],[7.58899,47.62446],[7.58952,47.62474],[7.59033,47.62407],[7.59099,47.62351],[7.59151,47.62308],[7.59198,47.62255],[7.59341,47.62083],[7.59388,47.62049],[7.59426,47.62031],[7.5948,47.62014],[7.59537,47.62],[7.59601,47.6199],[7.59598,47.62042],[7.59621,47.62032],[7.59769,47.62122],[7.59926,47.62233],[7.59838,47.6229],[7.59767,47.62339],[7.59897,47.62385],[7.59954,47.6235],[7.6001,47.62363],[7.60054,47.62374],[7.60131,47.62392],[7.60149,47.62397],[7.60247,47.62386],[7.6027,47.6245],[7.60314,47.6257],[7.60364,47.62563],[7.6042,47.62559],[7.60453,47.6256],[7.60507,47.62564],[7.60533,47.62573],[7.60547,47.62584],[7.60561,47.62601],[7.60576,47.62608],[7.60574,47.62611],[7.60572,47.62618],[7.60571,47.6262],[7.60558,47.62624],[7.60558,47.62627],[7.60563,47.62642],[7.60557,47.62651],[7.60549,47.62657],[7.60542,47.62664],[7.60535,47.62672],[7.60531,47.62675],[7.60522,47.62683],[7.60516,47.62686],[7.60485,47.6269],[7.60473,47.6269],[7.60406,47.62717],[7.60391,47.62723],[7.60407,47.62739],[7.60436,47.62732],[7.6045,47.62727],[7.6051,47.62714],[7.60523,47.62713],[7.60495,47.62934],[7.60494,47.62941],[7.60638,47.62935],[7.6069,47.62933],[7.60652,47.63227],[7.606,47.63222],[7.60528,47.63212],[7.60478,47.63202],[7.60402,47.63186],[7.60317,47.63266],[7.60548,47.63373],[7.6044,47.63465],[7.60383,47.63514],[7.60335,47.63551],[7.60276,47.63592],[7.60248,47.63611],[7.60208,47.63641],[7.60169,47.63668],[7.60188,47.637],[7.60284,47.63834],[7.60305,47.63864],[7.60329,47.63901],[7.60347,47.63936],[7.60405,47.64027],[7.60424,47.6405],[7.60469,47.64083],[7.60722,47.63895],[7.60847,47.63988],[7.60834,47.64002],[7.60866,47.64019],[7.60815,47.64066],[7.60904,47.64113],[7.60887,47.64127],[7.60881,47.64137],[7.60878,47.64144],[7.60875,47.64153],[7.60876,47.64161],[7.60879,47.64173],[7.60893,47.64209],[7.60905,47.64244],[7.60906,47.64251],[7.60906,47.64262],[7.60904,47.64268],[7.609,47.64276],[7.60878,47.64299],[7.60827,47.64335],[7.60792,47.64331],[7.6076,47.64327],[7.60723,47.64321],[7.60682,47.64416],[7.60661,47.64454],[7.60616,47.6443],[7.60578,47.64414],[7.60534,47.64397],[7.60485,47.64382],[7.60494,47.64422],[7.60454,47.64408],[7.60378,47.64479],[7.60362,47.6448],[7.60264,47.64446],[7.60256,47.64436],[7.60286,47.64398],[7.60109,47.64339],[7.60085,47.64371],[7.59913,47.64343],[7.5988,47.64363],[7.59735,47.64363],[7.59417,47.64363],[7.59408,47.6436],[7.59407,47.64357],[7.5944,47.64181],[7.59449,47.64136],[7.59452,47.64121],[7.59457,47.64111],[7.59474,47.64084],[7.59502,47.64039],[7.59539,47.63984],[7.59449,47.6396],[7.5907,47.63881],[7.58979,47.64007],[7.58972,47.64004],[7.58956,47.63998],[7.58793,47.63913],[7.58616,47.63812],[7.58652,47.63771],[7.58647,47.63767],[7.58575,47.63697],[7.58564,47.63686],[7.58464,47.63597],[7.58414,47.63576],[7.58363,47.63565],[7.58232,47.63528],[7.58231,47.63523],[7.58208,47.63515],[7.58229,47.63466],[7.58153,47.63454],[7.58155,47.63453],[7.58119,47.63447],[7.57948,47.63439],[7.5783,47.63364],[7.57797,47.63343],[7.57793,47.6334],[7.57695,47.63378],[7.57691,47.63372],[7.57667,47.63343],[7.57621,47.63357],[7.57578,47.63363],[7.57512,47.63364],[7.57508,47.63369],[7.57499,47.63361],[7.57497,47.63337],[7.57415,47.63338],[7.57397,47.63331],[7.57393,47.63222],[7.57397,47.63213],[7.57735,47.62983],[7.57806,47.63097],[7.57852,47.63127],[7.57854,47.63125],[7.57809,47.63096],[7.57737,47.62982],[7.57772,47.62958],[7.57871,47.6311],[7.57857,47.63125],[7.57859,47.63126],[7.5808,47.62891],[7.58202,47.62835],[7.58204,47.62837],[7.58327,47.62776],[7.58263,47.62772],[7.58224,47.62755],[7.58539,47.62621],[7.58555,47.62574],[7.58569,47.62515],[7.58673,47.62504],[7.58693,47.62502]]]}},{"type":"Feature","properties":{"id":"efringen_kirchen","name":"Efringen-Kirchen"},"geometry":{"type":"MultiPolygon","coordinates":[[[[7.60749,47.64714],[7.60676,47.64716],[7.60633,47.64721],[7.60587,47.64727],[7.6055,47.64735],[7.60507,47.64748],[7.60469,47.64768],[7.60426,47.64789],[7.60405,47.64798],[7.6034,47.64764],[7.60318,47.6475],[7.60268,47.64707],[7.60249,47.64677],[7.60341,47.6454],[7.60362,47.6448],[7.60378,47.64479],[7.60454,47.64408],[7.60494,47.64422],[7.60485,47.64382],[7.60534,47.64397],[7.60578,47.64414],[7.60616,47.6443],[7.60661,47.64454],[7.60724,47.64497],[7.60705,47.64523],[7.60681,47.64543],[7.60707,47.64551],[7.60693,47.64573],[7.60746,47.6459],[7.60738,47.64648],[7.60741,47.64681],[7.60749,47.64714]]],[[[7.60788,47.65705],[7.60856,47.65684],[7.60862,47.65728],[7.60868,47.65759],[7.60869,47.65767],[7.60859,47.65829],[7.61022,47.65814],[7.6103,47.65917],[7.61151,47.65947],[7.61357,47.65975],[7.61355,47.65995],[7.61354,47.66],[7.61353,47.66008],[7.61352,47.66019],[7.61358,47.66021],[7.61445,47.66047],[7.61454,47.66128],[7.61457,47.66152],[7.61513,47.66147],[7.61524,47.66147],[7.6155,47.6618],[7.61598,47.66167],[7.61744,47.66269],[7.61797,47.66302],[7.61835,47.66276],[7.62006,47.66344],[7.61894,47.66471],[7.62014,47.66522],[7.62048,47.66532],[7.62097,47.66545],[7.62179,47.66564],[7.62295,47.66593],[7.62385,47.66613],[7.62457,47.66626],[7.62497,47.66634],[7.62524,47.66638],[7.62543,47.66645],[7.62594,47.66654],[7.62661,47.66672],[7.62695,47.66679],[7.62678,47.66725],[7.62678,47.66739],[7.62669,47.668],[7.62646,47.66878],[7.62699,47.66887],[7.6283,47.66918],[7.62908,47.66931],[7.62967,47.66937],[7.63059,47.6694],[7.63106,47.6694],[7.63129,47.66942],[7.63148,47.66944],[7.63206,47.66953],[7.63282,47.66965],[7.63306,47.66964],[7.63344,47.66965],[7.63375,47.66962],[7.63428,47.66952],[7.63479,47.66946],[7.63536,47.66947],[7.63622,47.66953],[7.63695,47.66952],[7.63743,47.6695],[7.63733,47.67014],[7.6372,47.67058],[7.63698,47.67102],[7.63697,47.67156],[7.63701,47.67217],[7.63711,47.67281],[7.63715,47.67292],[7.63723,47.67361],[7.63736,47.67359],[7.63741,47.674],[7.63739,47.67406],[7.63742,47.67432],[7.63738,47.67452],[7.63669,47.67528],[7.63635,47.6757],[7.63622,47.67594],[7.6359,47.67668],[7.63551,47.67731],[7.63517,47.67784],[7.6349,47.67837],[7.63475,47.67871],[7.63458,47.67918],[7.63446,47.67954],[7.63443,47.67974],[7.63449,47.67992],[7.63465,47.68013],[7.63531,47.6807],[7.6354,47.6808],[7.6354,47.68098],[7.63535,47.68121],[7.63522,47.6816],[7.63488,47.68233],[7.63477,47.6826],[7.63472,47.68282],[7.63472,47.68296],[7.63479,47.6831],[7.63548,47.68375],[7.63531,47.68406],[7.63514,47.68465],[7.63458,47.68433],[7.63105,47.68383],[7.63101,47.68383],[7.62844,47.68396],[7.624,47.6833],[7.62223,47.68372],[7.62045,47.6839],[7.62003,47.68408],[7.61928,47.68427],[7.6192,47.68324],[7.61866,47.68215],[7.61862,47.68168],[7.61837,47.68168],[7.61634,47.68168],[7.61625,47.68109],[7.61123,47.68123],[7.609,47.68128],[7.60951,47.68305],[7.60652,47.68259],[7.60645,47.68258],[7.60519,47.68429],[7.60226,47.68431],[7.60053,47.68419],[7.59954,47.68427],[7.59948,47.68519],[7.59933,47.68514],[7.59925,47.68637],[7.59753,47.6874],[7.59553,47.68764],[7.59505,47.68782],[7.59465,47.68805],[7.5946,47.68776],[7.59299,47.68806],[7.59287,47.6879],[7.5914,47.68823],[7.59073,47.6885],[7.59052,47.68841],[7.58743,47.68948],[7.58782,47.69061],[7.58802,47.69096],[7.5874,47.69104],[7.58544,47.69107],[7.58558,47.6912],[7.58543,47.69135],[7.58489,47.69162],[7.58371,47.69285],[7.58312,47.69318],[7.58168,47.69416],[7.58193,47.69439],[7.58008,47.69557],[7.57931,47.6962],[7.57944,47.69644],[7.57864,47.69738],[7.57783,47.69803],[7.57722,47.69877],[7.57652,47.69939],[7.57561,47.70022],[7.57467,47.70063],[7.5744,47.70066],[7.57363,47.70108],[7.57211,47.7018],[7.57187,47.70168],[7.5706,47.70276],[7.56956,47.7034],[7.57046,47.70415],[7.57226,47.7062],[7.56942,47.70775],[7.568,47.70678],[7.56752,47.70709],[7.56546,47.70623],[7.56512,47.70669],[7.56439,47.70649],[7.5632,47.70633],[7.56302,47.70618],[7.56243,47.70617],[7.56245,47.70575],[7.56209,47.70574],[7.56092,47.70571],[7.56078,47.70568],[7.55927,47.70544],[7.55659,47.70501],[7.55697,47.7044],[7.55702,47.70356],[7.55442,47.70345],[7.55424,47.70343],[7.55351,47.70333],[7.55222,47.70316],[7.55215,47.70315],[7.55205,47.70267],[7.5507,47.70268],[7.55073,47.70243],[7.5494,47.7021],[7.54737,47.70251],[7.54559,47.70245],[7.54504,47.7022],[7.54247,47.70231],[7.54245,47.70225],[7.542,47.702],[7.54134,47.70122],[7.54071,47.70121],[7.54042,47.7012],[7.53981,47.70022],[7.53854,47.70013],[7.53742,47.69996],[7.53726,47.69956],[7.5372,47.69942],[7.53638,47.69954],[7.53626,47.69931],[7.53566,47.69942],[7.53558,47.69935],[7.53379,47.69991],[7.53266,47.70015],[7.53212,47.70017],[7.5318,47.70018],[7.53155,47.70019],[7.52934,47.70046],[7.52842,47.70051],[7.52837,47.70041],[7.52772,47.70049],[7.52773,47.70037],[7.52184,47.70107],[7.52149,47.70128],[7.51704,47.70178],[7.51634,47.70182],[7.51448,47.70282],[7.51345,47.70189],[7.51285,47.70118],[7.5124,47.70036],[7.51233,47.7002],[7.51203,47.69942],[7.51181,47.69854],[7.51175,47.69778],[7.51179,47.69697],[7.51199,47.69608],[7.51236,47.69513],[7.51291,47.69419],[7.51357,47.69335],[7.51485,47.6917],[7.51677,47.68918],[7.51829,47.68661],[7.51885,47.68528],[7.51934,47.68375],[7.51971,47.682],[7.51987,47.68033],[7.51988,47.67885],[7.51971,47.67739],[7.51936,47.67575],[7.51916,47.67475],[7.51898,47.67327],[7.51889,47.67145],[7.51895,47.67077],[7.51901,47.67031],[7.51921,47.66918],[7.51943,47.66825],[7.5196,47.66772],[7.5197,47.66742],[7.52,47.6666],[7.52031,47.66586],[7.5208,47.66489],[7.52098,47.66456],[7.52127,47.66407],[7.52159,47.66358],[7.5218,47.66327],[7.52219,47.66273],[7.52233,47.66253],[7.52276,47.66199],[7.52333,47.66131],[7.52411,47.66048],[7.52543,47.65926],[7.5267,47.65813],[7.52816,47.65691],[7.52934,47.65586],[7.53259,47.65317],[7.53464,47.65155],[7.5364,47.65023],[7.53843,47.64889],[7.53914,47.64842],[7.54111,47.64726],[7.54219,47.64665],[7.54286,47.64627],[7.5484,47.64349],[7.55371,47.64089],[7.55627,47.63961],[7.55866,47.63842],[7.55984,47.6378],[7.56043,47.63747],[7.56095,47.63714],[7.56197,47.63648],[7.56293,47.6358],[7.56373,47.63519],[7.56449,47.63454],[7.56481,47.63426],[7.56512,47.63397],[7.56543,47.63368],[7.56572,47.63339],[7.56616,47.63292],[7.56658,47.63246],[7.56694,47.63208],[7.56797,47.63291],[7.56818,47.63305],[7.56829,47.63312],[7.56871,47.63314],[7.56948,47.63322],[7.56968,47.63308],[7.57032,47.6333],[7.57108,47.63353],[7.57153,47.63366],[7.57172,47.63353],[7.57189,47.6335],[7.57204,47.63352],[7.57229,47.63367],[7.57252,47.63383],[7.5728,47.63403],[7.57303,47.63418],[7.57309,47.63424],[7.57318,47.63435],[7.57335,47.63422],[7.57374,47.63419],[7.57516,47.63406],[7.57529,47.634],[7.5752,47.63384],[7.57508,47.63369],[7.57512,47.63364],[7.57578,47.63363],[7.57621,47.63357],[7.57667,47.63343],[7.57691,47.63372],[7.57695,47.63378],[7.57793,47.6334],[7.57797,47.63343],[7.5783,47.63364],[7.57948,47.63439],[7.58119,47.63447],[7.58155,47.63453],[7.58153,47.63454],[7.58229,47.63466],[7.58208,47.63515],[7.58231,47.63523],[7.58232,47.63528],[7.58363,47.63565],[7.58414,47.63576],[7.58464,47.63597],[7.58564,47.63686],[7.58575,47.63697],[7.58647,47.63767],[7.58652,47.63771],[7.58616,47.63812],[7.58793,47.63913],[7.58956,47.63998],[7.58972,47.64004],[7.58979,47.64007],[7.5907,47.63881],[7.59449,47.6396],[7.59539,47.63984],[7.59502,47.64039],[7.59474,47.64084],[7.59457,47.64111],[7.59452,47.64121],[7.59449,47.64136],[7.5944,47.64181],[7.59407,47.64357],[7.59408,47.6436],[7.59361,47.64364],[7.59356,47.64367],[7.59381,47.64391],[7.59391,47.64407],[7.59392,47.64426],[7.59391,47.64459],[7.59392,47.64479],[7.59398,47.64508],[7.5941,47.64544],[7.59412,47.6455],[7.59379,47.64555],[7.59113,47.64653],[7.59254,47.64735],[7.59098,47.64967],[7.59053,47.65033],[7.58846,47.65187],[7.58928,47.65237],[7.58983,47.65272],[7.59053,47.65315],[7.5908,47.65336],[7.59126,47.6537],[7.59184,47.65413],[7.59212,47.65436],[7.5924,47.65451],[7.59273,47.65473],[7.59281,47.65478],[7.59295,47.65458],[7.59311,47.65438],[7.59322,47.6542],[7.59372,47.65447],[7.59393,47.65425],[7.59451,47.6546],[7.59518,47.65413],[7.59679,47.65536],[7.59791,47.65449],[7.59944,47.65579],[7.5998,47.65562],[7.6004,47.65545],[7.60112,47.65531],[7.60122,47.6554],[7.60126,47.65559],[7.60133,47.6559],[7.60142,47.65617],[7.60159,47.65649],[7.6018,47.65682],[7.60198,47.65703],[7.6021,47.65715],[7.60233,47.65733],[7.60249,47.65744],[7.60257,47.65742],[7.6027,47.65737],[7.60309,47.65723],[7.60402,47.65691],[7.60455,47.65668],[7.60519,47.65745],[7.60589,47.65723],[7.60625,47.65708],[7.60653,47.65745],[7.60706,47.65729],[7.60788,47.65705]]]]}},{"type":"Feature","properties":{"id":"wittlingen","name":"Wittlingen"},"geometry":{"type":"MultiPolygon","coordinates":[[[[7.70052,47.67685],[7.69942,47.67851],[7.69895,47.6791],[7.69881,47.67919],[7.69832,47.67928],[7.69732,47.67989],[7.69631,47.68012],[7.69554,47.68019],[7.69448,47.6802],[7.68812,47.67422],[7.68415,47.67015],[7.68387,47.66973],[7.6837,47.66933],[7.68362,47.66874],[7.68423,47.66877],[7.68512,47.66881],[7.68593,47.66888],[7.68632,47.66897],[7.68772,47.66942],[7.68941,47.66988],[7.69194,47.67112],[7.69315,47.67179],[7.69457,47.67238],[7.69512,47.67282],[7.69531,47.67304],[7.69583,47.67422],[7.69654,47.6748],[7.69728,47.67512],[7.6977,47.67542],[7.69856,47.67589],[7.699,47.67608],[7.69981,47.67656],[7.70052,47.67685]]],[[[7.63805,47.65079],[7.63826,47.65078],[7.64128,47.64966],[7.64141,47.64988],[7.64307,47.64924],[7.64323,47.64938],[7.64359,47.64957],[7.6437,47.64967],[7.64381,47.64981],[7.64475,47.64953],[7.64543,47.64919],[7.64573,47.64946],[7.6458,47.64945],[7.64701,47.64933],[7.64732,47.64975],[7.6484,47.64966],[7.64936,47.64953],[7.65053,47.64927],[7.65192,47.64906],[7.65244,47.64935],[7.65317,47.65059],[7.65388,47.65069],[7.65465,47.65064],[7.65492,47.65101],[7.65599,47.65094],[7.658,47.65093],[7.659,47.65071],[7.66,47.65061],[7.66072,47.65105],[7.66094,47.65112],[7.66219,47.65178],[7.66308,47.6519],[7.66544,47.65234],[7.66581,47.65244],[7.66761,47.65258],[7.66763,47.65346],[7.66811,47.65437],[7.66864,47.65494],[7.66988,47.65588],[7.67024,47.6563],[7.67064,47.65697],[7.6711,47.6583],[7.67124,47.65847],[7.67316,47.66013],[7.67459,47.66045],[7.67447,47.66157],[7.6736,47.66186],[7.67344,47.6624],[7.67286,47.66317],[7.67317,47.66351],[7.67325,47.66394],[7.67295,47.66393],[7.67097,47.66446],[7.67096,47.66415],[7.67002,47.66408],[7.66925,47.66392],[7.66892,47.66413],[7.66804,47.66387],[7.66721,47.66389],[7.66721,47.66431],[7.66731,47.66468],[7.66644,47.66484],[7.66563,47.66515],[7.66542,47.66526],[7.66485,47.66586],[7.66398,47.66687],[7.6637,47.66684],[7.66318,47.66724],[7.66253,47.66731],[7.65919,47.66649],[7.65892,47.66616],[7.6586,47.66621],[7.65679,47.66482],[7.65624,47.66495],[7.65608,47.66511],[7.65589,47.66553],[7.65605,47.66563],[7.65537,47.66615],[7.65504,47.66602],[7.6539,47.66507],[7.65291,47.66569],[7.65199,47.66502],[7.65153,47.66518],[7.65069,47.66339],[7.64752,47.66354],[7.64319,47.66317],[7.64196,47.66366],[7.64038,47.66366],[7.63782,47.66378],[7.63714,47.6637],[7.63703,47.6637],[7.63698,47.66308],[7.63699,47.66266],[7.63711,47.66224],[7.63767,47.66087],[7.63805,47.65986],[7.63823,47.65947],[7.63865,47.65897],[7.63901,47.65855],[7.6392,47.65823],[7.63948,47.65769],[7.63958,47.65751],[7.63957,47.65715],[7.63941,47.65602],[7.63936,47.65564],[7.63937,47.6554],[7.63937,47.65499],[7.63926,47.65445],[7.639,47.65352],[7.6389,47.65315],[7.63868,47.65265],[7.63833,47.65175],[7.63824,47.65147],[7.63813,47.65115],[7.63805,47.65079]]]]}},{"type":"Feature","properties":{"id":"fischingen","name":"Fischingen"},"geometry":{"type":"Polygon","coordinates":[[[7.61482,47.64848],[7.61527,47.64938],[7.61541,47.64964],[7.61572,47.65025],[7.61601,47.65085],[7.61648,47.65152],[7.61324,47.65189],[7.61332,47.65223],[7.61275,47.65382],[7.61251,47.65446],[7.61206,47.65428],[7.61189,47.65424],[7.61162,47.65447],[7.61143,47.65465],[7.61124,47.65488],[7.61099,47.65499],[7.61071,47.65496],[7.61016,47.65475],[7.60854,47.65522],[7.60858,47.65528],[7.60743,47.65567],[7.6074,47.6557],[7.60769,47.65618],[7.60761,47.65624],[7.60788,47.65705],[7.60706,47.65729],[7.60653,47.65745],[7.60625,47.65708],[7.60589,47.65723],[7.60519,47.65745],[7.60455,47.65668],[7.60402,47.65691],[7.60309,47.65723],[7.6027,47.65737],[7.60257,47.65742],[7.60249,47.65744],[7.60233,47.65733],[7.6021,47.65715],[7.60198,47.65703],[7.6018,47.65682],[7.60159,47.65649],[7.60142,47.65617],[7.60133,47.6559],[7.60126,47.65559],[7.60122,47.6554],[7.60112,47.65531],[7.6004,47.65545],[7.5998,47.65562],[7.59944,47.65579],[7.59791,47.65449],[7.59679,47.65536],[7.59518,47.65413],[7.59451,47.6546],[7.59393,47.65425],[7.59372,47.65447],[7.59322,47.6542],[7.59311,47.65438],[7.59295,47.65458],[7.59281,47.65478],[7.59273,47.65473],[7.5924,47.65451],[7.59212,47.65436],[7.59184,47.65413],[7.59126,47.6537],[7.5908,47.65336],[7.59053,47.65315],[7.58983,47.65272],[7.58928,47.65237],[7.58846,47.65187],[7.59053,47.65033],[7.59098,47.64967],[7.59254,47.64735],[7.59113,47.64653],[7.59379,47.64555],[7.59412,47.6455],[7.5941,47.64544],[7.59398,47.64508],[7.59392,47.64479],[7.59391,47.64459],[7.59392,47.64426],[7.59391,47.64407],[7.59381,47.64391],[7.59356,47.64367],[7.59361,47.64364],[7.59408,47.6436],[7.59417,47.64363],[7.59735,47.64363],[7.5988,47.64363],[7.59913,47.64343],[7.60085,47.64371],[7.60109,47.64339],[7.60286,47.64398],[7.60256,47.64436],[7.60264,47.64446],[7.60362,47.6448],[7.60341,47.6454],[7.60249,47.64677],[7.60268,47.64707],[7.60318,47.6475],[7.6034,47.64764],[7.60405,47.64798],[7.60426,47.64789],[7.60469,47.64768],[7.60507,47.64748],[7.6055,47.64735],[7.60587,47.64727],[7.60633,47.64721],[7.60676,47.64716],[7.60749,47.64714],[7.60908,47.64717],[7.60961,47.64722],[7.60968,47.64707],[7.61011,47.64721],[7.61057,47.64707],[7.61104,47.6471],[7.61274,47.64737],[7.61201,47.64812],[7.61326,47.64863],[7.61331,47.64872],[7.61482,47.64848]]]}},{"type":"Feature","properties":{"id":"binzen","name":"Binzen"},"geometry":{"type":"Polygon","coordinates":[[[7.61934,47.61989],[7.61984,47.62021],[7.62023,47.62038],[7.62017,47.62049],[7.6204,47.62222],[7.6204,47.62225],[7.61911,47.62236],[7.61888,47.62241],[7.61868,47.62254],[7.61831,47.62295],[7.61814,47.62317],[7.61749,47.62317],[7.61748,47.62321],[7.61792,47.62409],[7.61775,47.62419],[7.61761,47.62422],[7.61887,47.62507],[7.61962,47.62494],[7.6198,47.62491],[7.62451,47.62729],[7.62487,47.62695],[7.62603,47.62586],[7.62612,47.62591],[7.62725,47.62647],[7.62764,47.62667],[7.62785,47.62677],[7.62803,47.62661],[7.62872,47.62601],[7.62915,47.62563],[7.63084,47.62647],[7.63179,47.62564],[7.63373,47.62664],[7.63484,47.62721],[7.63549,47.62767],[7.63658,47.62836],[7.63761,47.62897],[7.63852,47.62944],[7.63931,47.6299],[7.63937,47.62996],[7.63942,47.62999],[7.63956,47.63],[7.64048,47.62993],[7.64065,47.62993],[7.64092,47.62994],[7.64225,47.63032],[7.64191,47.63083],[7.64237,47.63093],[7.64265,47.63099],[7.64315,47.63114],[7.64393,47.63139],[7.6444,47.63153],[7.64545,47.63178],[7.64605,47.63195],[7.64603,47.63208],[7.64593,47.63242],[7.64592,47.63269],[7.64597,47.63365],[7.6464,47.63349],[7.64645,47.63341],[7.64653,47.63334],[7.64681,47.63313],[7.64686,47.63315],[7.64693,47.63316],[7.647,47.63317],[7.64782,47.63513],[7.64776,47.63512],[7.64692,47.63551],[7.64747,47.63706],[7.64802,47.63721],[7.64824,47.63772],[7.64759,47.63764],[7.64694,47.63763],[7.64598,47.63762],[7.64475,47.63761],[7.64469,47.6376],[7.64417,47.63747],[7.6438,47.63738],[7.64362,47.63717],[7.64322,47.63712],[7.64303,47.63717],[7.6416,47.63689],[7.64148,47.63675],[7.64066,47.6367],[7.63996,47.63665],[7.63936,47.63668],[7.63878,47.63669],[7.63831,47.63667],[7.63737,47.63738],[7.63648,47.638],[7.63658,47.63806],[7.63661,47.63828],[7.63656,47.63841],[7.63647,47.63862],[7.63651,47.63885],[7.63655,47.63893],[7.63672,47.63906],[7.6369,47.63915],[7.63715,47.63937],[7.63717,47.63952],[7.63732,47.63975],[7.63674,47.64069],[7.63667,47.64078],[7.63602,47.64102],[7.63589,47.6406],[7.63568,47.64023],[7.63548,47.63991],[7.63426,47.64027],[7.62966,47.6415],[7.62944,47.6415],[7.62865,47.64172],[7.62847,47.64175],[7.62786,47.64208],[7.62714,47.64246],[7.62628,47.64295],[7.62366,47.64424],[7.62347,47.64431],[7.62155,47.64474],[7.622,47.6466],[7.62235,47.64774],[7.61946,47.64823],[7.6195,47.64843],[7.61957,47.6486],[7.61734,47.649],[7.61685,47.64807],[7.61584,47.64825],[7.61482,47.64848],[7.61331,47.64872],[7.61326,47.64863],[7.61201,47.64812],[7.61274,47.64737],[7.61344,47.64742],[7.6137,47.64623],[7.61367,47.64609],[7.61385,47.64554],[7.61451,47.64475],[7.6144,47.6446],[7.61493,47.64408],[7.61422,47.64349],[7.61387,47.6433],[7.61331,47.64326],[7.61263,47.6432],[7.6124,47.64324],[7.61192,47.64353],[7.61179,47.64377],[7.61173,47.64397],[7.6117,47.64436],[7.6116,47.64436],[7.61157,47.64457],[7.61152,47.6446],[7.61085,47.6445],[7.61072,47.64463],[7.61061,47.64485],[7.61039,47.64513],[7.61012,47.64545],[7.60991,47.64578],[7.60966,47.64606],[7.60956,47.64615],[7.60933,47.64632],[7.60886,47.64653],[7.60908,47.64717],[7.60749,47.64714],[7.60741,47.64681],[7.60738,47.64648],[7.60746,47.6459],[7.60693,47.64573],[7.60707,47.64551],[7.60681,47.64543],[7.60705,47.64523],[7.60724,47.64497],[7.60661,47.64454],[7.60682,47.64416],[7.60723,47.64321],[7.6076,47.64327],[7.60792,47.64331],[7.60827,47.64335],[7.60878,47.64299],[7.609,47.64276],[7.60904,47.64268],[7.60906,47.64262],[7.60906,47.64251],[7.60905,47.64244],[7.60893,47.64209],[7.60879,47.64173],[7.60876,47.64161],[7.60875,47.64153],[7.60878,47.64144],[7.60881,47.64137],[7.60887,47.64127],[7.60904,47.64113],[7.60815,47.64066],[7.60866,47.64019],[7.60834,47.64002],[7.60847,47.63988],[7.60722,47.63895],[7.60469,47.64083],[7.60424,47.6405],[7.60405,47.64027],[7.60347,47.63936],[7.60329,47.63901],[7.60305,47.63864],[7.60284,47.63834],[7.60188,47.637],[7.60169,47.63668],[7.60208,47.63641],[7.60248,47.63611],[7.60276,47.63592],[7.60335,47.63551],[7.60383,47.63514],[7.6044,47.63465],[7.60548,47.63373],[7.60317,47.63266],[7.60402,47.63186],[7.60478,47.63202],[7.60528,47.63212],[7.606,47.63222],[7.60652,47.63227],[7.6069,47.62933],[7.60638,47.62935],[7.60494,47.62941],[7.60495,47.62934],[7.60523,47.62713],[7.6051,47.62714],[7.6045,47.62727],[7.60436,47.62732],[7.60407,47.62739],[7.60391,47.62723],[7.60406,47.62717],[7.60473,47.6269],[7.60485,47.6269],[7.60516,47.62686],[7.60522,47.62683],[7.60531,47.62675],[7.60535,47.62672],[7.60542,47.62664],[7.60549,47.62657],[7.60557,47.62651],[7.60563,47.62642],[7.60558,47.62627],[7.60558,47.62624],[7.60571,47.6262],[7.60572,47.62618],[7.60574,47.62611],[7.60576,47.62608],[7.60561,47.62601],[7.60547,47.62584],[7.60533,47.62573],[7.60507,47.62564],[7.60453,47.6256],[7.6042,47.62559],[7.60364,47.62563],[7.60314,47.6257],[7.6027,47.6245],[7.60247,47.62386],[7.60365,47.62368],[7.60384,47.6241],[7.6052,47.6239],[7.60635,47.62365],[7.60634,47.62357],[7.60835,47.62322],[7.60825,47.62269],[7.60971,47.62271],[7.60992,47.62307],[7.60999,47.62305],[7.6119,47.62307],[7.61366,47.62307],[7.61363,47.62282],[7.61375,47.62283],[7.61386,47.62283],[7.61385,47.62271],[7.61401,47.62206],[7.61408,47.62207],[7.61436,47.62183],[7.61457,47.62177],[7.61472,47.62178],[7.61532,47.62155],[7.61554,47.62149],[7.61582,47.62131],[7.61621,47.62079],[7.61634,47.62085],[7.61654,47.62079],[7.61685,47.62082],[7.61691,47.62076],[7.61745,47.62097],[7.61852,47.62041],[7.61899,47.62012],[7.61932,47.61987],[7.61934,47.61989]]]}},{"type":"Feature","properties":{"id":"bollschweil","name":"Bollschweil"},"geometry":{"type":"Polygon","coordinates":[[[7.84041,47.92084],[7.84009,47.92092],[7.83965,47.92112],[7.83897,47.92137],[7.83746,47.92161],[7.83678,47.92157],[7.8361,47.92162],[7.83536,47.92197],[7.83503,47.92209],[7.83478,47.92219],[7.8345,47.92233],[7.83314,47.92208],[7.83262,47.92196],[7.83208,47.92184],[7.831,47.92185],[7.83071,47.92186],[7.83015,47.9219],[7.82861,47.92206],[7.8273,47.92214],[7.82602,47.92237],[7.82571,47.92241],[7.82504,47.92249],[7.82397,47.92244],[7.82336,47.92227],[7.82256,47.92215],[7.82179,47.92221],[7.82092,47.92234],[7.82034,47.92253],[7.81922,47.92323],[7.81883,47.92362],[7.81833,47.92397],[7.8169,47.9237],[7.816,47.92347],[7.81452,47.92338],[7.81336,47.92319],[7.81132,47.92251],[7.81056,47.92247],[7.80995,47.92263],[7.80745,47.92291],[7.80622,47.92382],[7.80598,47.92381],[7.8057,47.92401],[7.80517,47.92402],[7.80438,47.92423],[7.80435,47.92424],[7.80421,47.92433],[7.80395,47.92444],[7.80345,47.92495],[7.80217,47.92545],[7.80164,47.92515],[7.8015,47.92525],[7.80134,47.9253],[7.80127,47.92539],[7.80111,47.92541],[7.801,47.9255],[7.80144,47.92611],[7.8,47.9264],[7.79987,47.92651],[7.79936,47.92673],[7.79916,47.92692],[7.7998,47.92707],[7.79967,47.9271],[7.79961,47.9272],[7.79943,47.92748],[7.79906,47.92789],[7.79889,47.92808],[7.79883,47.92828],[7.79811,47.92828],[7.79815,47.92849],[7.79819,47.92869],[7.79835,47.92904],[7.7981,47.92911],[7.79794,47.92916],[7.79784,47.92911],[7.79705,47.92968],[7.79752,47.93002],[7.7969,47.93036],[7.79669,47.93047],[7.79558,47.931],[7.79452,47.93158],[7.79409,47.93184],[7.7922,47.93231],[7.79188,47.9324],[7.79149,47.93242],[7.79084,47.93248],[7.78982,47.93278],[7.78913,47.93319],[7.78828,47.93382],[7.78749,47.93442],[7.78509,47.93612],[7.78481,47.93627],[7.7843,47.93653],[7.78368,47.9364],[7.7829,47.93623],[7.78155,47.93593],[7.78095,47.9358],[7.78044,47.93541],[7.77964,47.9351],[7.77791,47.93495],[7.77677,47.93474],[7.77558,47.93454],[7.77483,47.93408],[7.77454,47.93368],[7.77431,47.93336],[7.77385,47.9329],[7.77377,47.93271],[7.7735,47.93215],[7.77359,47.93143],[7.77431,47.93144],[7.7741,47.93127],[7.77399,47.93104],[7.7738,47.93081],[7.77361,47.93059],[7.77313,47.93013],[7.77253,47.92959],[7.77246,47.92963],[7.77221,47.92934],[7.77175,47.92884],[7.77141,47.92848],[7.77114,47.928],[7.77029,47.9266],[7.76947,47.92522],[7.76749,47.9248],[7.76739,47.92478],[7.76732,47.92476],[7.76723,47.92474],[7.76719,47.92452],[7.76696,47.92322],[7.76772,47.92319],[7.76799,47.92268],[7.7686,47.92251],[7.77062,47.92208],[7.77132,47.92146],[7.77073,47.92072],[7.77049,47.92047],[7.77078,47.9203],[7.77068,47.92026],[7.77166,47.91965],[7.77141,47.91946],[7.77092,47.91916],[7.7707,47.91899],[7.77061,47.91879],[7.77063,47.91842],[7.77079,47.91822],[7.77079,47.91821],[7.77089,47.9179],[7.77086,47.9179],[7.77083,47.9179],[7.77088,47.91752],[7.77106,47.9172],[7.77115,47.91652],[7.77122,47.91633],[7.77135,47.91613],[7.77169,47.91584],[7.77193,47.91569],[7.77209,47.91573],[7.77307,47.91565],[7.77385,47.91567],[7.77517,47.91561],[7.77553,47.91562],[7.77573,47.9156],[7.77625,47.91544],[7.7773,47.91507],[7.77837,47.91465],[7.7785,47.91434],[7.77892,47.91406],[7.77911,47.91395],[7.77946,47.91377],[7.7795,47.91373],[7.77979,47.91371],[7.78048,47.91359],[7.78068,47.91363],[7.7811,47.91368],[7.78143,47.91375],[7.78163,47.91408],[7.78171,47.91407],[7.78208,47.91393],[7.78281,47.91402],[7.78565,47.9142],[7.78611,47.91423],[7.78703,47.91421],[7.78861,47.91422],[7.78974,47.91423],[7.79002,47.91391],[7.79019,47.9137],[7.79041,47.91335],[7.79094,47.91301],[7.79168,47.91247],[7.79261,47.91192],[7.79314,47.91159],[7.79393,47.91103],[7.79437,47.91073],[7.79489,47.9104],[7.79562,47.90997],[7.79647,47.90962],[7.79707,47.90931],[7.79774,47.90893],[7.79886,47.90827],[7.79981,47.90769],[7.80045,47.90778],[7.8009,47.90783],[7.80102,47.9079],[7.80137,47.90782],[7.80161,47.90778],[7.80186,47.90773],[7.80247,47.90761],[7.80282,47.9075],[7.80355,47.90732],[7.80381,47.90727],[7.80452,47.90744],[7.80493,47.90757],[7.80526,47.90767],[7.80627,47.90813],[7.80689,47.9079],[7.80751,47.90766],[7.80832,47.90739],[7.80862,47.90697],[7.80928,47.90608],[7.80975,47.90558],[7.81039,47.90495],[7.81137,47.90568],[7.8126,47.90666],[7.81334,47.90728],[7.81386,47.90691],[7.81421,47.90663],[7.81462,47.90629],[7.81516,47.90575],[7.8155,47.90524],[7.81576,47.90467],[7.81582,47.90466],[7.81771,47.90459],[7.81831,47.90409],[7.81866,47.90353],[7.81893,47.9035],[7.81911,47.90313],[7.81926,47.90289],[7.81927,47.90265],[7.81924,47.90233],[7.81927,47.9021],[7.81929,47.90177],[7.81928,47.90122],[7.81912,47.90072],[7.81948,47.90052],[7.82048,47.90007],[7.82149,47.89983],[7.82205,47.89975],[7.82279,47.89976],[7.82306,47.89963],[7.82331,47.89923],[7.82338,47.89906],[7.82362,47.89865],[7.82393,47.89837],[7.8243,47.89817],[7.82481,47.89796],[7.82522,47.8978],[7.82567,47.89766],[7.82699,47.89784],[7.82923,47.89962],[7.83079,47.89867],[7.83096,47.89843],[7.83112,47.89821],[7.8313,47.89755],[7.83158,47.89725],[7.83149,47.89667],[7.83169,47.89642],[7.83267,47.89586],[7.83309,47.89558],[7.83328,47.89545],[7.83368,47.89511],[7.83458,47.89436],[7.83564,47.89446],[7.8361,47.89444],[7.83677,47.89436],[7.83771,47.89414],[7.8399,47.89373],[7.84342,47.89321],[7.8437,47.89328],[7.84419,47.8934],[7.84555,47.89396],[7.84646,47.89479],[7.84649,47.89505],[7.8465,47.89514],[7.84701,47.89538],[7.8475,47.89549],[7.84813,47.89556],[7.84816,47.89565],[7.84827,47.89576],[7.84847,47.89589],[7.84874,47.89613],[7.84905,47.89642],[7.84925,47.8966],[7.84958,47.89692],[7.85025,47.8974],[7.85083,47.89764],[7.85153,47.89788],[7.85196,47.898],[7.85254,47.89813],[7.85431,47.89859],[7.85528,47.89866],[7.85618,47.8987],[7.8572,47.89898],[7.85772,47.89916],[7.85817,47.89926],[7.85885,47.89936],[7.85936,47.89944],[7.85968,47.89946],[7.86013,47.89962],[7.8608,47.89985],[7.86151,47.90006],[7.86255,47.90036],[7.86287,47.90045],[7.86337,47.90058],[7.86472,47.9008],[7.8657,47.90099],[7.86677,47.90112],[7.86685,47.90112],[7.86712,47.90115],[7.86737,47.90123],[7.8678,47.90137],[7.86854,47.90167],[7.86893,47.9018],[7.86942,47.90186],[7.87013,47.90191],[7.87075,47.90199],[7.8711,47.90206],[7.87175,47.90225],[7.87267,47.90251],[7.87332,47.90273],[7.87391,47.90295],[7.87498,47.90358],[7.87332,47.90395],[7.8715,47.90451],[7.87066,47.9057],[7.87047,47.90594],[7.86974,47.90759],[7.86956,47.90782],[7.86925,47.90809],[7.86833,47.90879],[7.86796,47.90927],[7.8658,47.90986],[7.86527,47.91057],[7.86391,47.91022],[7.86214,47.91097],[7.8601,47.91174],[7.85795,47.91162],[7.85643,47.91275],[7.85588,47.91422],[7.8543,47.91576],[7.85402,47.91597],[7.85363,47.91644],[7.85341,47.91684],[7.85334,47.91712],[7.85339,47.91745],[7.85355,47.91753],[7.85359,47.91768],[7.85346,47.91821],[7.85323,47.91848],[7.85285,47.919],[7.85235,47.91924],[7.85211,47.9197],[7.85181,47.92007],[7.85157,47.92028],[7.85136,47.92039],[7.85102,47.9208],[7.85057,47.92104],[7.84963,47.92136],[7.84866,47.92132],[7.8475,47.92141],[7.84669,47.92148],[7.84599,47.92156],[7.84542,47.92181],[7.84455,47.92212],[7.84443,47.92217],[7.84353,47.92214],[7.84307,47.92217],[7.8427,47.92228],[7.84251,47.92191],[7.84154,47.92111],[7.84041,47.92084]]]}},{"type":"Feature","properties":{"id":"ehrenkirchen","name":"Ehrenkirchen"},"geometry":{"type":"Polygon","coordinates":[[[7.78095,47.9358],[7.78082,47.93578],[7.77962,47.93559],[7.77772,47.93569],[7.77683,47.93574],[7.77612,47.93578],[7.77579,47.93579],[7.77557,47.93578],[7.77427,47.9354],[7.77203,47.93474],[7.77163,47.93438],[7.7712,47.93398],[7.77088,47.93366],[7.76999,47.93281],[7.76878,47.93235],[7.76827,47.93215],[7.76645,47.93148],[7.76478,47.93057],[7.76305,47.92923],[7.76157,47.92859],[7.76071,47.92857],[7.75988,47.92866],[7.75807,47.9287],[7.75453,47.92917],[7.75445,47.92949],[7.75438,47.92965],[7.75435,47.9301],[7.75436,47.9306],[7.75432,47.93085],[7.75439,47.93111],[7.75443,47.93138],[7.7544,47.93158],[7.75428,47.93182],[7.7542,47.93185],[7.75212,47.9324],[7.75114,47.93267],[7.75107,47.93269],[7.75074,47.93278],[7.75048,47.93285],[7.75043,47.93287],[7.74999,47.93232],[7.74995,47.93228],[7.74976,47.93236],[7.7499,47.93259],[7.74952,47.93275],[7.74889,47.93301],[7.74872,47.93308],[7.74906,47.93354],[7.74757,47.93409],[7.74754,47.93411],[7.74699,47.9343],[7.7469,47.93434],[7.74661,47.93392],[7.74639,47.93397],[7.74493,47.93436],[7.74486,47.93438],[7.74482,47.93438],[7.74398,47.9346],[7.74259,47.93491],[7.74294,47.93543],[7.74161,47.93583],[7.74095,47.93603],[7.74082,47.93607],[7.74042,47.93619],[7.74019,47.93626],[7.73967,47.93642],[7.73951,47.93646],[7.73966,47.93665],[7.74039,47.93745],[7.74108,47.93784],[7.74314,47.93893],[7.74317,47.93895],[7.74331,47.93903],[7.7445,47.93975],[7.74504,47.94026],[7.74584,47.94104],[7.74636,47.94154],[7.7465,47.94168],[7.74657,47.94194],[7.74668,47.94231],[7.7471,47.94336],[7.74708,47.94336],[7.74704,47.94338],[7.74729,47.94402],[7.74738,47.9442],[7.74765,47.94465],[7.74824,47.94545],[7.74858,47.94571],[7.74799,47.94596],[7.74752,47.94615],[7.74745,47.94633],[7.74727,47.94637],[7.74651,47.94661],[7.74639,47.94649],[7.74635,47.94654],[7.74552,47.94663],[7.74587,47.94702],[7.74516,47.94732],[7.74506,47.94721],[7.74379,47.94776],[7.74366,47.94758],[7.74333,47.94771],[7.74296,47.94792],[7.74294,47.94789],[7.74228,47.94816],[7.74245,47.94837],[7.74237,47.9484],[7.74022,47.94934],[7.74011,47.94939],[7.739,47.94991],[7.73869,47.95004],[7.73856,47.95013],[7.73839,47.95024],[7.73788,47.95056],[7.73746,47.95083],[7.7374,47.95086],[7.73716,47.95104],[7.7369,47.95133],[7.7368,47.95149],[7.73669,47.9518],[7.7366,47.95201],[7.73641,47.95204],[7.73626,47.95207],[7.73613,47.95209],[7.73611,47.95305],[7.73542,47.95307],[7.73517,47.95308],[7.73516,47.95308],[7.73509,47.95309],[7.73482,47.95316],[7.73454,47.95324],[7.73411,47.95341],[7.7336,47.95346],[7.7332,47.95346],[7.73257,47.95349],[7.73075,47.95355],[7.72981,47.95369],[7.72887,47.954],[7.72804,47.95283],[7.72739,47.95195],[7.72737,47.95193],[7.72736,47.95191],[7.72735,47.95189],[7.72596,47.95099],[7.72587,47.95093],[7.72466,47.95054],[7.72464,47.95054],[7.72453,47.9505],[7.7245,47.95049],[7.72481,47.95008],[7.72543,47.94922],[7.7238,47.94866],[7.72377,47.94865],[7.72393,47.94832],[7.72416,47.94784],[7.72409,47.94757],[7.72474,47.9464],[7.7248,47.94638],[7.72483,47.94637],[7.72512,47.94628],[7.72741,47.94288],[7.72694,47.94278],[7.72591,47.94257],[7.72587,47.94256],[7.72582,47.94255],[7.72579,47.94254],[7.72448,47.94227],[7.72445,47.94226],[7.72441,47.94226],[7.72438,47.94226],[7.72314,47.94355],[7.72143,47.94264],[7.72141,47.94263],[7.72138,47.94261],[7.72133,47.94258],[7.72108,47.94282],[7.72025,47.94343],[7.7202,47.94344],[7.71763,47.94235],[7.71759,47.94233],[7.71709,47.94283],[7.71687,47.94303],[7.7167,47.9432],[7.71668,47.94322],[7.71648,47.94341],[7.71622,47.94363],[7.71483,47.94282],[7.71276,47.94162],[7.71275,47.94161],[7.71211,47.94273],[7.712,47.94277],[7.70947,47.94374],[7.70791,47.94434],[7.70723,47.94316],[7.7072,47.94312],[7.70692,47.94319],[7.70648,47.94246],[7.70648,47.94245],[7.70646,47.94242],[7.70645,47.94238],[7.70665,47.94229],[7.70717,47.94181],[7.70728,47.94173],[7.70735,47.94167],[7.70749,47.94152],[7.70759,47.94143],[7.70776,47.94135],[7.70818,47.94119],[7.70839,47.94107],[7.70847,47.94076],[7.70761,47.94008],[7.70783,47.93991],[7.7073,47.93952],[7.70734,47.93946],[7.70657,47.93866],[7.70662,47.93861],[7.70666,47.93855],[7.7067,47.9385],[7.70587,47.93756],[7.70639,47.93736],[7.70663,47.93727],[7.70553,47.93616],[7.70579,47.936],[7.70465,47.93487],[7.70475,47.93483],[7.70506,47.93472],[7.70387,47.93352],[7.7039,47.93346],[7.70391,47.93344],[7.70384,47.93336],[7.70351,47.93299],[7.70294,47.93242],[7.70167,47.93141],[7.70297,47.93037],[7.70356,47.93088],[7.70541,47.92995],[7.70545,47.92988],[7.70562,47.92972],[7.70598,47.92941],[7.70653,47.92893],[7.70661,47.92882],[7.70721,47.92795],[7.70742,47.92756],[7.70756,47.92718],[7.70771,47.92674],[7.70687,47.92618],[7.70751,47.92594],[7.70841,47.9256],[7.70899,47.92538],[7.70901,47.9254],[7.71032,47.92462],[7.71052,47.92481],[7.71055,47.9248],[7.7114,47.92558],[7.71126,47.92541],[7.71116,47.92519],[7.7111,47.925],[7.71107,47.92427],[7.71108,47.92393],[7.71115,47.92383],[7.71121,47.92362],[7.71123,47.92345],[7.71123,47.92326],[7.71116,47.92306],[7.71107,47.92288],[7.71104,47.92231],[7.71103,47.92205],[7.71112,47.92146],[7.71125,47.92118],[7.7114,47.92096],[7.71154,47.92077],[7.7117,47.92058],[7.71179,47.9205],[7.7133,47.91887],[7.71399,47.91815],[7.71452,47.91759],[7.71621,47.91772],[7.71627,47.91749],[7.71623,47.9174],[7.71619,47.91717],[7.7161,47.917],[7.71599,47.91683],[7.71569,47.91656],[7.71566,47.91648],[7.71567,47.91638],[7.71578,47.91618],[7.71891,47.91276],[7.71909,47.91257],[7.71934,47.91228],[7.71951,47.91211],[7.71974,47.91222],[7.71998,47.91236],[7.72025,47.91251],[7.72076,47.91285],[7.72091,47.91297],[7.72109,47.91285],[7.72185,47.91131],[7.72191,47.91115],[7.72189,47.91091],[7.7217,47.90908],[7.72175,47.90889],[7.72211,47.90806],[7.72214,47.90799],[7.72294,47.90595],[7.72101,47.90514],[7.72094,47.90511],[7.72199,47.90398],[7.72272,47.90319],[7.72333,47.90252],[7.7237,47.90207],[7.72394,47.90173],[7.72419,47.90133],[7.72431,47.90112],[7.72452,47.90071],[7.72458,47.90073],[7.7252,47.90088],[7.72697,47.90128],[7.727,47.90129],[7.72704,47.9013],[7.72737,47.90138],[7.72739,47.901],[7.72741,47.90084],[7.72769,47.90073],[7.72774,47.90071],[7.72779,47.90069],[7.72824,47.90052],[7.7285,47.90035],[7.72859,47.90026],[7.72874,47.90013],[7.72885,47.90002],[7.72902,47.89989],[7.72915,47.89977],[7.72952,47.89951],[7.72987,47.89931],[7.73094,47.8988],[7.7314,47.89863],[7.73193,47.89851],[7.73219,47.89844],[7.73256,47.89842],[7.7333,47.89838],[7.73416,47.89837],[7.73413,47.89827],[7.73447,47.89822],[7.73501,47.89812],[7.73539,47.89798],[7.73581,47.89776],[7.73583,47.89775],[7.73586,47.89775],[7.73596,47.89768],[7.73637,47.89744],[7.73647,47.89748],[7.73651,47.89751],[7.7366,47.89755],[7.7367,47.8974],[7.73707,47.89705],[7.73716,47.89703],[7.73732,47.89711],[7.73785,47.89768],[7.73803,47.89792],[7.73807,47.89791],[7.73808,47.8979],[7.73855,47.89772],[7.73862,47.8977],[7.73904,47.89815],[7.73948,47.89797],[7.7395,47.89805],[7.73977,47.89794],[7.7398,47.89793],[7.74059,47.89764],[7.74035,47.89733],[7.7407,47.89715],[7.74083,47.89708],[7.74087,47.89706],[7.74104,47.89698],[7.74118,47.89692],[7.74125,47.89689],[7.74149,47.89677],[7.74149,47.89677],[7.7417,47.89694],[7.74172,47.89695],[7.74173,47.89694],[7.7418,47.89689],[7.74214,47.89667],[7.74318,47.89749],[7.74324,47.89754],[7.7433,47.89759],[7.74398,47.8971],[7.74422,47.89694],[7.74478,47.89658],[7.74505,47.8964],[7.74521,47.8963],[7.74551,47.89608],[7.74744,47.89478],[7.74747,47.89476],[7.7475,47.89474],[7.74777,47.89483],[7.74915,47.8938],[7.74897,47.89363],[7.75,47.89317],[7.75085,47.89314],[7.75213,47.89332],[7.75292,47.89226],[7.75327,47.89195],[7.75445,47.89131],[7.7542,47.89094],[7.75395,47.89075],[7.75394,47.89048],[7.75404,47.89029],[7.75402,47.88941],[7.75408,47.88918],[7.75459,47.88863],[7.75507,47.88828],[7.75563,47.88802],[7.75614,47.88726],[7.75744,47.88627],[7.75926,47.88527],[7.76015,47.88515],[7.76079,47.88478],[7.76117,47.88448],[7.76152,47.88404],[7.7618,47.88361],[7.76233,47.88318],[7.76243,47.8827],[7.76248,47.88222],[7.76261,47.88193],[7.76268,47.88142],[7.76296,47.88101],[7.76287,47.88039],[7.76309,47.87984],[7.76301,47.87908],[7.76256,47.87757],[7.7636,47.87723],[7.76499,47.8773],[7.76677,47.87726],[7.76744,47.8773],[7.76841,47.87724],[7.7686,47.87703],[7.76909,47.87679],[7.7694,47.87666],[7.77029,47.87627],[7.7715,47.87581],[7.77244,47.87558],[7.77285,47.87525],[7.77394,47.87444],[7.77494,47.87403],[7.77562,47.87403],[7.77644,47.87435],[7.77714,47.87498],[7.77806,47.87563],[7.7794,47.87625],[7.77961,47.87632],[7.78047,47.87658],[7.78112,47.87698],[7.78171,47.87773],[7.78264,47.87789],[7.78355,47.87794],[7.78525,47.87832],[7.78613,47.87835],[7.78683,47.87825],[7.78784,47.87817],[7.78836,47.87762],[7.78905,47.87718],[7.7897,47.87674],[7.78984,47.87651],[7.79032,47.87626],[7.79066,47.87607],[7.79152,47.87565],[7.79193,47.87554],[7.7932,47.87529],[7.79387,47.87504],[7.79449,47.87478],[7.79483,47.8747],[7.79528,47.87495],[7.79585,47.87536],[7.7961,47.87554],[7.79679,47.87575],[7.79744,47.87602],[7.7978,47.87642],[7.79867,47.87657],[7.79957,47.87693],[7.79988,47.87706],[7.80025,47.87758],[7.80058,47.87832],[7.80086,47.87908],[7.80096,47.87988],[7.80124,47.88003],[7.80155,47.87985],[7.80254,47.87995],[7.80326,47.88008],[7.80364,47.88024],[7.80373,47.88035],[7.80394,47.88053],[7.80471,47.88017],[7.80579,47.88052],[7.80736,47.88047],[7.80827,47.88038],[7.80952,47.88028],[7.81048,47.88057],[7.81143,47.88084],[7.81194,47.88112],[7.81244,47.88138],[7.81326,47.88165],[7.81409,47.8821],[7.81507,47.8825],[7.81508,47.88251],[7.81573,47.88356],[7.81608,47.88381],[7.81613,47.88383],[7.81703,47.88418],[7.81715,47.88419],[7.81804,47.88427],[7.81854,47.88421],[7.81907,47.88445],[7.81941,47.8845],[7.81986,47.88457],[7.82071,47.88463],[7.82117,47.88482],[7.82192,47.88506],[7.82289,47.88549],[7.82408,47.8852],[7.82515,47.88504],[7.82615,47.88518],[7.82715,47.88533],[7.82811,47.88518],[7.82905,47.88504],[7.8302,47.88558],[7.8303,47.88563],[7.83045,47.88565],[7.83151,47.88622],[7.83158,47.88626],[7.8323,47.88662],[7.83315,47.88702],[7.83343,47.88714],[7.83365,47.88723],[7.83369,47.88731],[7.83483,47.88798],[7.83529,47.88817],[7.83603,47.88848],[7.83701,47.8886],[7.83778,47.88845],[7.83812,47.88847],[7.83842,47.88848],[7.83954,47.8888],[7.83973,47.88891],[7.83999,47.88911],[7.84021,47.88927],[7.84042,47.8894],[7.84067,47.88952],[7.84087,47.88962],[7.84117,47.88968],[7.8416,47.88973],[7.84203,47.8898],[7.84229,47.89067],[7.84247,47.89099],[7.84302,47.89164],[7.84312,47.89255],[7.84342,47.89321],[7.8399,47.89373],[7.83771,47.89414],[7.83677,47.89436],[7.8361,47.89444],[7.83564,47.89446],[7.83458,47.89436],[7.83368,47.89511],[7.83328,47.89545],[7.83309,47.89558],[7.83267,47.89586],[7.83169,47.89642],[7.83149,47.89667],[7.83158,47.89725],[7.8313,47.89755],[7.83112,47.89821],[7.83096,47.89843],[7.83079,47.89867],[7.82923,47.89962],[7.82699,47.89784],[7.82567,47.89766],[7.82522,47.8978],[7.82481,47.89796],[7.8243,47.89817],[7.82393,47.89837],[7.82362,47.89865],[7.82338,47.89906],[7.82331,47.89923],[7.82306,47.89963],[7.82279,47.89976],[7.82205,47.89975],[7.82149,47.89983],[7.82048,47.90007],[7.81948,47.90052],[7.81912,47.90072],[7.81928,47.90122],[7.81929,47.90177],[7.81927,47.9021],[7.81924,47.90233],[7.81927,47.90265],[7.81926,47.90289],[7.81911,47.90313],[7.81893,47.9035],[7.81866,47.90353],[7.81831,47.90409],[7.81771,47.90459],[7.81582,47.90466],[7.81576,47.90467],[7.8155,47.90524],[7.81516,47.90575],[7.81462,47.90629],[7.81421,47.90663],[7.81386,47.90691],[7.81334,47.90728],[7.8126,47.90666],[7.81137,47.90568],[7.81039,47.90495],[7.80975,47.90558],[7.80928,47.90608],[7.80862,47.90697],[7.80832,47.90739],[7.80751,47.90766],[7.80689,47.9079],[7.80627,47.90813],[7.80526,47.90767],[7.80493,47.90757],[7.80452,47.90744],[7.80381,47.90727],[7.80355,47.90732],[7.80282,47.9075],[7.80247,47.90761],[7.80186,47.90773],[7.80161,47.90778],[7.80137,47.90782],[7.80102,47.9079],[7.8009,47.90783],[7.80045,47.90778],[7.79981,47.90769],[7.79886,47.90827],[7.79774,47.90893],[7.79707,47.90931],[7.79647,47.90962],[7.79562,47.90997],[7.79489,47.9104],[7.79437,47.91073],[7.79393,47.91103],[7.79314,47.91159],[7.79261,47.91192],[7.79168,47.91247],[7.79094,47.91301],[7.79041,47.91335],[7.79019,47.9137],[7.79002,47.91391],[7.78974,47.91423],[7.78861,47.91422],[7.78703,47.91421],[7.78611,47.91423],[7.78565,47.9142],[7.78281,47.91402],[7.78208,47.91393],[7.78171,47.91407],[7.78163,47.91408],[7.78143,47.91375],[7.7811,47.91368],[7.78068,47.91363],[7.78048,47.91359],[7.77979,47.91371],[7.7795,47.91373],[7.77946,47.91377],[7.77911,47.91395],[7.77892,47.91406],[7.7785,47.91434],[7.77837,47.91465],[7.7773,47.91507],[7.77625,47.91544],[7.77573,47.9156],[7.77553,47.91562],[7.77517,47.91561],[7.77385,47.91567],[7.77307,47.91565],[7.77209,47.91573],[7.77193,47.91569],[7.77169,47.91584],[7.77135,47.91613],[7.77122,47.91633],[7.77115,47.91652],[7.77106,47.9172],[7.77088,47.91752],[7.77083,47.9179],[7.77086,47.9179],[7.77089,47.9179],[7.77079,47.91821],[7.77079,47.91822],[7.77063,47.91842],[7.77061,47.91879],[7.7707,47.91899],[7.77092,47.91916],[7.77141,47.91946],[7.77166,47.91965],[7.77068,47.92026],[7.77078,47.9203],[7.77049,47.92047],[7.77073,47.92072],[7.77132,47.92146],[7.77062,47.92208],[7.7686,47.92251],[7.76799,47.92268],[7.76772,47.92319],[7.76696,47.92322],[7.76719,47.92452],[7.76723,47.92474],[7.76732,47.92476],[7.76739,47.92478],[7.76749,47.9248],[7.76947,47.92522],[7.77029,47.9266],[7.77114,47.928],[7.77141,47.92848],[7.77175,47.92884],[7.77221,47.92934],[7.77246,47.92963],[7.77253,47.92959],[7.77313,47.93013],[7.77361,47.93059],[7.7738,47.93081],[7.77399,47.93104],[7.7741,47.93127],[7.77431,47.93144],[7.77359,47.93143],[7.7735,47.93215],[7.77377,47.93271],[7.77385,47.9329],[7.77431,47.93336],[7.77454,47.93368],[7.77483,47.93408],[7.77558,47.93454],[7.77677,47.93474],[7.77791,47.93495],[7.77964,47.9351],[7.78044,47.93541],[7.78095,47.9358]]]}},{"type":"Feature","properties":{"id":"bad_krozingen","name":"Bad Krozingen"},"geometry":{"type":"Polygon","coordinates":[[[7.71089,47.88305],[7.71314,47.88461],[7.71313,47.88462],[7.71408,47.88523],[7.71524,47.88683],[7.71529,47.88681],[7.71625,47.88745],[7.71724,47.8881],[7.71804,47.88865],[7.71807,47.88869],[7.71809,47.88872],[7.71853,47.88897],[7.71861,47.88902],[7.72031,47.89],[7.72,47.89032],[7.71961,47.89076],[7.71999,47.89093],[7.72001,47.89094],[7.72028,47.89115],[7.72053,47.89185],[7.72048,47.89188],[7.72092,47.89209],[7.71991,47.89334],[7.71937,47.89365],[7.72104,47.89475],[7.72054,47.89502],[7.72033,47.89513],[7.71991,47.89548],[7.71949,47.89586],[7.71944,47.89587],[7.71912,47.89621],[7.71867,47.8968],[7.71885,47.89689],[7.71863,47.89728],[7.71889,47.8972],[7.7202,47.8978],[7.71984,47.89804],[7.71975,47.898],[7.71931,47.89819],[7.71885,47.89859],[7.71916,47.89871],[7.71885,47.89885],[7.71865,47.8991],[7.71816,47.89943],[7.71896,47.89975],[7.72004,47.90013],[7.72021,47.89998],[7.72132,47.9004],[7.72249,47.90085],[7.72306,47.90021],[7.72434,47.90069],[7.72443,47.90069],[7.7245,47.90071],[7.72452,47.90071],[7.72431,47.90112],[7.72419,47.90133],[7.72394,47.90173],[7.7237,47.90207],[7.72333,47.90252],[7.72272,47.90319],[7.72199,47.90398],[7.72094,47.90511],[7.72101,47.90514],[7.72294,47.90595],[7.72214,47.90799],[7.72211,47.90806],[7.72175,47.90889],[7.7217,47.90908],[7.72189,47.91091],[7.72191,47.91115],[7.72185,47.91131],[7.72109,47.91285],[7.72091,47.91297],[7.72076,47.91285],[7.72025,47.91251],[7.71998,47.91236],[7.71974,47.91222],[7.71951,47.91211],[7.71934,47.91228],[7.71909,47.91257],[7.71891,47.91276],[7.71578,47.91618],[7.71567,47.91638],[7.71566,47.91648],[7.71569,47.91656],[7.71599,47.91683],[7.7161,47.917],[7.71619,47.91717],[7.71623,47.9174],[7.71627,47.91749],[7.71621,47.91772],[7.71452,47.91759],[7.71399,47.91815],[7.7133,47.91887],[7.71179,47.9205],[7.7117,47.92058],[7.71154,47.92077],[7.7114,47.92096],[7.71125,47.92118],[7.71112,47.92146],[7.71103,47.92205],[7.71104,47.92231],[7.71107,47.92288],[7.71116,47.92306],[7.71123,47.92326],[7.71123,47.92345],[7.71121,47.92362],[7.71115,47.92383],[7.71108,47.92393],[7.71107,47.92427],[7.7111,47.925],[7.71116,47.92519],[7.71126,47.92541],[7.7114,47.92558],[7.71055,47.9248],[7.71052,47.92481],[7.71032,47.92462],[7.70901,47.9254],[7.70899,47.92538],[7.70841,47.9256],[7.70751,47.92594],[7.70687,47.92618],[7.70771,47.92674],[7.70756,47.92718],[7.70742,47.92756],[7.70721,47.92795],[7.70661,47.92882],[7.70653,47.92893],[7.70598,47.92941],[7.70562,47.92972],[7.70545,47.92988],[7.70541,47.92995],[7.70356,47.93088],[7.70297,47.93037],[7.70167,47.93141],[7.70294,47.93242],[7.70351,47.93299],[7.70384,47.93336],[7.70391,47.93344],[7.7039,47.93346],[7.70387,47.93352],[7.70506,47.93472],[7.70475,47.93483],[7.70465,47.93487],[7.70579,47.936],[7.70553,47.93616],[7.70663,47.93727],[7.70639,47.93736],[7.70587,47.93756],[7.7067,47.9385],[7.70666,47.93855],[7.70662,47.93861],[7.70657,47.93866],[7.70734,47.93946],[7.7073,47.93952],[7.70783,47.93991],[7.70761,47.94008],[7.70847,47.94076],[7.70839,47.94107],[7.70818,47.94119],[7.70776,47.94135],[7.70759,47.94143],[7.70749,47.94152],[7.70735,47.94167],[7.70728,47.94173],[7.70717,47.94181],[7.70665,47.94229],[7.70645,47.94238],[7.70646,47.94242],[7.70648,47.94245],[7.70648,47.94246],[7.70692,47.94319],[7.7072,47.94312],[7.70723,47.94316],[7.70791,47.94434],[7.70764,47.94444],[7.70728,47.94457],[7.70482,47.94552],[7.70235,47.94648],[7.69989,47.94742],[7.69909,47.94605],[7.69903,47.94608],[7.69438,47.94787],[7.69396,47.94804],[7.69386,47.94807],[7.6936,47.9478],[7.69116,47.94817],[7.69105,47.94818],[7.69128,47.94871],[7.68735,47.94927],[7.6871,47.94931],[7.68707,47.94933],[7.687,47.94934],[7.68425,47.95035],[7.68423,47.95036],[7.6842,47.95037],[7.68239,47.95104],[7.68236,47.95105],[7.68234,47.95106],[7.6816,47.95132],[7.68156,47.95134],[7.68155,47.95134],[7.68091,47.95158],[7.67897,47.95232],[7.67776,47.95278],[7.67755,47.95318],[7.67863,47.95345],[7.68168,47.95415],[7.68161,47.95419],[7.68053,47.95477],[7.67966,47.95523],[7.67953,47.95534],[7.67877,47.95573],[7.6787,47.95578],[7.67863,47.95583],[7.67861,47.95584],[7.6765,47.95748],[7.67801,47.95886],[7.67757,47.95923],[7.67756,47.95924],[7.67614,47.96034],[7.67564,47.96072],[7.67554,47.9608],[7.67549,47.96082],[7.6756,47.96088],[7.67556,47.96091],[7.67388,47.96204],[7.67358,47.96224],[7.67334,47.96247],[7.67287,47.963],[7.67263,47.96326],[7.67138,47.96425],[7.67013,47.9643],[7.67008,47.9643],[7.67008,47.9643],[7.66807,47.96246],[7.66564,47.96438],[7.66513,47.9648],[7.66502,47.9649],[7.66475,47.96508],[7.66201,47.96565],[7.66301,47.96656],[7.6629,47.9666],[7.66288,47.9666],[7.66286,47.96661],[7.66279,47.96663],[7.66104,47.967],[7.66102,47.967],[7.66099,47.96701],[7.66096,47.96701],[7.66092,47.96702],[7.65802,47.96769],[7.65781,47.96772],[7.65759,47.96775],[7.65753,47.96776],[7.65745,47.96775],[7.6573,47.96776],[7.65669,47.96848],[7.6566,47.96851],[7.65556,47.96694],[7.65555,47.96692],[7.65552,47.96687],[7.65502,47.96706],[7.65371,47.96508],[7.65389,47.96501],[7.65313,47.96385],[7.65194,47.96422],[7.65191,47.96421],[7.65137,47.96399],[7.65146,47.96341],[7.65042,47.96366],[7.64985,47.96378],[7.6497,47.9638],[7.64943,47.96266],[7.64704,47.96308],[7.64676,47.96194],[7.64672,47.96177],[7.64661,47.96178],[7.64652,47.96178],[7.64649,47.96135],[7.64416,47.96158],[7.64418,47.96105],[7.64378,47.95896],[7.64377,47.95892],[7.64372,47.95849],[7.64373,47.95828],[7.64377,47.95791],[7.6437,47.95793],[7.64367,47.95794],[7.64208,47.9583],[7.64159,47.95797],[7.64122,47.95807],[7.64005,47.95623],[7.64244,47.95555],[7.6424,47.95548],[7.64155,47.95393],[7.64149,47.95293],[7.64347,47.95273],[7.64611,47.95281],[7.64619,47.95281],[7.6464,47.95221],[7.64659,47.95177],[7.64682,47.95081],[7.64703,47.94964],[7.6486,47.94995],[7.65034,47.95034],[7.65389,47.94874],[7.65433,47.94855],[7.65447,47.94848],[7.65454,47.94768],[7.65475,47.94766],[7.6548,47.94765],[7.65579,47.94756],[7.65701,47.94736],[7.65832,47.94709],[7.65889,47.94698],[7.65909,47.94699],[7.65982,47.94765],[7.66026,47.94796],[7.66033,47.94801],[7.66038,47.94805],[7.66046,47.94802],[7.66063,47.94794],[7.66336,47.94677],[7.66335,47.94676],[7.66332,47.94673],[7.66138,47.94495],[7.66146,47.94493],[7.66212,47.94467],[7.6621,47.94465],[7.6601,47.9429],[7.66005,47.94286],[7.66003,47.94285],[7.6606,47.94272],[7.66062,47.9427],[7.66066,47.9427],[7.66231,47.94202],[7.66129,47.94089],[7.66038,47.94129],[7.66032,47.94121],[7.65863,47.93911],[7.65907,47.93892],[7.65905,47.9389],[7.65903,47.93888],[7.65902,47.93887],[7.65789,47.93745],[7.65781,47.93736],[7.65947,47.9366],[7.65781,47.93521],[7.6578,47.93514],[7.6578,47.93509],[7.65775,47.93431],[7.65775,47.93427],[7.65775,47.93425],[7.65774,47.93417],[7.65616,47.93269],[7.65641,47.93255],[7.6564,47.93249],[7.65642,47.93243],[7.65642,47.93241],[7.65524,47.93303],[7.65339,47.93139],[7.65527,47.93041],[7.65522,47.93038],[7.65519,47.93034],[7.65334,47.92863],[7.65199,47.92935],[7.65199,47.92935],[7.65198,47.92932],[7.65197,47.92931],[7.65098,47.92743],[7.65096,47.92743],[7.65076,47.92741],[7.64901,47.92565],[7.64898,47.92563],[7.64738,47.92608],[7.64736,47.92609],[7.64732,47.9261],[7.64466,47.92687],[7.64462,47.92683],[7.64456,47.92669],[7.6443,47.924],[7.64421,47.92402],[7.64415,47.92403],[7.64178,47.92483],[7.64077,47.92514],[7.64055,47.92524],[7.64052,47.9252],[7.63987,47.9242],[7.63984,47.92416],[7.6386,47.92274],[7.63742,47.92135],[7.63884,47.92102],[7.63916,47.92101],[7.63923,47.92101],[7.64104,47.92058],[7.64109,47.92056],[7.64366,47.91998],[7.64394,47.91575],[7.64387,47.9156],[7.64315,47.91447],[7.64278,47.91397],[7.64272,47.91389],[7.6427,47.91387],[7.6431,47.91371],[7.64231,47.91235],[7.64229,47.91232],[7.64147,47.91093],[7.64145,47.91089],[7.64106,47.91024],[7.63917,47.91078],[7.63911,47.91079],[7.63914,47.90965],[7.63914,47.90942],[7.63914,47.90932],[7.63915,47.90899],[7.63916,47.90886],[7.63921,47.90719],[7.63921,47.90713],[7.63923,47.9066],[7.63924,47.90632],[7.63926,47.90631],[7.63928,47.90631],[7.64112,47.90578],[7.6416,47.90648],[7.64162,47.90651],[7.64164,47.90653],[7.6417,47.90652],[7.64504,47.90553],[7.64545,47.90542],[7.64566,47.90536],[7.64598,47.90528],[7.64693,47.90487],[7.64707,47.90482],[7.64728,47.90473],[7.6483,47.90429],[7.64836,47.90427],[7.65027,47.90345],[7.6503,47.90346],[7.65036,47.90343],[7.65048,47.90338],[7.65041,47.9033],[7.65046,47.9033],[7.65264,47.90231],[7.65465,47.9014],[7.65573,47.9009],[7.65877,47.89955],[7.65836,47.89892],[7.66263,47.89745],[7.66222,47.8968],[7.6615,47.89572],[7.66218,47.89553],[7.66258,47.89542],[7.66302,47.89532],[7.66315,47.8954],[7.66954,47.89304],[7.6702,47.89279],[7.6709,47.8937],[7.67206,47.8932],[7.67138,47.89214],[7.67099,47.89139],[7.67076,47.89106],[7.67166,47.89078],[7.67265,47.89048],[7.67538,47.88963],[7.67541,47.88966],[7.67624,47.89075],[7.67816,47.88996],[7.67966,47.88931],[7.67969,47.88931],[7.68036,47.89013],[7.68093,47.88983],[7.68315,47.88872],[7.68425,47.88829],[7.68522,47.88793],[7.68615,47.88753],[7.68677,47.88731],[7.6868,47.88729],[7.68606,47.88669],[7.68733,47.88602],[7.68827,47.88695],[7.68833,47.88696],[7.68979,47.88615],[7.69105,47.88547],[7.69313,47.88458],[7.69622,47.88322],[7.69627,47.88315],[7.69606,47.88293],[7.69921,47.88198],[7.69999,47.88283],[7.7009,47.88237],[7.70174,47.88206],[7.70388,47.88153],[7.70396,47.88152],[7.70405,47.88157],[7.70504,47.88113],[7.70525,47.88132],[7.70565,47.88113],[7.70632,47.8818],[7.7072,47.88141],[7.70797,47.88092],[7.71089,47.88305]]]}},{"type":"Feature","properties":{"id":"hartheim","name":"Hartheim am Rhein"},"geometry":{"type":"Polygon","coordinates":[[[7.58289,47.90564],[7.58967,47.90737],[7.58901,47.90532],[7.58968,47.90326],[7.59041,47.90219],[7.59062,47.90189],[7.5912,47.90095],[7.59197,47.89982],[7.59293,47.90022],[7.59378,47.90056],[7.59516,47.90076],[7.59743,47.90108],[7.59784,47.90113],[7.59808,47.90118],[7.59822,47.90121],[7.59874,47.90147],[7.59891,47.90177],[7.59953,47.90304],[7.60064,47.90527],[7.60084,47.90559],[7.60082,47.90559],[7.60023,47.9057],[7.59976,47.90579],[7.60023,47.90673],[7.6011,47.90654],[7.60169,47.90763],[7.60204,47.90863],[7.60225,47.90925],[7.60229,47.90937],[7.60253,47.91009],[7.6027,47.91007],[7.60285,47.91046],[7.60291,47.91063],[7.6031,47.91089],[7.60331,47.91114],[7.60332,47.91115],[7.60359,47.91138],[7.60391,47.9116],[7.60429,47.91182],[7.6046,47.91196],[7.60461,47.91196],[7.60493,47.91206],[7.60493,47.91205],[7.60665,47.90942],[7.60668,47.90938],[7.60827,47.90695],[7.60829,47.90691],[7.60975,47.90467],[7.60977,47.90464],[7.61726,47.9086],[7.61731,47.90856],[7.62079,47.90558],[7.62486,47.90211],[7.62599,47.90271],[7.62623,47.90249],[7.62694,47.9019],[7.62768,47.90229],[7.6277,47.90227],[7.62776,47.90222],[7.62788,47.90229],[7.62872,47.90155],[7.63063,47.89988],[7.63261,47.89813],[7.63516,47.89948],[7.63537,47.89961],[7.63559,47.89974],[7.63574,47.90005],[7.63641,47.90101],[7.63689,47.90171],[7.63851,47.90385],[7.6387,47.90414],[7.63903,47.90458],[7.63928,47.90494],[7.63924,47.90629],[7.63924,47.90632],[7.63923,47.9066],[7.63921,47.90713],[7.63921,47.90719],[7.63916,47.90886],[7.63915,47.90899],[7.63914,47.90932],[7.63914,47.90942],[7.63914,47.90965],[7.63911,47.91079],[7.63917,47.91078],[7.64106,47.91024],[7.64145,47.91089],[7.64147,47.91093],[7.64229,47.91232],[7.64231,47.91235],[7.6431,47.91371],[7.6427,47.91387],[7.64272,47.91389],[7.64278,47.91397],[7.64315,47.91447],[7.64387,47.9156],[7.64394,47.91575],[7.64366,47.91998],[7.64109,47.92056],[7.64104,47.92058],[7.63923,47.92101],[7.63916,47.92101],[7.63884,47.92102],[7.63742,47.92135],[7.6386,47.92274],[7.63984,47.92416],[7.63987,47.9242],[7.64052,47.9252],[7.64055,47.92524],[7.64077,47.92514],[7.64178,47.92483],[7.64415,47.92403],[7.64421,47.92402],[7.6443,47.924],[7.64456,47.92669],[7.64462,47.92683],[7.64466,47.92687],[7.64732,47.9261],[7.64736,47.92609],[7.64738,47.92608],[7.64898,47.92563],[7.64901,47.92565],[7.65076,47.92741],[7.65096,47.92743],[7.65098,47.92743],[7.65197,47.92931],[7.65198,47.92932],[7.65199,47.92935],[7.65199,47.92935],[7.65334,47.92863],[7.65519,47.93034],[7.65522,47.93038],[7.65527,47.93041],[7.65339,47.93139],[7.65524,47.93303],[7.65642,47.93241],[7.65642,47.93243],[7.6564,47.93249],[7.65641,47.93255],[7.65616,47.93269],[7.65774,47.93417],[7.65775,47.93425],[7.65775,47.93427],[7.65775,47.93431],[7.6578,47.93509],[7.6578,47.93514],[7.65781,47.93521],[7.65947,47.9366],[7.65781,47.93736],[7.65789,47.93745],[7.65902,47.93887],[7.65903,47.93888],[7.65905,47.9389],[7.65907,47.93892],[7.65863,47.93911],[7.66032,47.94121],[7.66038,47.94129],[7.66129,47.94089],[7.66231,47.94202],[7.66066,47.9427],[7.66062,47.9427],[7.6606,47.94272],[7.66003,47.94285],[7.66005,47.94286],[7.6601,47.9429],[7.6621,47.94465],[7.66212,47.94467],[7.66146,47.94493],[7.66138,47.94495],[7.66332,47.94673],[7.66335,47.94676],[7.66336,47.94677],[7.66063,47.94794],[7.66046,47.94802],[7.66038,47.94805],[7.66033,47.94801],[7.66026,47.94796],[7.65982,47.94765],[7.65909,47.94699],[7.65889,47.94698],[7.65832,47.94709],[7.65701,47.94736],[7.65579,47.94756],[7.6548,47.94765],[7.65475,47.94766],[7.65454,47.94768],[7.65447,47.94848],[7.65433,47.94855],[7.65389,47.94874],[7.65034,47.95034],[7.6486,47.94995],[7.64703,47.94964],[7.64682,47.95081],[7.64659,47.95177],[7.6464,47.95221],[7.64619,47.95281],[7.64611,47.95281],[7.64347,47.95273],[7.64149,47.95293],[7.64155,47.95393],[7.6424,47.95548],[7.64244,47.95555],[7.64005,47.95623],[7.64122,47.95807],[7.64082,47.95821],[7.64071,47.95804],[7.63701,47.95923],[7.63686,47.95903],[7.63665,47.95874],[7.63441,47.95951],[7.63293,47.96028],[7.63285,47.95983],[7.63278,47.95969],[7.63241,47.95809],[7.63219,47.95727],[7.63211,47.957],[7.63158,47.95611],[7.63019,47.95465],[7.62965,47.95466],[7.62921,47.95459],[7.62883,47.95444],[7.62855,47.95417],[7.62702,47.9545],[7.62567,47.95484],[7.62543,47.9549],[7.61993,47.95633],[7.6158,47.9574],[7.61543,47.95749],[7.61444,47.95779],[7.61434,47.95781],[7.61372,47.95799],[7.61306,47.95818],[7.61261,47.95759],[7.61105,47.95569],[7.60878,47.95345],[7.60681,47.95175],[7.60057,47.94691],[7.59664,47.9439],[7.59463,47.94237],[7.59257,47.9408],[7.58869,47.93776],[7.58767,47.93683],[7.58683,47.93596],[7.58534,47.93426],[7.5841,47.93261],[7.58323,47.93119],[7.58254,47.92988],[7.58188,47.9284],[7.58118,47.92625],[7.58096,47.92532],[7.58069,47.92362],[7.58059,47.92237],[7.58056,47.92137],[7.58062,47.92003],[7.58091,47.9181],[7.58151,47.91418],[7.58229,47.90952],[7.58279,47.90645],[7.58289,47.90564]]]}},{"type":"Feature","properties":{"id":"eschbach","name":"Eschbach"},"geometry":{"type":"Polygon","coordinates":[[[7.61865,47.88737],[7.62044,47.88689],[7.62126,47.88704],[7.62164,47.88712],[7.62447,47.88751],[7.62704,47.88784],[7.62731,47.88782],[7.62775,47.88774],[7.62797,47.88767],[7.62875,47.88741],[7.62961,47.88714],[7.63107,47.88665],[7.6337,47.88583],[7.63384,47.88583],[7.63424,47.88563],[7.63456,47.88549],[7.64376,47.88249],[7.64385,47.88254],[7.64391,47.88257],[7.64397,47.8826],[7.64598,47.88401],[7.64604,47.884],[7.64606,47.88399],[7.64759,47.88364],[7.64746,47.88325],[7.64751,47.88323],[7.64825,47.88299],[7.64837,47.8832],[7.649,47.88298],[7.65132,47.88251],[7.65144,47.88243],[7.65141,47.88225],[7.65138,47.88186],[7.65122,47.88103],[7.65122,47.88083],[7.65132,47.88073],[7.65139,47.88092],[7.65146,47.88095],[7.65165,47.88085],[7.6521,47.88058],[7.65209,47.88053],[7.65213,47.88051],[7.65365,47.88167],[7.6543,47.88218],[7.6549,47.88262],[7.655,47.88263],[7.6559,47.88228],[7.65644,47.88207],[7.65645,47.8822],[7.65866,47.88406],[7.65873,47.88407],[7.66248,47.88198],[7.66251,47.88196],[7.66252,47.88191],[7.66291,47.88227],[7.6632,47.88254],[7.66341,47.88242],[7.66403,47.88303],[7.66399,47.88304],[7.66411,47.88316],[7.66413,47.88313],[7.66416,47.88306],[7.6661,47.88201],[7.6663,47.88191],[7.67326,47.87799],[7.67475,47.87946],[7.67399,47.88008],[7.67364,47.8808],[7.67349,47.88137],[7.67321,47.88224],[7.6727,47.88327],[7.67269,47.88329],[7.67358,47.88427],[7.67125,47.88505],[7.67307,47.8874],[7.67218,47.88756],[7.67076,47.88768],[7.67054,47.88769],[7.67056,47.88788],[7.6716,47.88941],[7.67113,47.88956],[7.67115,47.88959],[7.67082,47.8897],[7.67166,47.89078],[7.67076,47.89106],[7.67099,47.89139],[7.67138,47.89214],[7.67206,47.8932],[7.6709,47.8937],[7.6702,47.89279],[7.66954,47.89304],[7.66315,47.8954],[7.66302,47.89532],[7.66258,47.89542],[7.66218,47.89553],[7.6615,47.89572],[7.66222,47.8968],[7.66263,47.89745],[7.65836,47.89892],[7.65877,47.89955],[7.65573,47.9009],[7.65465,47.9014],[7.65264,47.90231],[7.65046,47.9033],[7.65041,47.9033],[7.65048,47.90338],[7.65036,47.90343],[7.6503,47.90346],[7.65027,47.90345],[7.64836,47.90427],[7.6483,47.90429],[7.64728,47.90473],[7.64707,47.90482],[7.64693,47.90487],[7.64598,47.90528],[7.64566,47.90536],[7.64545,47.90542],[7.64504,47.90553],[7.6417,47.90652],[7.64164,47.90653],[7.64162,47.90651],[7.6416,47.90648],[7.64112,47.90578],[7.63928,47.90631],[7.63926,47.90631],[7.63924,47.90632],[7.63924,47.90629],[7.63928,47.90494],[7.63903,47.90458],[7.6387,47.90414],[7.63851,47.90385],[7.63689,47.90171],[7.63641,47.90101],[7.63574,47.90005],[7.63559,47.89974],[7.63537,47.89961],[7.63516,47.89948],[7.63261,47.89813],[7.63063,47.89988],[7.62872,47.90155],[7.62788,47.90229],[7.62776,47.90222],[7.6277,47.90227],[7.62768,47.90229],[7.62694,47.9019],[7.62623,47.90249],[7.62599,47.90271],[7.62486,47.90211],[7.62079,47.90558],[7.61731,47.90856],[7.61726,47.9086],[7.60977,47.90464],[7.60975,47.90467],[7.60829,47.90691],[7.60827,47.90695],[7.60668,47.90938],[7.60665,47.90942],[7.60493,47.91205],[7.60493,47.91206],[7.60461,47.91196],[7.6046,47.91196],[7.60429,47.91182],[7.60391,47.9116],[7.60359,47.91138],[7.60332,47.91115],[7.60331,47.91114],[7.6031,47.91089],[7.60291,47.91063],[7.60285,47.91046],[7.6027,47.91007],[7.60253,47.91009],[7.60229,47.90937],[7.60225,47.90925],[7.60204,47.90863],[7.60169,47.90763],[7.6011,47.90654],[7.60023,47.90673],[7.59976,47.90579],[7.60023,47.9057],[7.60082,47.90559],[7.60084,47.90559],[7.60064,47.90527],[7.59953,47.90304],[7.59891,47.90177],[7.59874,47.90147],[7.59818,47.89913],[7.5979,47.89837],[7.59784,47.89812],[7.59774,47.89775],[7.60087,47.89715],[7.60008,47.89445],[7.60053,47.89416],[7.60583,47.89348],[7.60756,47.8933],[7.60933,47.89418],[7.61125,47.89251],[7.61117,47.89247],[7.61111,47.89243],[7.61109,47.89238],[7.61108,47.89233],[7.61111,47.89228],[7.61323,47.89041],[7.61422,47.89092],[7.61436,47.89093],[7.61447,47.89089],[7.61462,47.89078],[7.6147,47.89071],[7.61634,47.88921],[7.61816,47.88997],[7.61952,47.88881],[7.61979,47.88896],[7.62046,47.88838],[7.61865,47.88737]]]}},{"type":"Feature","properties":{"id":"auggen","name":"Auggen"},"geometry":{"type":"Polygon","coordinates":[[[7.58109,47.77312],[7.58125,47.7733],[7.58158,47.77364],[7.58192,47.77397],[7.58277,47.77375],[7.58317,47.77358],[7.58317,47.77358],[7.58369,47.77337],[7.58451,47.77296],[7.58532,47.77239],[7.58579,47.7721],[7.58605,47.77196],[7.58654,47.77227],[7.58715,47.77278],[7.58714,47.7729],[7.58754,47.77303],[7.58776,47.77315],[7.58853,47.77282],[7.58891,47.77322],[7.58924,47.77312],[7.58937,47.77308],[7.58957,47.77301],[7.58995,47.77289],[7.59021,47.77279],[7.59054,47.7729],[7.5909,47.77303],[7.59126,47.77307],[7.59129,47.77302],[7.59135,47.77293],[7.59148,47.77277],[7.59171,47.77273],[7.59188,47.77271],[7.59225,47.7727],[7.59232,47.77267],[7.59236,47.77253],[7.59266,47.77248],[7.59425,47.77221],[7.59433,47.77221],[7.59448,47.77248],[7.5951,47.77235],[7.59538,47.77302],[7.5962,47.77302],[7.5969,47.773],[7.59701,47.77349],[7.59848,47.77376],[7.59905,47.77379],[7.59906,47.77351],[7.60071,47.77366],[7.60088,47.77368],[7.6009,47.77361],[7.6015,47.77372],[7.602,47.7738],[7.60253,47.77405],[7.60272,47.77433],[7.60292,47.77443],[7.60358,47.77475],[7.60404,47.77498],[7.60414,47.77503],[7.60465,47.77509],[7.60638,47.77531],[7.60716,47.77541],[7.60773,47.77548],[7.60843,47.77542],[7.61021,47.77529],[7.6111,47.77523],[7.61177,47.77516],[7.61359,47.77497],[7.61417,47.77489],[7.61642,47.77455],[7.61642,47.77403],[7.61749,47.77409],[7.61816,47.7741],[7.61901,47.77414],[7.61969,47.77414],[7.62,47.7743],[7.62056,47.77466],[7.62087,47.77492],[7.62122,47.77524],[7.62143,47.77542],[7.62151,47.7755],[7.62186,47.77589],[7.62217,47.77624],[7.62235,47.77645],[7.62256,47.77655],[7.62291,47.77667],[7.62304,47.77672],[7.62331,47.77681],[7.62387,47.77683],[7.62428,47.77686],[7.62449,47.77685],[7.62455,47.77683],[7.62463,47.77681],[7.6251,47.77718],[7.62557,47.77755],[7.62564,47.77758],[7.62581,47.77766],[7.62603,47.77773],[7.62653,47.77786],[7.62656,47.77788],[7.62667,47.77794],[7.62691,47.77812],[7.62711,47.77836],[7.62743,47.77867],[7.62766,47.77885],[7.62787,47.779],[7.62857,47.77928],[7.62908,47.7795],[7.62985,47.77948],[7.62974,47.77961],[7.63148,47.78012],[7.63238,47.78028],[7.63328,47.78061],[7.6354,47.78177],[7.63768,47.78316],[7.63585,47.78255],[7.63437,47.78232],[7.63245,47.78268],[7.6317,47.78309],[7.63111,47.78335],[7.6291,47.78323],[7.62743,47.78348],[7.62706,47.7838],[7.62665,47.78413],[7.62661,47.78421],[7.62653,47.78411],[7.6262,47.78421],[7.62591,47.78429],[7.62572,47.78454],[7.62547,47.78488],[7.6253,47.78487],[7.62504,47.78488],[7.6246,47.78493],[7.62437,47.7849],[7.6241,47.7847],[7.62341,47.78437],[7.62279,47.78401],[7.62261,47.78401],[7.62157,47.784],[7.62157,47.78402],[7.62166,47.78444],[7.62169,47.78463],[7.62177,47.78527],[7.6214,47.7853],[7.62131,47.78533],[7.62111,47.78541],[7.62085,47.78553],[7.62088,47.7859],[7.62015,47.7861],[7.61916,47.78618],[7.61875,47.78621],[7.6186,47.78594],[7.61833,47.78599],[7.61813,47.78601],[7.61751,47.78606],[7.61725,47.78607],[7.61693,47.78612],[7.61658,47.78622],[7.61657,47.78622],[7.61643,47.78625],[7.61621,47.78632],[7.61591,47.7864],[7.61551,47.78647],[7.61535,47.78625],[7.61391,47.78656],[7.61336,47.78668],[7.61372,47.78791],[7.61335,47.78791],[7.61307,47.78794],[7.61209,47.78792],[7.61254,47.78947],[7.61136,47.78975],[7.61134,47.78975],[7.61059,47.79004],[7.61056,47.79005],[7.61054,47.79006],[7.61064,47.79019],[7.61092,47.7905],[7.61121,47.79075],[7.61159,47.79106],[7.61168,47.79114],[7.61115,47.79143],[7.61114,47.79144],[7.61145,47.79169],[7.61178,47.79199],[7.61185,47.79202],[7.61196,47.79205],[7.61246,47.79247],[7.61258,47.79259],[7.61261,47.79267],[7.6126,47.79291],[7.61257,47.79367],[7.61135,47.79432],[7.61237,47.79598],[7.61238,47.79599],[7.61065,47.7966],[7.61012,47.79679],[7.60944,47.79707],[7.60941,47.79714],[7.60937,47.79722],[7.60938,47.79729],[7.60944,47.79738],[7.60975,47.79774],[7.61051,47.79912],[7.61085,47.79968],[7.61081,47.7998],[7.61035,47.79989],[7.60985,47.79997],[7.6092,47.80006],[7.60855,47.80023],[7.60795,47.8003],[7.60713,47.80042],[7.60644,47.80056],[7.60617,47.80061],[7.60598,47.8006],[7.60465,47.80021],[7.60421,47.80011],[7.60316,47.79983],[7.60293,47.79976],[7.6028,47.80002],[7.60275,47.80014],[7.60273,47.80032],[7.60269,47.80038],[7.6026,47.80047],[7.60235,47.80053],[7.60211,47.80055],[7.60194,47.80063],[7.60016,47.79969],[7.59928,47.80014],[7.59899,47.80028],[7.59889,47.80034],[7.59886,47.80037],[7.59885,47.80049],[7.5989,47.80058],[7.59902,47.80073],[7.59856,47.80109],[7.59842,47.80103],[7.59806,47.80139],[7.59805,47.8014],[7.59799,47.80147],[7.59477,47.80273],[7.59569,47.80419],[7.59463,47.8045],[7.59103,47.80552],[7.58828,47.8063],[7.5882,47.80633],[7.58812,47.8064],[7.58692,47.80674],[7.58466,47.80739],[7.58588,47.80947],[7.58589,47.80949],[7.5854,47.80972],[7.58481,47.80997],[7.58423,47.81019],[7.58395,47.81029],[7.58372,47.81037],[7.58324,47.81053],[7.58305,47.81058],[7.58294,47.81058],[7.58284,47.81057],[7.58276,47.81053],[7.58265,47.81051],[7.58246,47.8105],[7.58233,47.8105],[7.58221,47.81053],[7.58215,47.81054],[7.582,47.8106],[7.58197,47.81061],[7.58184,47.81068],[7.58173,47.81078],[7.58148,47.81084],[7.58099,47.81095],[7.57988,47.81112],[7.57937,47.81017],[7.57941,47.81016],[7.57931,47.80997],[7.57861,47.80888],[7.57852,47.80889],[7.57752,47.80732],[7.57777,47.80725],[7.5766,47.8054],[7.57276,47.80651],[7.57266,47.80648],[7.5726,47.8065],[7.56875,47.80039],[7.56612,47.80115],[7.56621,47.8013],[7.56353,47.80207],[7.56316,47.80148],[7.56127,47.80203],[7.56104,47.8017],[7.5607,47.80132],[7.56023,47.80087],[7.55964,47.80047],[7.5593,47.80016],[7.55892,47.79967],[7.55864,47.79915],[7.55831,47.79863],[7.55673,47.79626],[7.556,47.79506],[7.55577,47.7946],[7.55554,47.79401],[7.55549,47.7935],[7.55557,47.79249],[7.5555,47.79192],[7.55478,47.79036],[7.55458,47.79007],[7.55415,47.7896],[7.55407,47.78941],[7.55411,47.78878],[7.55449,47.78814],[7.55491,47.78732],[7.55563,47.78666],[7.55582,47.78629],[7.55583,47.78627],[7.5586,47.78564],[7.56157,47.78501],[7.56122,47.78459],[7.5611,47.78439],[7.5608,47.7839],[7.56498,47.78335],[7.56506,47.78334],[7.56444,47.7821],[7.5681,47.78164],[7.56872,47.78158],[7.56741,47.77896],[7.567,47.77811],[7.57002,47.77769],[7.56932,47.77659],[7.57356,47.77555],[7.5771,47.77469],[7.57693,47.77438],[7.5771,47.77434],[7.57722,47.7743],[7.57905,47.77373],[7.5791,47.77372],[7.57922,47.77368],[7.58109,47.77312]]]}},{"type":"Feature","properties":{"id":"loerrach","name":"Lörrach"},"geometry":{"type":"Polygon","coordinates":[[[7.69714,47.60255],[7.69906,47.60294],[7.70115,47.60334],[7.70324,47.60376],[7.70386,47.60389],[7.70869,47.60379],[7.71129,47.60548],[7.71262,47.60632],[7.71379,47.60684],[7.71548,47.60654],[7.71808,47.60611],[7.71838,47.60672],[7.71959,47.60783],[7.72246,47.60848],[7.72317,47.60857],[7.72446,47.60861],[7.72546,47.60958],[7.72667,47.61045],[7.72713,47.61068],[7.72727,47.61082],[7.72766,47.61257],[7.72767,47.61262],[7.72854,47.61455],[7.72865,47.61503],[7.72891,47.61636],[7.72893,47.61645],[7.72856,47.6173],[7.72797,47.61819],[7.72736,47.61854],[7.72487,47.61954],[7.72463,47.61969],[7.72401,47.62002],[7.72368,47.62044],[7.72373,47.62058],[7.72348,47.62096],[7.72295,47.62164],[7.72262,47.622],[7.72261,47.62204],[7.72293,47.62214],[7.72292,47.62261],[7.72326,47.62345],[7.72263,47.62354],[7.72259,47.62385],[7.72139,47.62414],[7.72029,47.62459],[7.71899,47.62554],[7.71831,47.62635],[7.71903,47.62775],[7.7194,47.62948],[7.71962,47.63007],[7.72003,47.6308],[7.72033,47.63143],[7.72055,47.63195],[7.72117,47.63405],[7.72147,47.63463],[7.72192,47.63528],[7.72266,47.63618],[7.72254,47.63622],[7.72267,47.63652],[7.72287,47.63643],[7.72299,47.63658],[7.72418,47.63769],[7.72465,47.6377],[7.72467,47.63786],[7.72471,47.63833],[7.72444,47.63843],[7.72492,47.63929],[7.72495,47.63942],[7.72403,47.63968],[7.72436,47.64037],[7.72355,47.64039],[7.72316,47.64043],[7.72291,47.64054],[7.72227,47.64096],[7.7223,47.64106],[7.72181,47.64113],[7.7219,47.64167],[7.72248,47.64302],[7.72199,47.64304],[7.72207,47.64345],[7.72046,47.64359],[7.72023,47.64423],[7.72029,47.64423],[7.72012,47.64475],[7.72075,47.64484],[7.72062,47.64548],[7.7211,47.64555],[7.72092,47.64661],[7.72096,47.64661],[7.72101,47.64704],[7.72129,47.64709],[7.72192,47.64725],[7.72129,47.64792],[7.72123,47.64835],[7.72108,47.64883],[7.72104,47.64971],[7.72091,47.65018],[7.72077,47.6509],[7.72068,47.65116],[7.72043,47.6517],[7.72029,47.65169],[7.71949,47.65302],[7.71936,47.65331],[7.71982,47.65382],[7.7201,47.65465],[7.72023,47.65538],[7.71881,47.65572],[7.71891,47.65695],[7.71865,47.65685],[7.71829,47.65681],[7.71809,47.65685],[7.71761,47.65691],[7.71684,47.65652],[7.71627,47.6563],[7.71582,47.6564],[7.71557,47.65656],[7.71548,47.65657],[7.71508,47.65665],[7.71507,47.65699],[7.71447,47.65696],[7.71397,47.65689],[7.71339,47.65683],[7.71244,47.6568],[7.71229,47.65686],[7.71191,47.65677],[7.71069,47.65638],[7.71009,47.65648],[7.71006,47.65788],[7.70979,47.65939],[7.70953,47.66159],[7.70964,47.66175],[7.70981,47.66244],[7.71055,47.66327],[7.71068,47.66435],[7.71123,47.66557],[7.71171,47.66614],[7.71116,47.66695],[7.71035,47.6679],[7.70986,47.66858],[7.70963,47.66958],[7.7098,47.67042],[7.70965,47.67057],[7.70958,47.67049],[7.70839,47.67132],[7.70714,47.67209],[7.70613,47.67374],[7.70593,47.675],[7.70506,47.67685],[7.70385,47.67696],[7.70251,47.67736],[7.70185,47.67723],[7.70102,47.677],[7.70052,47.67685],[7.69981,47.67656],[7.699,47.67608],[7.69856,47.67589],[7.6977,47.67542],[7.69728,47.67512],[7.69654,47.6748],[7.69583,47.67422],[7.69531,47.67304],[7.69512,47.67282],[7.69457,47.67238],[7.69315,47.67179],[7.69194,47.67112],[7.68941,47.66988],[7.68772,47.66942],[7.68632,47.66897],[7.68593,47.66888],[7.68512,47.66881],[7.68423,47.66877],[7.68362,47.66874],[7.68298,47.6675],[7.68144,47.66503],[7.68131,47.66453],[7.68136,47.66408],[7.68414,47.66346],[7.68412,47.66289],[7.68393,47.66198],[7.68305,47.6597],[7.68288,47.65863],[7.68051,47.65915],[7.67466,47.6508],[7.67553,47.64964],[7.67487,47.64963],[7.67417,47.64938],[7.67357,47.64905],[7.67267,47.64958],[7.67257,47.64949],[7.67236,47.64992],[7.67231,47.65013],[7.67206,47.65042],[7.67205,47.65053],[7.6719,47.65058],[7.67176,47.6509],[7.67118,47.6512],[7.67073,47.65136],[7.6704,47.6516],[7.66989,47.65173],[7.66825,47.65277],[7.66811,47.65083],[7.66787,47.64922],[7.66751,47.64767],[7.66717,47.64652],[7.66615,47.64421],[7.66548,47.64306],[7.66454,47.64179],[7.66381,47.641],[7.66339,47.64063],[7.66003,47.64252],[7.65911,47.64252],[7.6585,47.64208],[7.65747,47.64152],[7.65714,47.64123],[7.65689,47.64097],[7.65624,47.63982],[7.65588,47.63932],[7.65545,47.63892],[7.65518,47.63854],[7.65483,47.63828],[7.65275,47.6372],[7.65197,47.63669],[7.65128,47.63623],[7.65085,47.63577],[7.64853,47.63663],[7.64802,47.63721],[7.64747,47.63706],[7.64692,47.63551],[7.64776,47.63512],[7.64782,47.63513],[7.647,47.63317],[7.64693,47.63316],[7.64686,47.63315],[7.64681,47.63313],[7.64653,47.63334],[7.64645,47.63341],[7.6464,47.63349],[7.64597,47.63365],[7.64592,47.63269],[7.64593,47.63242],[7.64603,47.63208],[7.64605,47.63195],[7.64545,47.63178],[7.6444,47.63153],[7.64393,47.63139],[7.64315,47.63114],[7.64265,47.63099],[7.64237,47.63093],[7.64191,47.63083],[7.64225,47.63032],[7.64242,47.63036],[7.64262,47.6304],[7.64275,47.63039],[7.64295,47.63037],[7.64421,47.63023],[7.64502,47.63017],[7.64556,47.63011],[7.64552,47.63005],[7.64542,47.62986],[7.64519,47.62965],[7.64495,47.6295],[7.64454,47.62929],[7.64501,47.62902],[7.64404,47.62882],[7.64271,47.62852],[7.64218,47.62842],[7.64205,47.62838],[7.64192,47.62827],[7.64128,47.62802],[7.64155,47.62782],[7.64206,47.62731],[7.63949,47.62601],[7.6398,47.62556],[7.63978,47.6255],[7.63983,47.62546],[7.6408,47.62597],[7.64014,47.62373],[7.64042,47.62377],[7.64027,47.6226],[7.64013,47.6215],[7.64149,47.62162],[7.64155,47.62166],[7.64151,47.62133],[7.64143,47.6209],[7.64126,47.6204],[7.64114,47.62027],[7.64108,47.62014],[7.641,47.61949],[7.64096,47.61919],[7.64096,47.61909],[7.64115,47.61766],[7.64111,47.61761],[7.64146,47.61769],[7.64165,47.61769],[7.64179,47.6154],[7.64036,47.61532],[7.63868,47.6153],[7.63852,47.61517],[7.638,47.61487],[7.63824,47.61487],[7.6384,47.61366],[7.63791,47.61363],[7.63799,47.61301],[7.63754,47.61286],[7.63549,47.61246],[7.63407,47.60894],[7.63398,47.60844],[7.63356,47.60831],[7.63403,47.60757],[7.63358,47.60741],[7.63389,47.60621],[7.63351,47.60616],[7.63434,47.60447],[7.63469,47.60348],[7.63455,47.60347],[7.63464,47.60303],[7.63476,47.6027],[7.63493,47.60223],[7.63488,47.60222],[7.63509,47.60176],[7.63533,47.60138],[7.6353,47.60138],[7.63629,47.60016],[7.63654,47.59983],[7.63663,47.59951],[7.63673,47.59922],[7.63674,47.59901],[7.63678,47.5987],[7.63684,47.59857],[7.63712,47.59828],[7.63737,47.59801],[7.63752,47.59788],[7.63772,47.59776],[7.6394,47.59682],[7.63979,47.59657],[7.64002,47.59647],[7.64073,47.596],[7.64113,47.59589],[7.64163,47.59582],[7.64215,47.59582],[7.64264,47.59581],[7.64345,47.5963],[7.64366,47.59648],[7.64378,47.59663],[7.64386,47.59677],[7.64389,47.59691],[7.64395,47.5972],[7.64407,47.59764],[7.64411,47.59788],[7.64411,47.59814],[7.64484,47.59799],[7.64577,47.59779],[7.64583,47.59803],[7.64594,47.59836],[7.64603,47.5986],[7.64612,47.59877],[7.64698,47.59859],[7.64699,47.59858],[7.64743,47.59849],[7.64734,47.59833],[7.64739,47.59836],[7.64758,47.59832],[7.64759,47.59834],[7.64794,47.59823],[7.64829,47.59815],[7.64903,47.598],[7.64908,47.59809],[7.64958,47.59797],[7.64944,47.5976],[7.64921,47.597],[7.6492,47.59667],[7.64901,47.59623],[7.64902,47.59623],[7.65106,47.59572],[7.65507,47.5954],[7.6617,47.59371],[7.66463,47.59267],[7.66734,47.59195],[7.66966,47.59193],[7.6722,47.5919],[7.67518,47.59199],[7.67551,47.59305],[7.67679,47.59432],[7.67807,47.59536],[7.67973,47.59636],[7.68067,47.5972],[7.68156,47.59734],[7.68302,47.5985],[7.68483,47.59877],[7.68703,47.5987],[7.68799,47.59861],[7.68932,47.59885],[7.69165,47.59959],[7.69333,47.60092],[7.6938,47.60078],[7.69398,47.60087],[7.69407,47.60092],[7.69417,47.60095],[7.69451,47.60107],[7.69507,47.60133],[7.69572,47.60172],[7.69714,47.60255]]]}},{"type":"Feature","properties":{"id":"weil_am_rhein","name":"Weil am Rhein"},"geometry":{"type":"Polygon","coordinates":[[[7.64901,47.59623],[7.6492,47.59667],[7.64921,47.597],[7.64944,47.5976],[7.64958,47.59797],[7.64908,47.59809],[7.64903,47.598],[7.64829,47.59815],[7.64794,47.59823],[7.64759,47.59834],[7.64758,47.59832],[7.64739,47.59836],[7.64734,47.59833],[7.64743,47.59849],[7.64699,47.59858],[7.64698,47.59859],[7.64612,47.59877],[7.64603,47.5986],[7.64594,47.59836],[7.64583,47.59803],[7.64577,47.59779],[7.64484,47.59799],[7.64411,47.59814],[7.64411,47.59788],[7.64407,47.59764],[7.64395,47.5972],[7.64389,47.59691],[7.64386,47.59677],[7.64378,47.59663],[7.64366,47.59648],[7.64345,47.5963],[7.64264,47.59581],[7.64215,47.59582],[7.64163,47.59582],[7.64113,47.59589],[7.64073,47.596],[7.64002,47.59647],[7.63979,47.59657],[7.6394,47.59682],[7.63772,47.59776],[7.63752,47.59788],[7.63737,47.59801],[7.63712,47.59828],[7.63684,47.59857],[7.63678,47.5987],[7.63674,47.59901],[7.63673,47.59922],[7.63663,47.59951],[7.63654,47.59983],[7.63629,47.60016],[7.6353,47.60138],[7.63533,47.60138],[7.63509,47.60176],[7.63488,47.60222],[7.63493,47.60223],[7.63476,47.6027],[7.63464,47.60303],[7.63455,47.60347],[7.63469,47.60348],[7.63434,47.60447],[7.63351,47.60616],[7.63389,47.60621],[7.63358,47.60741],[7.63403,47.60757],[7.63356,47.60831],[7.63398,47.60844],[7.63407,47.60894],[7.63549,47.61246],[7.63754,47.61286],[7.63799,47.61301],[7.63791,47.61363],[7.6384,47.61366],[7.63824,47.61487],[7.638,47.61487],[7.63852,47.61517],[7.63868,47.6153],[7.64036,47.61532],[7.64179,47.6154],[7.64165,47.61769],[7.64146,47.61769],[7.64111,47.61761],[7.64115,47.61766],[7.64096,47.61909],[7.64096,47.61919],[7.641,47.61949],[7.64108,47.62014],[7.64114,47.62027],[7.64126,47.6204],[7.64143,47.6209],[7.64151,47.62133],[7.64155,47.62166],[7.64149,47.62162],[7.64013,47.6215],[7.64027,47.6226],[7.64042,47.62377],[7.64014,47.62373],[7.6408,47.62597],[7.63983,47.62546],[7.63978,47.6255],[7.6398,47.62556],[7.63949,47.62601],[7.64206,47.62731],[7.64155,47.62782],[7.64128,47.62802],[7.64192,47.62827],[7.64205,47.62838],[7.64218,47.62842],[7.64271,47.62852],[7.64404,47.62882],[7.64501,47.62902],[7.64454,47.62929],[7.64495,47.6295],[7.64519,47.62965],[7.64542,47.62986],[7.64552,47.63005],[7.64556,47.63011],[7.64502,47.63017],[7.64421,47.63023],[7.64295,47.63037],[7.64275,47.63039],[7.64262,47.6304],[7.64242,47.63036],[7.64225,47.63032],[7.64092,47.62994],[7.64065,47.62993],[7.64048,47.62993],[7.63956,47.63],[7.63942,47.62999],[7.63937,47.62996],[7.63931,47.6299],[7.63852,47.62944],[7.63761,47.62897],[7.63658,47.62836],[7.63549,47.62767],[7.63484,47.62721],[7.63373,47.62664],[7.63179,47.62564],[7.63084,47.62647],[7.62915,47.62563],[7.62872,47.62601],[7.62803,47.62661],[7.62785,47.62677],[7.62764,47.62667],[7.62725,47.62647],[7.62612,47.62591],[7.62603,47.62586],[7.62487,47.62695],[7.62451,47.62729],[7.6198,47.62491],[7.61962,47.62494],[7.61887,47.62507],[7.61761,47.62422],[7.61775,47.62419],[7.61792,47.62409],[7.61748,47.62321],[7.61749,47.62317],[7.61814,47.62317],[7.61831,47.62295],[7.61868,47.62254],[7.61888,47.62241],[7.61911,47.62236],[7.6204,47.62225],[7.6204,47.62222],[7.62017,47.62049],[7.62023,47.62038],[7.61984,47.62021],[7.61934,47.61989],[7.61932,47.61987],[7.61899,47.62012],[7.61852,47.62041],[7.61745,47.62097],[7.61691,47.62076],[7.61685,47.62082],[7.61654,47.62079],[7.61634,47.62085],[7.61621,47.62079],[7.61582,47.62131],[7.61554,47.62149],[7.61532,47.62155],[7.61472,47.62178],[7.61457,47.62177],[7.61436,47.62183],[7.61408,47.62207],[7.61401,47.62206],[7.61385,47.62271],[7.61386,47.62283],[7.61375,47.62283],[7.61363,47.62282],[7.61366,47.62307],[7.6119,47.62307],[7.60999,47.62305],[7.60992,47.62307],[7.60971,47.62271],[7.60825,47.62269],[7.60835,47.62322],[7.60634,47.62357],[7.60635,47.62365],[7.6052,47.6239],[7.60384,47.6241],[7.60365,47.62368],[7.60247,47.62386],[7.60149,47.62397],[7.60131,47.62392],[7.60054,47.62374],[7.6001,47.62363],[7.59954,47.6235],[7.59897,47.62385],[7.59767,47.62339],[7.59838,47.6229],[7.59926,47.62233],[7.59769,47.62122],[7.59621,47.62032],[7.59598,47.62042],[7.59601,47.6199],[7.59537,47.62],[7.5948,47.62014],[7.59426,47.62031],[7.59388,47.62049],[7.59341,47.62083],[7.59198,47.62255],[7.59151,47.62308],[7.59099,47.62351],[7.59033,47.62407],[7.58952,47.62474],[7.58899,47.62446],[7.58863,47.62483],[7.58848,47.62485],[7.58693,47.62502],[7.58673,47.62504],[7.58569,47.62515],[7.58555,47.62574],[7.58539,47.62621],[7.58224,47.62755],[7.58263,47.62772],[7.58327,47.62776],[7.58204,47.62837],[7.58202,47.62835],[7.5808,47.62891],[7.57859,47.63126],[7.57857,47.63125],[7.57871,47.6311],[7.57772,47.62958],[7.57737,47.62982],[7.57809,47.63096],[7.57854,47.63125],[7.57852,47.63127],[7.57806,47.63097],[7.57735,47.62983],[7.57397,47.63213],[7.57393,47.63222],[7.57397,47.63331],[7.57415,47.63338],[7.57497,47.63337],[7.57499,47.63361],[7.57508,47.63369],[7.5752,47.63384],[7.57529,47.634],[7.57516,47.63406],[7.57374,47.63419],[7.57335,47.63422],[7.57318,47.63435],[7.57309,47.63424],[7.57303,47.63418],[7.5728,47.63403],[7.57252,47.63383],[7.57229,47.63367],[7.57204,47.63352],[7.57189,47.6335],[7.57172,47.63353],[7.57153,47.63366],[7.57108,47.63353],[7.57032,47.6333],[7.56968,47.63308],[7.56948,47.63322],[7.56871,47.63314],[7.56829,47.63312],[7.56818,47.63305],[7.56797,47.63291],[7.56694,47.63208],[7.5676,47.63117],[7.56857,47.62984],[7.5694,47.62832],[7.56955,47.62806],[7.56986,47.62728],[7.57007,47.62674],[7.57029,47.62621],[7.57067,47.62501],[7.57101,47.62395],[7.57138,47.6226],[7.57176,47.62124],[7.57184,47.62092],[7.57212,47.61994],[7.57247,47.61908],[7.57263,47.61869],[7.57314,47.61772],[7.57386,47.61684],[7.57507,47.61557],[7.57625,47.6144],[7.57752,47.61372],[7.5794,47.61272],[7.58141,47.61165],[7.58284,47.61089],[7.58578,47.60931],[7.58703,47.60854],[7.58798,47.60787],[7.58893,47.60709],[7.58964,47.60648],[7.59086,47.60514],[7.59146,47.60432],[7.59179,47.60383],[7.59211,47.60332],[7.5925,47.60257],[7.59265,47.60217],[7.5928,47.60174],[7.59288,47.60138],[7.59296,47.60109],[7.59298,47.60102],[7.59299,47.60097],[7.593,47.60093],[7.59304,47.60075],[7.59311,47.60001],[7.59307,47.59913],[7.59306,47.59854],[7.59299,47.59784],[7.59278,47.59688],[7.59237,47.59581],[7.59153,47.59421],[7.59014,47.5918],[7.58999,47.59154],[7.58981,47.59123],[7.58905,47.5899],[7.59041,47.5896],[7.59317,47.58898],[7.59847,47.58764],[7.60198,47.58615],[7.60213,47.58608],[7.60482,47.58493],[7.60459,47.58281],[7.60406,47.58134],[7.60447,47.5813],[7.6047,47.58118],[7.60477,47.58041],[7.60534,47.57989],[7.60489,47.57788],[7.60786,47.5781],[7.60942,47.57819],[7.61116,47.57818],[7.61133,47.57818],[7.61321,47.57816],[7.61498,47.578],[7.61672,47.57768],[7.61914,47.57687],[7.6206,47.57756],[7.6224,47.57836],[7.62396,47.57916],[7.62455,47.57942],[7.62501,47.57962],[7.62644,47.58041],[7.62803,47.58137],[7.62961,47.58251],[7.63111,47.58365],[7.63262,47.58478],[7.63411,47.58586],[7.63487,47.58677],[7.63563,47.58759],[7.63644,47.58838],[7.63964,47.59037],[7.64325,47.59135],[7.64186,47.59291],[7.64179,47.5942],[7.64305,47.59505],[7.64441,47.59575],[7.64568,47.59696],[7.64901,47.59623]]]}}]}